timestamp_ms,lat,lon,east_m,north_m
1735024800000,12.971602155956683,77.5946,0.0,0.24
1735024800020,12.971604311913364,77.5946,0.0,0.48
1735024800040,12.971606467870046,77.5946,0.0,0.72
1735024800060,12.971608623826729,77.5946,0.0,0.96
1735024800080,12.97161077978341,77.5946,0.0,1.2
1735024800100,12.971612935740092,77.5946,0.0,1.44
1735024800120,12.971615091696775,77.5946,0.0,1.68
1735024800140,12.971617247653455,77.5946,0.0,1.92
1735024800160,12.971619403610138,77.5946,0.0,2.16
1735024800180,12.971621559566819,77.5946,0.0,2.4000000000000004
1735024800200,12.971623715523501,77.5946,0.0,2.6400000000000006
1735024800220,12.971625871480184,77.5946,0.0,2.880000000000001
1735024800240,12.971628027436864,77.5946,0.0,3.120000000000001
1735024800260,12.971630183393547,77.5946,0.0,3.360000000000001
1735024800280,12.97163233935023,77.5946,0.0,3.6000000000000014
1735024800300,12.97163449530691,77.5946,0.0,3.8400000000000016
1735024800320,12.971636651263593,77.5946,0.0,4.080000000000002
1735024800340,12.971638807220275,77.5946,0.0,4.320000000000002
1735024800360,12.971640963176956,77.5946,0.0,4.560000000000002
1735024800380,12.971643119133638,77.5946,0.0,4.8000000000000025
1735024800400,12.97164527509032,77.5946,0.0,5.040000000000003
1735024800420,12.971647431047002,77.5946,0.0,5.280000000000003
1735024800440,12.971649587003684,77.5946,0.0,5.520000000000003
1735024800460,12.971651742960367,77.5946,0.0,5.760000000000003
1735024800480,12.971653898917047,77.5946,0.0,6.0000000000000036
1735024800500,12.97165605487373,77.5946,0.0,6.240000000000004
1735024800520,12.97165821083041,77.5946,0.0,6.480000000000004
1735024800540,12.971660366787093,77.5946,0.0,6.720000000000004
1735024800560,12.971662522743776,77.5946,0.0,6.960000000000004
1735024800580,12.971664678700456,77.5946,0.0,7.200000000000005
1735024800600,12.971666834657139,77.5946,0.0,7.440000000000005
1735024800620,12.971668990613821,77.5946,0.0,7.680000000000005
1735024800640,12.971671146570502,77.5946,0.0,7.920000000000005
1735024800660,12.971673302527185,77.5946,0.0,8.160000000000005
1735024800680,12.971675458483867,77.5946,0.0,8.400000000000006
1735024800700,12.971677614440548,77.5946,0.0,8.640000000000006
1735024800720,12.97167977039723,77.5946,0.0,8.880000000000006
1735024800740,12.971681926353913,77.5946,0.0,9.120000000000006
1735024800760,12.971684082310594,77.5946,0.0,9.360000000000007
1735024800780,12.971686238267276,77.5946,0.0,9.600000000000007
1735024800800,12.971688394223959,77.5946,0.0,9.840000000000007
1735024800820,12.97169055018064,77.5946,0.0,10.080000000000007
1735024800840,12.971692706137322,77.5946,0.0,10.320000000000007
1735024800860,12.971694862094003,77.5946,0.0,10.560000000000008
1735024800880,12.971697018050685,77.5946,0.0,10.800000000000008
1735024800900,12.971699174007368,77.5946,0.0,11.040000000000008
1735024800920,12.971701329964048,77.5946,0.0,11.280000000000008
1735024800940,12.971703485920731,77.5946,0.0,11.520000000000008
1735024800960,12.971705641877413,77.5946,0.0,11.760000000000009
1735024800980,12.971707797834094,77.5946,0.0,12.000000000000009
1735024801000,12.971709953790777,77.5946,0.0,12.240000000000009
1735024801020,12.97171210974746,77.5946,0.0,12.48000000000001
1735024801040,12.97171426570414,77.5946,0.0,12.72000000000001
1735024801060,12.971716421660823,77.5946,0.0,12.96000000000001
1735024801080,12.971718577617505,77.5946,0.0,13.20000000000001
1735024801100,12.971720733574186,77.5946,0.0,13.44000000000001
1735024801120,12.971722889530868,77.5946,0.0,13.68000000000001
1735024801140,12.97172504548755,77.5946,0.0,13.92000000000001
1735024801160,12.971727201444232,77.5946,0.0,14.16000000000001
1735024801180,12.971729357400914,77.5946,0.0,14.400000000000011
1735024801200,12.971731513357595,77.5946,0.0,14.640000000000011
1735024801220,12.971733669314277,77.5946,0.0,14.880000000000011
1735024801240,12.97173582527096,77.5946,0.0,15.120000000000012
1735024801260,12.97173798122764,77.5946,0.0,15.360000000000012
1735024801280,12.971740137184323,77.5946,0.0,15.600000000000012
1735024801300,12.971742293141006,77.5946,0.0,15.840000000000012
1735024801320,12.971744449097686,77.5946,0.0,16.080000000000013
1735024801340,12.971746605054369,77.5946,0.0,16.32000000000001
1735024801360,12.971748761011051,77.5946,0.0,16.56000000000001
1735024801380,12.971750916967732,77.5946,0.0,16.800000000000008
1735024801400,12.971753072924415,77.5946,0.0,17.040000000000006
1735024801420,12.971755228881097,77.5946,0.0,17.280000000000005
1735024801440,12.971757384837778,77.5946,0.0,17.520000000000003
1735024801460,12.97175954079446,77.5946,0.0,17.76
1735024801480,12.971761696751141,77.5946,0.0,18.0
1735024801500,12.971763852707824,77.5946,0.0,18.24
1735024801520,12.971766008664506,77.5946,0.0,18.479999999999997
1735024801540,12.971768164621187,77.5946,0.0,18.719999999999995
1735024801560,12.97177032057787,77.5946,0.0,18.959999999999994
1735024801580,12.971772476534552,77.5946,0.0,19.199999999999992
1735024801600,12.971774632491233,77.5946,0.0,19.43999999999999
1735024801620,12.971776788447915,77.5946,0.0,19.67999999999999
1735024801640,12.971778944404598,77.5946,0.0,19.919999999999987
1735024801660,12.971781100361278,77.5946,0.0,20.159999999999986
1735024801680,12.971783256317961,77.5946,0.0,20.399999999999984
1735024801700,12.971785412274643,77.5946,0.0,20.639999999999983
1735024801720,12.971787568231324,77.5946,0.0,20.87999999999998
1735024801740,12.971789724188007,77.5946,0.0,21.11999999999998
1735024801760,12.97179188014469,77.5946,0.0,21.359999999999978
1735024801780,12.97179403610137,77.5946,0.0,21.599999999999977
1735024801800,12.971796192058052,77.5946,0.0,21.839999999999975
1735024801820,12.971798348014733,77.5946,0.0,22.079999999999973
1735024801840,12.971800503971416,77.5946,0.0,22.319999999999972
1735024801860,12.971802659928098,77.5946,0.0,22.55999999999997
1735024801880,12.971804815884779,77.5946,0.0,22.79999999999997
1735024801900,12.971806971841461,77.5946,0.0,23.039999999999967
1735024801920,12.971809127798144,77.5946,0.0,23.279999999999966
1735024801940,12.971811283754825,77.5946,0.0,23.519999999999964
1735024801960,12.971813439711507,77.5946,0.0,23.759999999999962
1735024801980,12.97181559566819,77.5946,0.0,23.99999999999996
1735024802000,12.97181775162487,77.5946,0.0,24.23999999999996
1735024802020,12.971819907581553,77.5946,0.0,24.479999999999958
1735024802040,12.971822063538236,77.5946,0.0,24.719999999999956
1735024802060,12.971824219494916,77.5946,0.0,24.959999999999955
1735024802080,12.971826375451599,77.5946,0.0,25.199999999999953
1735024802100,12.971828531408281,77.5946,0.0,25.43999999999995
1735024802120,12.971830687364962,77.5946,0.0,25.67999999999995
1735024802140,12.971832843321645,77.5946,0.0,25.91999999999995
1735024802160,12.971834999278325,77.5946,0.0,26.159999999999947
1735024802180,12.971837155235008,77.5946,0.0,26.399999999999945
1735024802200,12.97183931119169,77.5946,0.0,26.639999999999944
1735024802220,12.971841467148371,77.5946,0.0,26.879999999999942
1735024802240,12.971843623105054,77.5946,0.0,27.11999999999994
1735024802260,12.971845779061736,77.5946,0.0,27.35999999999994
1735024802280,12.971847935018417,77.5946,0.0,27.599999999999937
1735024802300,12.9718500909751,77.5946,0.0,27.839999999999936
1735024802320,12.971852246931782,77.5946,0.0,28.079999999999934
1735024802340,12.971854402888463,77.5946,0.0,28.319999999999933
1735024802360,12.971856558845145,77.5946,0.0,28.55999999999993
1735024802380,12.971858714801828,77.5946,0.0,28.79999999999993
1735024802400,12.971860870758508,77.5946,0.0,29.039999999999928
1735024802420,12.97186302671519,77.5946,0.0,29.279999999999927
1735024802440,12.971865182671873,77.5946,0.0,29.519999999999925
1735024802460,12.971867338628554,77.5946,0.0,29.759999999999923
1735024802480,12.971869494585237,77.5946,0.0,29.999999999999922
1735024802500,12.971871650541917,77.5946,0.0,30.23999999999992
1735024802520,12.9718738064986,77.5946,0.0,30.47999999999992
1735024802540,12.971875962455282,77.5946,0.0,30.719999999999917
1735024802560,12.971878118411963,77.5946,0.0,30.959999999999916
1735024802580,12.971880274368646,77.5946,0.0,31.199999999999914
1735024802600,12.971882430325328,77.5946,0.0,31.439999999999912
1735024802620,12.971884586282009,77.5946,0.0,31.67999999999991
1735024802640,12.971886742238691,77.5946,0.0,31.91999999999991
1735024802660,12.971888898195374,77.5946,0.0,32.15999999999991
1735024802680,12.971891054152055,77.5946,0.0,32.39999999999991
1735024802700,12.971893210108737,77.5946,0.0,32.639999999999915
1735024802720,12.97189536606542,77.5946,0.0,32.87999999999992
1735024802740,12.9718975220221,77.5946,0.0,33.11999999999992
1735024802760,12.971899677978783,77.5946,0.0,33.35999999999992
1735024802780,12.971901833935465,77.5946,0.0,33.59999999999992
1735024802800,12.971903989892146,77.5946,0.0,33.839999999999925
1735024802820,12.971906145848829,77.5946,0.0,34.07999999999993
1735024802840,12.97190830180551,77.5946,0.0,34.31999999999993
1735024802860,12.971910457762192,77.5946,0.0,34.55999999999993
1735024802880,12.971912613718874,77.5946,0.0,34.79999999999993
1735024802900,12.971914769675555,77.5946,0.0,35.039999999999935
1735024802920,12.971916925632238,77.5946,0.0,35.27999999999994
1735024802940,12.97191908158892,77.5946,0.0,35.51999999999994
1735024802960,12.971921237545601,77.5946,0.0,35.75999999999994
1735024802980,12.971923393502284,77.5946,0.0,35.99999999999994
1735024803000,12.971925549458966,77.5946,0.0,36.239999999999945
1735024803020,12.971927705415647,77.5946,0.0,36.47999999999995
1735024803040,12.97192986137233,77.5946,0.0,36.71999999999995
1735024803060,12.971932017329012,77.5946,0.0,36.95999999999995
1735024803080,12.971934173285693,77.5946,0.0,37.19999999999995
1735024803100,12.971936329242375,77.5946,0.0,37.439999999999955
1735024803120,12.971938485199058,77.5946,0.0,37.67999999999996
1735024803140,12.971940641155738,77.5946,0.0,37.91999999999996
1735024803160,12.97194279711242,77.5946,0.0,38.15999999999996
1735024803180,12.971944953069102,77.5946,0.0,38.39999999999996
1735024803200,12.971947109025784,77.5946,0.0,38.639999999999965
1735024803220,12.971949264982467,77.5946,0.0,38.87999999999997
1735024803240,12.971951420939147,77.5946,0.0,39.11999999999997
1735024803260,12.97195357689583,77.5946,0.0,39.35999999999997
1735024803280,12.971955732852512,77.5946,0.0,39.59999999999997
1735024803300,12.971957888809193,77.5946,0.0,39.839999999999975
1735024803320,12.971960044765876,77.5946,0.0,40.07999999999998
1735024803340,12.971962200722558,77.5946,0.0,40.31999999999998
1735024803360,12.971964356679239,77.5946,0.0,40.55999999999998
1735024803380,12.971966512635921,77.5946,0.0,40.79999999999998
1735024803400,12.971968668592604,77.5946,0.0,41.039999999999985
1735024803420,12.971970824549285,77.5946,0.0,41.27999999999999
1735024803440,12.971972980505967,77.5946,0.0,41.51999999999999
1735024803460,12.97197513646265,77.5946,0.0,41.75999999999999
1735024803480,12.97197729241933,77.5946,0.0,41.99999999999999
1735024803500,12.971979448376013,77.5946,0.0,42.239999999999995
1735024803520,12.971981604332694,77.5946,0.0,42.48
1735024803540,12.971983760289376,77.5946,0.0,42.72
1735024803560,12.971985916246059,77.5946,0.0,42.96
1735024803580,12.97198807220274,77.5946,0.0,43.2
1735024803600,12.971990228159422,77.5946,0.0,43.440000000000005
1735024803620,12.971992384116104,77.5946,0.0,43.68000000000001
1735024803640,12.971994540072785,77.5946,0.0,43.92000000000001
1735024803660,12.971996696029468,77.5946,0.0,44.16000000000001
1735024803680,12.97199885198615,77.5946,0.0,44.40000000000001
1735024803700,12.972001007942831,77.5946,0.0,44.640000000000015
1735024803720,12.972003163899513,77.5946,0.0,44.88000000000002
1735024803740,12.972005319856196,77.5946,0.0,45.12000000000002
1735024803760,12.972007475812877,77.5946,0.0,45.36000000000002
1735024803780,12.97200963176956,77.5946,0.0,45.60000000000002
1735024803800,12.97201178772624,77.5946,0.0,45.840000000000025
1735024803820,12.972013943682922,77.5946,0.0,46.08000000000003
1735024803840,12.972016099639605,77.5946,0.0,46.32000000000003
1735024803860,12.972018255596286,77.5946,0.0,46.56000000000003
1735024803880,12.972020411552968,77.5946,0.0,46.80000000000003
1735024803900,12.97202256750965,77.5946,0.0,47.040000000000035
1735024803920,12.972024723466332,77.5946,0.0,47.28000000000004
1735024803940,12.972026879423014,77.5946,0.0,47.52000000000004
1735024803960,12.972029035379697,77.5946,0.0,47.76000000000004
1735024803980,12.972031191336377,77.5946,0.0,48.00000000000004
1735024804000,12.97203334729306,77.5946,0.0,48.240000000000045
1735024804020,12.972035503249742,77.5946,0.0,48.48000000000005
1735024804040,12.972037659206423,77.5946,0.0,48.72000000000005
1735024804060,12.972039815163106,77.5946,0.0,48.96000000000005
1735024804080,12.972041971119788,77.5946,0.0,49.20000000000005
1735024804100,12.972044127076469,77.5946,0.0,49.440000000000055
1735024804120,12.972046283033151,77.5946,0.0,49.68000000000006
1735024804140,12.972048438989832,77.5946,0.0,49.92000000000006
1735024804160,12.972050594946515,77.5946,0.0,50.16000000000006
1735024804180,12.972052750903197,77.5946,0.0,50.40000000000006
1735024804200,12.972054906859878,77.5946,0.0,50.640000000000065
1735024804220,12.97205706281656,77.5946,0.0,50.88000000000007
1735024804240,12.972059218773243,77.5946,0.0,51.12000000000007
1735024804260,12.972061374729924,77.5946,0.0,51.36000000000007
1735024804280,12.972063530686606,77.5946,0.0,51.60000000000007
1735024804300,12.972065686643289,77.5946,0.0,51.840000000000074
1735024804320,12.97206784259997,77.5946,0.0,52.08000000000008
1735024804340,12.972069998556652,77.5946,0.0,52.32000000000008
1735024804360,12.972072154513334,77.5946,0.0,52.56000000000008
1735024804380,12.972074310470015,77.5946,0.0,52.80000000000008
1735024804400,12.972076466426698,77.5946,0.0,53.040000000000084
1735024804420,12.97207862238338,77.5946,0.0,53.280000000000086
1735024804440,12.972080778340061,77.5946,0.0,53.52000000000009
1735024804460,12.972082934296743,77.5946,0.0,53.76000000000009
1735024804480,12.972085090253424,77.5946,0.0,54.00000000000009
1735024804500,12.972087246210107,77.5946,0.0,54.240000000000094
1735024804520,12.97208940216679,77.5946,0.0,54.480000000000096
1735024804540,12.97209155812347,77.5946,0.0,54.7200000000001
1735024804560,12.972093714080152,77.5946,0.0,54.9600000000001
1735024804580,12.972095870036835,77.5946,0.0,55.2000000000001
1735024804600,12.972098025993516,77.5946,0.0,55.440000000000104
1735024804620,12.972100181950198,77.5946,0.0,55.680000000000106
1735024804640,12.97210233790688,77.5946,0.0,55.92000000000011
1735024804660,12.972104493863561,77.5946,0.0,56.16000000000011
1735024804680,12.972106649820244,77.5946,0.0,56.40000000000011
1735024804700,12.972108805776926,77.5946,0.0,56.640000000000114
1735024804720,12.972110961733607,77.5946,0.0,56.880000000000116
1735024804740,12.97211311769029,77.5946,0.0,57.12000000000012
1735024804760,12.972115273646972,77.5946,0.0,57.36000000000012
1735024804780,12.972117429603653,77.5946,0.0,57.60000000000012
1735024804800,12.972119585560336,77.5946,0.0,57.840000000000124
1735024804820,12.972121741517016,77.5946,0.0,58.080000000000126
1735024804840,12.972123897473699,77.5946,0.0,58.32000000000013
1735024804860,12.972126053430381,77.5946,0.0,58.56000000000013
1735024804880,12.972128209387062,77.5946,0.0,58.80000000000013
1735024804900,12.972130365343745,77.5946,0.0,59.040000000000134
1735024804920,12.972132521300427,77.5946,0.0,59.280000000000136
1735024804940,12.972134677257108,77.5946,0.0,59.52000000000014
1735024804960,12.97213683321379,77.5946,0.0,59.76000000000014
1735024804980,12.972138989170473,77.5946,0.0,60.00000000000014
1735024805000,12.972141145127154,77.5946,0.0,60.240000000000144
1735024805020,12.972143301083836,77.5946,0.0,60.480000000000146
1735024805040,12.972145457040519,77.5946,0.0,60.72000000000015
1735024805060,12.9721476129972,77.5946,0.0,60.96000000000015
1735024805080,12.972149768953882,77.5946,0.0,61.20000000000015
1735024805100,12.972151924910564,77.5946,0.0,61.440000000000154
1735024805120,12.972154080867245,77.5946,0.0,61.680000000000156
1735024805140,12.972156236823928,77.5946,0.0,61.92000000000016
1735024805160,12.972158392780608,77.5946,0.0,62.16000000000016
1735024805180,12.97216054873729,77.5946,0.0,62.40000000000016
1735024805200,12.972162704693973,77.5946,0.0,62.640000000000164
1735024805220,12.972164860650654,77.5946,0.0,62.880000000000166
1735024805240,12.972167016607337,77.5946,0.0,63.12000000000017
1735024805260,12.97216917256402,77.5946,0.0,63.36000000000017
1735024805280,12.9721713285207,77.5946,0.0,63.60000000000017
1735024805300,12.972173484477382,77.5946,0.0,63.840000000000174
1735024805320,12.972175640434065,77.5946,0.0,64.08000000000017
1735024805340,12.972177796390746,77.5946,0.0,64.32000000000016
1735024805360,12.972179952347428,77.5946,0.0,64.56000000000016
1735024805380,12.97218210830411,77.5946,0.0,64.80000000000015
1735024805400,12.972184264260791,77.5946,0.0,65.04000000000015
1735024805420,12.972186420217474,77.5946,0.0,65.28000000000014
1735024805440,12.972188576174156,77.5946,0.0,65.52000000000014
1735024805460,12.972190732130837,77.5946,0.0,65.76000000000013
1735024805480,12.97219288808752,77.5946,0.0,66.00000000000013
1735024805500,12.9721950440442,77.5946,0.0,66.24000000000012
1735024805520,12.972197200000883,77.5946,0.0,66.48000000000012
1735024805540,12.972199355957565,77.5946,0.0,66.72000000000011
1735024805560,12.972201511914246,77.5946,0.0,66.96000000000011
1735024805580,12.972203667870929,77.5946,0.0,67.2000000000001
1735024805600,12.972205823827611,77.5946,0.0,67.4400000000001
1735024805620,12.972207979784292,77.5946,0.0,67.68000000000009
1735024805640,12.972210135740974,77.5946,0.0,67.92000000000009
1735024805660,12.972212291697657,77.5946,0.0,68.16000000000008
1735024805680,12.972214447654338,77.5946,0.0,68.40000000000008
1735024805700,12.97221660361102,77.5946,0.0,68.64000000000007
1735024805720,12.972218759567703,77.5946,0.0,68.88000000000007
1735024805740,12.972220915524383,77.5946,0.0,69.12000000000006
1735024805760,12.972223071481066,77.5946,0.0,69.36000000000006
1735024805780,12.972225227437749,77.5946,0.0,69.60000000000005
1735024805800,12.97222738339443,77.5946,0.0,69.84000000000005
1735024805820,12.972229539351112,77.5946,0.0,70.08000000000004
1735024805840,12.972231695307793,77.5946,0.0,70.32000000000004
1735024805860,12.972233851264475,77.5946,0.0,70.56000000000003
1735024805880,12.972236007221158,77.5946,0.0,70.80000000000003
1735024805900,12.972238163177838,77.5946,0.0,71.04000000000002
1735024805920,12.97224031913452,77.5946,0.0,71.28000000000002
1735024805940,12.972242475091203,77.5946,0.0,71.52000000000001
1735024805960,12.972244631047884,77.5946,0.0,71.76
1735024805980,12.972246787004567,77.5946,0.0,72.0
1735024806000,12.972248942961249,77.5946,0.0,72.24
1735024806020,12.97225109891793,77.5946,0.0,72.47999999999999
1735024806040,12.972253254874612,77.5946,0.0,72.71999999999998
1735024806060,12.972255410831295,77.5946,0.0,72.95999999999998
1735024806080,12.972257566787976,77.5946,0.0,73.19999999999997
1735024806100,12.972259722744658,77.5946,0.0,73.43999999999997
1735024806120,12.972261878701339,77.5946,0.0,73.67999999999996
1735024806140,12.972264034658021,77.5946,0.0,73.91999999999996
1735024806160,12.972266190614704,77.5946,0.0,74.15999999999995
1735024806180,12.972268346571385,77.5946,0.0,74.39999999999995
1735024806200,12.972270502528067,77.5946,0.0,74.63999999999994
1735024806220,12.97227265848475,77.5946,0.0,74.87999999999994
1735024806240,12.97227481444143,77.5946,0.0,75.11999999999993
1735024806260,12.972276970398113,77.5946,0.0,75.35999999999993
1735024806280,12.972279126354795,77.5946,0.0,75.59999999999992
1735024806300,12.972281282311476,77.5946,0.0,75.83999999999992
1735024806320,12.972283438268159,77.5946,0.0,76.07999999999991
1735024806340,12.972285594224841,77.5946,0.0,76.31999999999991
1735024806360,12.972287750181522,77.5946,0.0,76.5599999999999
1735024806380,12.972289906138204,77.5946,0.0,76.7999999999999
1735024806400,12.972292062094887,77.5946,0.0,77.03999999999989
1735024806420,12.972294218051568,77.5946,0.0,77.27999999999989
1735024806440,12.97229637400825,77.5946,0.0,77.51999999999988
1735024806460,12.972298529964931,77.5946,0.0,77.75999999999988
1735024806480,12.972300685921613,77.5946,0.0,77.99999999999987
1735024806500,12.972302841878296,77.5946,0.0,78.23999999999987
1735024806520,12.972304997834977,77.5946,0.0,78.47999999999986
1735024806540,12.97230715379166,77.5946,0.0,78.71999999999986
1735024806560,12.972309309748342,77.5946,0.0,78.95999999999985
1735024806580,12.972311465705022,77.5946,0.0,79.19999999999985
1735024806600,12.972313621661705,77.5946,0.0,79.43999999999984
1735024806620,12.972315777618388,77.5946,0.0,79.67999999999984
1735024806640,12.972317933575068,77.5946,0.0,79.91999999999983
1735024806660,12.97232008953175,77.5946,0.0,80.15999999999983
1735024806680,12.972322245488433,77.5946,0.0,80.39999999999982
1735024806700,12.972324401445114,77.5946,0.0,80.63999999999982
1735024806720,12.972326557401797,77.5946,0.0,80.87999999999981
1735024806740,12.972328713358479,77.5946,0.0,81.1199999999998
1735024806760,12.97233086931516,77.5946,0.0,81.3599999999998
1735024806780,12.972333025271842,77.5946,0.0,81.5999999999998
1735024806800,12.972335181228523,77.5946,0.0,81.83999999999979
1735024806820,12.972337337185206,77.5946,0.0,82.07999999999979
1735024806840,12.972339493141888,77.5946,0.0,82.31999999999978
1735024806860,12.972341649098569,77.5946,0.0,82.55999999999977
1735024806880,12.972343805055251,77.5946,0.0,82.79999999999977
1735024806900,12.972345961011934,77.5946,0.0,83.03999999999976
1735024806920,12.972348116968615,77.5946,0.0,83.27999999999976
1735024806940,12.972350272925297,77.5946,0.0,83.51999999999975
1735024806960,12.97235242888198,77.5946,0.0,83.75999999999975
1735024806980,12.97235458483866,77.5946,0.0,83.99999999999974
1735024807000,12.972356740795343,77.5946,0.0,84.23999999999974
1735024807020,12.972358896752025,77.5946,0.0,84.47999999999973
1735024807040,12.972361052708706,77.5946,0.0,84.71999999999973
1735024807060,12.972363208665389,77.5946,0.0,84.95999999999972
1735024807080,12.972365364622071,77.5946,0.0,85.19999999999972
1735024807100,12.972367520578752,77.5946,0.0,85.43999999999971
1735024807120,12.972369676535434,77.5946,0.0,85.67999999999971
1735024807140,12.972371832492115,77.5946,0.0,85.9199999999997
1735024807160,12.972373988448798,77.5946,0.0,86.1599999999997
1735024807180,12.97237614440548,77.5946,0.0,86.3999999999997
1735024807200,12.97237830036216,77.5946,0.0,86.63999999999969
1735024807220,12.972380456318843,77.5946,0.0,86.87999999999968
1735024807240,12.972382612275526,77.5946,0.0,87.11999999999968
1735024807260,12.972384768232207,77.5946,0.0,87.35999999999967
1735024807280,12.97238692418889,77.5946,0.0,87.59999999999967
1735024807300,12.972389080145572,77.5946,0.0,87.83999999999966
1735024807320,12.972391236102252,77.5946,0.0,88.07999999999966
1735024807340,12.972393392058935,77.5946,0.0,88.31999999999965
1735024807360,12.972395548015617,77.5946,0.0,88.55999999999965
1735024807380,12.972397703972298,77.5946,0.0,88.79999999999964
1735024807400,12.97239985992898,77.5946,0.0,89.03999999999964
1735024807420,12.972402015885663,77.5946,0.0,89.27999999999963
1735024807440,12.972404171842344,77.5946,0.0,89.51999999999963
1735024807460,12.972406327799026,77.5946,0.0,89.75999999999962
1735024807480,12.972408483755707,77.5946,0.0,89.99999999999962
1735024807500,12.97241063971239,77.5946,0.0,90.23999999999961
1735024807520,12.972412795669072,77.5946,0.0,90.4799999999996
1735024807540,12.972414951625753,77.5946,0.0,90.7199999999996
1735024807560,12.972417107582435,77.5946,0.0,90.9599999999996
1735024807580,12.972419263539118,77.5946,0.0,91.19999999999959
1735024807600,12.972421419495799,77.5946,0.0,91.43999999999959
1735024807620,12.972423575452481,77.5946,0.0,91.67999999999958
1735024807640,12.972425731409164,77.5946,0.0,91.91999999999958
1735024807660,12.972427887365845,77.5946,0.0,92.15999999999957
1735024807680,12.972430043322527,77.5946,0.0,92.39999999999957
1735024807700,12.97243219927921,77.5946,0.0,92.63999999999956
1735024807720,12.97243435523589,77.5946,0.0,92.87999999999955
1735024807740,12.972436511192573,77.5946,0.0,93.11999999999955
1735024807760,12.972438667149255,77.5946,0.0,93.35999999999954
1735024807780,12.972440823105936,77.5946,0.0,93.59999999999954
1735024807800,12.972442979062619,77.5946,0.0,93.83999999999953
1735024807820,12.9724451350193,77.5946,0.0,94.07999999999953
1735024807840,12.972447290975982,77.5946,0.0,94.31999999999952
1735024807860,12.972449446932664,77.5946,0.0,94.55999999999952
1735024807880,12.972451602889345,77.5946,0.0,94.79999999999951
1735024807900,12.972453758846028,77.5946,0.0,95.03999999999951
1735024807920,12.97245591480271,77.5946,0.0,95.2799999999995
1735024807940,12.97245807075939,77.5946,0.0,95.5199999999995
1735024807960,12.972460226716073,77.5946,0.0,95.7599999999995
1735024807980,12.972462382672756,77.5946,0.0,95.99999999999949
1735024808000,12.972464538629437,77.5946,0.0,96.23999999999948
1735024808020,12.97246669458612,77.5946,0.0,96.47999999999948
1735024808040,12.972468850542802,77.5946,0.0,96.71999999999947
1735024808060,12.972471006499482,77.5946,0.0,96.95999999999947
1735024808080,12.972473162456165,77.5946,0.0,97.19999999999946
1735024808100,12.972475318412847,77.5946,0.0,97.43999999999946
1735024808120,12.972477474369528,77.5946,0.0,97.67999999999945
1735024808140,12.97247963032621,77.5946,0.0,97.91999999999945
1735024808160,12.972481786282891,77.5946,0.0,98.15999999999944
1735024808180,12.972483942239574,77.5946,0.0,98.39999999999944
1735024808200,12.972486098196256,77.5946,0.0,98.63999999999943
1735024808220,12.972488254152937,77.5946,0.0,98.87999999999943
1735024808240,12.97249041010962,77.5946,0.0,99.11999999999942
1735024808260,12.972492566066302,77.5946,0.0,99.35999999999942
1735024808280,12.972494722022983,77.5946,0.0,99.59999999999941
1735024808300,12.972496877979665,77.5946,0.0,99.8399999999994
1735024808320,12.972499033936348,77.5946,0.0,100.0799999999994
1735024808340,12.972501189893029,77.5946,0.0,100.3199999999994
1735024808360,12.972503345849711,77.5946,0.0,100.55999999999939
1735024808380,12.972505501806394,77.5946,0.0,100.79999999999939
1735024808400,12.972507657763074,77.5946,0.0,101.03999999999938
1735024808420,12.972509813719757,77.5946,0.0,101.27999999999938
1735024808440,12.972511969676438,77.5946,0.0,101.51999999999937
1735024808460,12.97251412563312,77.5946,0.0,101.75999999999937
1735024808480,12.972516281589803,77.5946,0.0,101.99999999999936
1735024808500,12.972518437546483,77.5946,0.0,102.23999999999936
1735024808520,12.972520593503166,77.5946,0.0,102.47999999999935
1735024808540,12.972522749459849,77.5946,0.0,102.71999999999935
1735024808560,12.97252490541653,77.5946,0.0,102.95999999999934
1735024808580,12.972527061373212,77.5946,0.0,103.19999999999933
1735024808600,12.972529217329894,77.5946,0.0,103.43999999999933
1735024808620,12.972531373286575,77.5946,0.0,103.67999999999932
1735024808640,12.972533529243258,77.5946,0.0,103.91999999999932
1735024808660,12.97253568519994,77.5946,0.0,104.15999999999931
1735024808680,12.97253784115662,77.5946,0.0,104.39999999999931
1735024808700,12.972539997113303,77.5946,0.0,104.6399999999993
1735024808720,12.972542153069986,77.5946,0.0,104.8799999999993
1735024808740,12.972544309026667,77.5946,0.0,105.1199999999993
1735024808760,12.972546464983349,77.5946,0.0,105.35999999999929
1735024808780,12.97254862094003,77.5946,0.0,105.59999999999928
1735024808800,12.972550776896712,77.5946,0.0,105.83999999999928
1735024808820,12.972552932853395,77.5946,0.0,106.07999999999927
1735024808840,12.972555088810076,77.5946,0.0,106.31999999999927
1735024808860,12.972557244766758,77.5946,0.0,106.55999999999926
1735024808880,12.97255940072344,77.5946,0.0,106.79999999999926
1735024808900,12.972561556680121,77.5946,0.0,107.03999999999925
1735024808920,12.972563712636804,77.5946,0.0,107.27999999999925
1735024808940,12.972565868593486,77.5946,0.0,107.51999999999924
1735024808960,12.972568024550167,77.5946,0.0,107.75999999999924
1735024808980,12.97257018050685,77.5946,0.0,107.99999999999923
1735024809000,12.972572336463532,77.5946,0.0,108.23999999999923
1735024809020,12.972574492420213,77.5946,0.0,108.47999999999922
1735024809040,12.972576648376895,77.5946,0.0,108.71999999999922
1735024809060,12.972578804333578,77.5946,0.0,108.95999999999921
1735024809080,12.972580960290259,77.5946,0.0,109.1999999999992
1735024809100,12.972583116246941,77.5946,0.0,109.4399999999992
1735024809120,12.972585272203622,77.5946,0.0,109.6799999999992
1735024809140,12.972587428160304,77.5946,0.0,109.91999999999919
1735024809160,12.972589584116987,77.5946,0.0,110.15999999999919
1735024809180,12.972591740073668,77.5946,0.0,110.39999999999918
1735024809200,12.97259389603035,77.5946,0.0,110.63999999999918
1735024809220,12.972596051987033,77.5946,0.0,110.87999999999917
1735024809240,12.972598207943713,77.5946,0.0,111.11999999999917
1735024809260,12.972600363900396,77.5946,0.0,111.35999999999916
1735024809280,12.972602519857078,77.5946,0.0,111.59999999999916
1735024809300,12.97260467581376,77.5946,0.0,111.83999999999915
1735024809320,12.972606831770442,77.5946,0.0,112.07999999999915
1735024809340,12.972608987727124,77.5946,0.0,112.31999999999914
1735024809360,12.972611143683805,77.5946,0.0,112.55999999999914
1735024809380,12.972613299640487,77.5946,0.0,112.79999999999913
1735024809400,12.97261545559717,77.5946,0.0,113.03999999999913
1735024809420,12.97261761155385,77.5946,0.0,113.27999999999912
1735024809440,12.972619767510533,77.5946,0.0,113.51999999999911
1735024809460,12.972621923467214,77.5946,0.0,113.75999999999911
1735024809480,12.972624079423897,77.5946,0.0,113.9999999999991
1735024809500,12.972626235380579,77.5946,0.0,114.2399999999991
1735024809520,12.97262839133726,77.5946,0.0,114.4799999999991
1735024809540,12.972630547293942,77.5946,0.0,114.71999999999909
1735024809560,12.972632703250625,77.5946,0.0,114.95999999999908
1735024809580,12.972634859207306,77.5946,0.0,115.19999999999908
1735024809600,12.972637015163988,77.5946,0.0,115.43999999999907
1735024809620,12.97263917112067,77.5946,0.0,115.67999999999907
1735024809640,12.972641327077351,77.5946,0.0,115.91999999999906
1735024809660,12.972643483034034,77.5946,0.0,116.15999999999906
1735024809680,12.972645638990716,77.5946,0.0,116.39999999999905
1735024809700,12.972647794947397,77.5946,0.0,116.63999999999905
1735024809720,12.97264995090408,77.5946,0.0,116.87999999999904
1735024809740,12.972652106860762,77.5946,0.0,117.11999999999904
1735024809760,12.972654262817443,77.5946,0.0,117.35999999999903
1735024809780,12.972656418774125,77.5946,0.0,117.59999999999903
1735024809800,12.972658574730806,77.5946,0.0,117.83999999999902
1735024809820,12.972660730687489,77.5946,0.0,118.07999999999902
1735024809840,12.972662886644171,77.5946,0.0,118.31999999999901
1735024809860,12.972665042600852,77.5946,0.0,118.55999999999901
1735024809880,12.972667198557534,77.5946,0.0,118.799999999999
1735024809900,12.972669354514217,77.5946,0.0,119.039999999999
1735024809920,12.972671510470898,77.5946,0.0,119.27999999999899
1735024809940,12.97267366642758,77.5946,0.0,119.51999999999899
1735024809960,12.972675822384263,77.5946,0.0,119.75999999999898
1735024809980,12.972677978340943,77.5946,0.0,119.99999999999898
1735024810000,12.972680134297626,77.5946,0.0,120.23999999999897
1735024810020,12.972682290254308,77.5946,0.0,120.47999999999897
1735024810040,12.97268444621099,77.5946,0.0,120.71999999999896
1735024810060,12.972686602167672,77.5946,0.0,120.95999999999896
1735024810080,12.972688758124354,77.5946,0.0,121.19999999999895
1735024810100,12.972690914081035,77.5946,0.0,121.43999999999895
1735024810120,12.972693070037717,77.5946,0.0,121.67999999999894
1735024810140,12.972695225994398,77.5946,0.0,121.91999999999894
1735024810160,12.97269738195108,77.5946,0.0,122.15999999999893
1735024810180,12.972699537907763,77.5946,0.0,122.39999999999893
1735024810200,12.972701693864444,77.5946,0.0,122.63999999999892
1735024810220,12.972703849821126,77.5946,0.0,122.87999999999892
1735024810240,12.972706005777809,77.5946,0.0,123.11999999999891
1735024810260,12.97270816173449,77.5946,0.0,123.3599999999989
1735024810280,12.972710317691172,77.5946,0.0,123.5999999999989
1735024810300,12.972712473647855,77.5946,0.0,123.8399999999989
1735024810320,12.972714629604535,77.5946,0.0,124.07999999999889
1735024810340,12.972716785561218,77.5946,0.0,124.31999999999888
1735024810360,12.9727189415179,77.5946,0.0,124.55999999999888
1735024810380,12.972721097474581,77.5946,0.0,124.79999999999887
1735024810400,12.972723253431264,77.5946,0.0,125.03999999999887
1735024810420,12.972725409387946,77.5946,0.0,125.27999999999886
1735024810440,12.972727565344627,77.5946,0.0,125.51999999999886
1735024810460,12.97272972130131,77.5946,0.0,125.75999999999885
1735024810480,12.97273187725799,77.5946,0.0,125.99999999999885
1735024810500,12.972734033214673,77.5946,0.0,126.23999999999884
1735024810520,12.972736189171355,77.5946,0.0,126.47999999999884
1735024810540,12.972738345128036,77.5946,0.0,126.71999999999883
1735024810560,12.972740501084719,77.5946,0.0,126.95999999999883
1735024810580,12.972742657041401,77.5946,0.0,127.19999999999882
1735024810600,12.972744812998082,77.5946,0.0,127.43999999999882
1735024810620,12.972746968954764,77.5946,0.0,127.67999999999881
1735024810640,12.972749124911447,77.5946,0.0,127.91999999999881
1735024810660,12.972751280868128,77.5946,0.0,128.1599999999988
1735024810680,12.97275343682481,77.5946,0.0,128.3999999999988
1735024810700,12.972755592781493,77.5946,0.0,128.63999999999882
1735024810720,12.972757748738173,77.5946,0.0,128.87999999999883
1735024810740,12.972759904694856,77.5946,0.0,129.11999999999884
1735024810760,12.972762060651537,77.5946,0.0,129.35999999999885
1735024810780,12.972764216608219,77.5946,0.0,129.59999999999886
1735024810800,12.972766372564902,77.5946,0.0,129.83999999999887
1735024810820,12.972768528521582,77.5946,0.0,130.07999999999888
1735024810840,12.972770684478265,77.5946,0.0,130.31999999999888
1735024810860,12.972772840434947,77.5946,0.0,130.5599999999989
1735024810880,12.972774996391628,77.5946,0.0,130.7999999999989
1735024810900,12.97277715234831,77.5946,0.0,131.0399999999989
1735024810920,12.972779308304993,77.5946,0.0,131.27999999999892
1735024810940,12.972781464261674,77.5946,0.0,131.51999999999893
1735024810960,12.972783620218356,77.5946,0.0,131.75999999999894
1735024810980,12.972785776175039,77.5946,0.0,131.99999999999895
1735024811000,12.97278793213172,77.5946,0.0,132.23999999999896
1735024811020,12.972790088088402,77.5946,0.0,132.47999999999897
1735024811040,12.972792244045085,77.5946,0.0,132.71999999999898
1735024811060,12.972794400001765,77.5946,0.0,132.95999999999898
1735024811080,12.972796555958448,77.5946,0.0,133.199999999999
1735024811100,12.972798711915129,77.5946,0.0,133.439999999999
1735024811120,12.972800867871811,77.5946,0.0,133.679999999999
1735024811140,12.972803023828494,77.5946,0.0,133.91999999999902
1735024811160,12.972805179785174,77.5946,0.0,134.15999999999903
1735024811180,12.972807335741857,77.5946,0.0,134.39999999999904
1735024811200,12.97280949169854,77.5946,0.0,134.63999999999905
1735024811220,12.97281164765522,77.5946,0.0,134.87999999999906
1735024811240,12.972813803611903,77.5946,0.0,135.11999999999907
1735024811260,12.972815959568585,77.5946,0.0,135.35999999999908
1735024811280,12.972818115525266,77.5946,0.0,135.59999999999908
1735024811300,12.972820271481948,77.5946,0.0,135.8399999999991
1735024811320,12.972822427438631,77.5946,0.0,136.0799999999991
1735024811340,12.972824583395312,77.5946,0.0,136.3199999999991
1735024811360,12.972826739351994,77.5946,0.0,136.55999999999912
1735024811380,12.972828895308677,77.5946,0.0,136.79999999999913
1735024811400,12.972831051265358,77.5946,0.0,137.03999999999914
1735024811420,12.97283320722204,77.5946,0.0,137.27999999999915
1735024811440,12.97283536317872,77.5946,0.0,137.51999999999916
1735024811460,12.972837519135403,77.5946,0.0,137.75999999999917
1735024811480,12.972839675092086,77.5946,0.0,137.99999999999918
1735024811500,12.972841831048767,77.5946,0.0,138.23999999999918
1735024811520,12.972843987005449,77.5946,0.0,138.4799999999992
1735024811540,12.972846142962132,77.5946,0.0,138.7199999999992
1735024811560,12.972848298918812,77.5946,0.0,138.9599999999992
1735024811580,12.972850454875495,77.5946,0.0,139.19999999999922
1735024811600,12.972852610832177,77.5946,0.0,139.43999999999923
1735024811620,12.972854766788858,77.5946,0.0,139.67999999999924
1735024811640,12.97285692274554,77.5946,0.0,139.91999999999925
1735024811660,12.972859078702223,77.5946,0.0,140.15999999999926
1735024811680,12.972861234658904,77.5946,0.0,140.39999999999927
1735024811700,12.972863390615586,77.5946,0.0,140.63999999999928
1735024811720,12.972865546572269,77.5946,0.0,140.87999999999928
1735024811740,12.97286770252895,77.5946,0.0,141.1199999999993
1735024811760,12.972869858485632,77.5946,0.0,141.3599999999993
1735024811780,12.972872014442313,77.5946,0.0,141.5999999999993
1735024811800,12.972874170398995,77.5946,0.0,141.83999999999932
1735024811820,12.972876326355678,77.5946,0.0,142.07999999999933
1735024811840,12.972878482312359,77.5946,0.0,142.31999999999934
1735024811860,12.972880638269041,77.5946,0.0,142.55999999999935
1735024811880,12.972882794225724,77.5946,0.0,142.79999999999936
1735024811900,12.972884950182404,77.5946,0.0,143.03999999999937
1735024811920,12.972887106139087,77.5946,0.0,143.27999999999938
1735024811940,12.97288926209577,77.5946,0.0,143.51999999999938
1735024811960,12.97289141805245,77.5946,0.0,143.7599999999994
1735024811980,12.972893574009133,77.5946,0.0,143.9999999999994
1735024812000,12.972895729965815,77.5946,0.0,144.2399999999994
1735024812020,12.972897885922496,77.5946,0.0,144.47999999999942
1735024812040,12.972900041879178,77.5946,0.0,144.71999999999943
1735024812060,12.972902197835861,77.5946,0.0,144.95999999999944
1735024812080,12.972904353792542,77.5946,0.0,145.19999999999945
1735024812100,12.972906509749224,77.5946,0.0,145.43999999999946
1735024812120,12.972908665705905,77.5946,0.0,145.67999999999947
1735024812140,12.972910821662587,77.5946,0.0,145.91999999999948
1735024812160,12.97291297761927,77.5946,0.0,146.15999999999948
1735024812180,12.97291513357595,77.5946,0.0,146.3999999999995
1735024812200,12.972917289532633,77.5946,0.0,146.6399999999995
1735024812220,12.972919445489316,77.5946,0.0,146.8799999999995
1735024812240,12.972921601445996,77.5946,0.0,147.11999999999952
1735024812260,12.972923757402679,77.5946,0.0,147.35999999999953
1735024812280,12.972925913359362,77.5946,0.0,147.59999999999954
1735024812300,12.972928069316042,77.5946,0.0,147.83999999999955
1735024812320,12.972930225272725,77.5946,0.0,148.07999999999956
1735024812340,12.972932381229407,77.5946,0.0,148.31999999999957
1735024812360,12.972934537186088,77.5946,0.0,148.55999999999958
1735024812380,12.97293669314277,77.5946,0.0,148.79999999999959
1735024812400,12.972938849099453,77.5946,0.0,149.0399999999996
1735024812420,12.972941005056134,77.5946,0.0,149.2799999999996
1735024812440,12.972943161012816,77.5946,0.0,149.5199999999996
1735024812460,12.972945316969497,77.5946,0.0,149.75999999999962
1735024812480,12.97294747292618,77.5946,0.0,149.99999999999963
1735024812500,12.972949628882862,77.5946,0.0,150.23999999999964
1735024812520,12.972951784839543,77.5946,0.0,150.47999999999965
1735024812540,12.972953940796225,77.5946,0.0,150.71999999999966
1735024812560,12.972956096752908,77.5946,0.0,150.95999999999967
1735024812580,12.972958252709589,77.5946,0.0,151.19999999999968
1735024812600,12.972960408666271,77.5946,0.0,151.43999999999969
1735024812620,12.972962564622954,77.5946,0.0,151.6799999999997
1735024812640,12.972964720579634,77.5946,0.0,151.9199999999997
1735024812660,12.972966876536317,77.5946,0.0,152.1599999999997
1735024812680,12.972969032493,77.5946,0.0,152.39999999999972
1735024812700,12.97297118844968,77.5946,0.0,152.63999999999973
1735024812720,12.972973344406363,77.5946,0.0,152.87999999999974
1735024812740,12.972975500363045,77.5946,0.0,153.11999999999975
1735024812760,12.972977656319726,77.5946,0.0,153.35999999999976
1735024812780,12.972979812276408,77.5946,0.0,153.59999999999977
1735024812800,12.97298196823309,77.5946,0.0,153.83999999999978
1735024812820,12.972984124189772,77.5946,0.0,154.07999999999979
1735024812840,12.972986280146454,77.5946,0.0,154.3199999999998
1735024812860,12.972988436103135,77.5946,0.0,154.5599999999998
1735024812880,12.972990592059817,77.5946,0.0,154.7999999999998
1735024812900,12.9729927480165,77.5946,0.0,155.03999999999982
1735024812920,12.97299490397318,77.5946,0.0,155.27999999999983
1735024812940,12.972997059929863,77.5946,0.0,155.51999999999984
1735024812960,12.972999215886546,77.5946,0.0,155.75999999999985
1735024812980,12.973001371843226,77.5946,0.0,155.99999999999986
1735024813000,12.973003527799909,77.5946,0.0,156.23999999999987
1735024813020,12.973005683756591,77.5946,0.0,156.47999999999988
1735024813040,12.973007839713272,77.5946,0.0,156.71999999999989
1735024813060,12.973009995669955,77.5946,0.0,156.9599999999999
1735024813080,12.973012151626637,77.5946,0.0,157.1999999999999
1735024813100,12.973014307583318,77.5946,0.0,157.4399999999999
1735024813120,12.97301646354,77.5946,0.0,157.67999999999992
1735024813140,12.973018619496681,77.5946,0.0,157.91999999999993
1735024813160,12.973020775453364,77.5946,0.0,158.15999999999994
1735024813180,12.973022931410046,77.5946,0.0,158.39999999999995
1735024813200,12.973025087366727,77.5946,0.0,158.63999999999996
1735024813220,12.97302724332341,77.5946,0.0,158.87999999999997
1735024813240,12.973029399280092,77.5946,0.0,159.11999999999998
1735024813260,12.973031555236773,77.5946,0.0,159.35999999999999
1735024813280,12.973033711193455,77.5946,0.0,159.6
1735024813300,12.973035867150138,77.5946,0.0,159.84
1735024813320,12.973038023106819,77.5946,0.0,160.08
1735024813340,12.973040179063501,77.5946,0.0,160.32000000000002
1735024813360,12.973042335020184,77.5946,0.0,160.56000000000003
1735024813380,12.973044490976864,77.5946,0.0,160.80000000000004
1735024813400,12.973046646933547,77.5946,0.0,161.04000000000005
1735024813420,12.973048802890228,77.5946,0.0,161.28000000000006
1735024813440,12.97305095884691,77.5946,0.0,161.52000000000007
1735024813460,12.973053114803593,77.5946,0.0,161.76000000000008
1735024813480,12.973055270760273,77.5946,0.0,162.00000000000009
1735024813500,12.973057426716956,77.5946,0.0,162.2400000000001
1735024813520,12.973059582673638,77.5946,0.0,162.4800000000001
1735024813540,12.973061738630319,77.5946,0.0,162.7200000000001
1735024813560,12.973063894587002,77.5946,0.0,162.96000000000012
1735024813580,12.973066050543684,77.5946,0.0,163.20000000000013
1735024813600,12.973068206500365,77.5946,0.0,163.44000000000014
1735024813620,12.973070362457047,77.5946,0.0,163.68000000000015
1735024813640,12.97307251841373,77.5946,0.0,163.92000000000016
1735024813660,12.97307467437041,77.5946,0.0,164.16000000000017
1735024813680,12.973076830327093,77.5946,0.0,164.40000000000018
1735024813700,12.973078986283776,77.5946,0.0,164.64000000000019
1735024813720,12.973081142240456,77.5946,0.0,164.8800000000002
1735024813740,12.973083298197139,77.5946,0.0,165.1200000000002
1735024813760,12.97308545415382,77.5946,0.0,165.3600000000002
1735024813780,12.973087610110502,77.5946,0.0,165.60000000000022
1735024813800,12.973089766067185,77.5946,0.0,165.84000000000023
1735024813820,12.973091922023865,77.5946,0.0,166.08000000000024
1735024813840,12.973094077980548,77.5946,0.0,166.32000000000025
1735024813860,12.97309623393723,77.5946,0.0,166.56000000000026
1735024813880,12.973098389893911,77.5946,0.0,166.80000000000027
1735024813900,12.973100545850594,77.5946,0.0,167.04000000000028
1735024813920,12.973102701807276,77.5946,0.0,167.28000000000029
1735024813940,12.973104857763957,77.5946,0.0,167.5200000000003
1735024813960,12.97310701372064,77.5946,0.0,167.7600000000003
1735024813980,12.973109169677322,77.5946,0.0,168.0000000000003
1735024814000,12.973111325634003,77.5946,0.0,168.24000000000032
1735024814020,12.973113481590685,77.5946,0.0,168.48000000000033
1735024814040,12.973115637547368,77.5946,0.0,168.72000000000034
1735024814060,12.973117793504048,77.5946,0.0,168.96000000000035
1735024814080,12.973119949460731,77.5946,0.0,169.20000000000036
1735024814100,12.973122105417412,77.5946,0.0,169.44000000000037
1735024814120,12.973124261374094,77.5946,0.0,169.68000000000038
1735024814140,12.973126417330777,77.5946,0.0,169.92000000000039
1735024814160,12.973128573287457,77.5946,0.0,170.1600000000004
1735024814180,12.97313072924414,77.5946,0.0,170.4000000000004
1735024814200,12.973132885200823,77.5946,0.0,170.6400000000004
1735024814220,12.973135041157503,77.5946,0.0,170.88000000000042
1735024814240,12.973137197114186,77.5946,0.0,171.12000000000043
1735024814260,12.973139353070868,77.5946,0.0,171.36000000000044
1735024814280,12.973141509027549,77.5946,0.0,171.60000000000045
1735024814300,12.973143664984232,77.5946,0.0,171.84000000000046
1735024814320,12.973145820940914,77.5946,0.0,172.08000000000047
1735024814340,12.973147976897595,77.5946,0.0,172.32000000000048
1735024814360,12.973150132854277,77.5946,0.0,172.56000000000049
1735024814380,12.97315228881096,77.5946,0.0,172.8000000000005
1735024814400,12.97315444476764,77.5946,0.0,173.0400000000005
1735024814420,12.973156600724323,77.5946,0.0,173.2800000000005
1735024814440,12.973158756681004,77.5946,0.0,173.52000000000052
1735024814460,12.973160912637686,77.5946,0.0,173.76000000000053
1735024814480,12.973163068594369,77.5946,0.0,174.00000000000054
1735024814500,12.97316522455105,77.5946,0.0,174.24000000000055
1735024814520,12.973167380507732,77.5946,0.0,174.48000000000056
1735024814540,12.973169536464415,77.5946,0.0,174.72000000000057
1735024814560,12.973171692421095,77.5946,0.0,174.96000000000058
1735024814580,12.973173848377778,77.5946,0.0,175.20000000000059
1735024814600,12.97317600433446,77.5946,0.0,175.4400000000006
1735024814620,12.973178160291141,77.5946,0.0,175.6800000000006
1735024814640,12.973180316247824,77.5946,0.0,175.9200000000006
1735024814660,12.973182472204506,77.5946,0.0,176.16000000000062
1735024814680,12.973184628161187,77.5946,0.0,176.40000000000063
1735024814700,12.97318678411787,77.5946,0.0,176.64000000000064
1735024814720,12.973188940074552,77.5946,0.0,176.88000000000065
1735024814740,12.973191096031233,77.5946,0.0,177.12000000000066
1735024814760,12.973193251987915,77.5946,0.0,177.36000000000067
1735024814780,12.973195407944596,77.5946,0.0,177.60000000000068
1735024814800,12.973197563901278,77.5946,0.0,177.84000000000069
1735024814820,12.973199719857961,77.5946,0.0,178.0800000000007
1735024814840,12.973201875814642,77.5946,0.0,178.3200000000007
1735024814860,12.973204031771324,77.5946,0.0,178.5600000000007
1735024814880,12.973206187728007,77.5946,0.0,178.80000000000072
1735024814900,12.973208343684687,77.5946,0.0,179.04000000000073
1735024814920,12.97321049964137,77.5946,0.0,179.28000000000074
1735024814940,12.973212655598052,77.5946,0.0,179.52000000000075
1735024814960,12.973214811554733,77.5946,0.0,179.76000000000076
1735024814980,12.973216967511416,77.5946,0.0,180.00000000000077
1735024815000,12.973219123468098,77.5946,0.0,180.24000000000078
1735024815020,12.973221279424779,77.5946,0.0,180.48000000000079
1735024815040,12.973223435381461,77.5946,0.0,180.7200000000008
1735024815060,12.973225591338144,77.5946,0.0,180.9600000000008
1735024815080,12.973227747294825,77.5946,0.0,181.2000000000008
1735024815100,12.973229903251507,77.5946,0.0,181.44000000000082
1735024815120,12.973232059208188,77.5946,0.0,181.68000000000083
1735024815140,12.97323421516487,77.5946,0.0,181.92000000000084
1735024815160,12.973236371121553,77.5946,0.0,182.16000000000085
1735024815180,12.973238527078234,77.5946,0.0,182.40000000000086
1735024815200,12.973240683034916,77.5946,0.0,182.64000000000087
1735024815220,12.973242838991599,77.5946,0.0,182.88000000000088
1735024815240,12.97324499494828,77.5946,0.0,183.12000000000089
1735024815260,12.973247150904962,77.5946,0.0,183.3600000000009
1735024815280,12.973249306861645,77.5946,0.0,183.6000000000009
1735024815300,12.973251462818325,77.5946,0.0,183.8400000000009
1735024815320,12.973253618775008,77.5946,0.0,184.08000000000092
1735024815340,12.97325577473169,77.5946,0.0,184.32000000000093
1735024815360,12.973257930688371,77.5946,0.0,184.56000000000094
1735024815380,12.973260086645054,77.5946,0.0,184.80000000000095
1735024815400,12.973262242601736,77.5946,0.0,185.04000000000096
1735024815420,12.973264398558417,77.5946,0.0,185.28000000000097
1735024815440,12.9732665545151,77.5946,0.0,185.52000000000098
1735024815460,12.97326871047178,77.5946,0.0,185.76000000000099
1735024815480,12.973270866428463,77.5946,0.0,186.000000000001
1735024815500,12.973273022385145,77.5946,0.0,186.240000000001
1735024815520,12.973275178341826,77.5946,0.0,186.480000000001
1735024815540,12.973277334298508,77.5946,0.0,186.72000000000102
1735024815560,12.973279490255191,77.5946,0.0,186.96000000000103
1735024815580,12.973281646211872,77.5946,0.0,187.20000000000104
1735024815600,12.973283802168554,77.5946,0.0,187.44000000000105
1735024815620,12.973285958125237,77.5946,0.0,187.68000000000106
1735024815640,12.973288114081917,77.5946,0.0,187.92000000000107
1735024815660,12.9732902700386,77.5946,0.0,188.16000000000108
1735024815680,12.973292425995282,77.5946,0.0,188.40000000000109
1735024815700,12.973294581951963,77.5946,0.0,188.6400000000011
1735024815720,12.973296737908646,77.5946,0.0,188.8800000000011
1735024815740,12.973298893865328,77.5946,0.0,189.1200000000011
1735024815760,12.973301049822009,77.5946,0.0,189.36000000000112
1735024815780,12.973303205778691,77.5946,0.0,189.60000000000113
1735024815800,12.973305361735372,77.5946,0.0,189.84000000000114
1735024815820,12.973307517692055,77.5946,0.0,190.08000000000115
1735024815840,12.973309673648737,77.5946,0.0,190.32000000000116
1735024815860,12.973311829605418,77.5946,0.0,190.56000000000117
1735024815880,12.9733139855621,77.5946,0.0,190.80000000000118
1735024815900,12.973316141518783,77.5946,0.0,191.04000000000119
1735024815920,12.973318297475464,77.5946,0.0,191.2800000000012
1735024815940,12.973320453432146,77.5946,0.0,191.5200000000012
1735024815960,12.973322609388829,77.5946,0.0,191.7600000000012
1735024815980,12.97332476534551,77.5946,0.0,192.00000000000122
1735024816000,12.973326921302192,77.5946,0.0,192.24000000000123
1735024816020,12.973329077258875,77.5946,0.0,192.48000000000124
1735024816040,12.973331233215555,77.5946,0.0,192.72000000000125
1735024816059,12.973333389172238,77.5946,0.0,192.96000000000126
1735024816080,12.973335545128919,77.5946,0.0,193.20000000000127
1735024816100,12.973337701085601,77.5946,0.0,193.44000000000128
1735024816120,12.973339857042284,77.5946,0.0,193.6800000000013
1735024816140,12.973342012998964,77.5946,0.0,193.9200000000013
1735024816160,12.973344168955647,77.5946,0.0,194.1600000000013
1735024816180,12.97334632491233,77.5946,0.0,194.4000000000013
1735024816200,12.97334848086901,77.5946,0.0,194.64000000000132
1735024816219,12.973350636825693,77.5946,0.0,194.88000000000133
1735024816240,12.973352792782375,77.5946,0.0,195.12000000000134
1735024816260,12.973354948739056,77.5946,0.0,195.36000000000135
1735024816280,12.973357104695738,77.5946,0.0,195.60000000000136
1735024816300,12.97335926065242,77.5946,0.0,195.84000000000137
1735024816320,12.973361416609102,77.5946,0.0,196.08000000000138
1735024816340,12.973363572565784,77.5946,0.0,196.3200000000014
1735024816360,12.973365728522467,77.5946,0.0,196.5600000000014
1735024816379,12.973367884479147,77.5946,0.0,196.8000000000014
1735024816400,12.97337004043583,77.5946,0.0,197.0400000000014
1735024816420,12.97337219639251,77.5946,0.0,197.28000000000142
1735024816440,12.973374352349193,77.5946,0.0,197.52000000000143
1735024816460,12.973376508305876,77.5946,0.0,197.76000000000144
1735024816480,12.973378664262556,77.5946,0.0,198.00000000000145
1735024816500,12.973380820219239,77.5946,0.0,198.24000000000146
1735024816520,12.973382976175921,77.5946,0.0,198.48000000000147
1735024816540,12.973385132132602,77.5946,0.0,198.72000000000148
1735024816560,12.973387288089285,77.5946,0.0,198.9600000000015
1735024816580,12.973389444045967,77.5946,0.0,199.2000000000015
1735024816600,12.973391600002648,77.5946,0.0,199.4400000000015
1735024816620,12.97339375595933,77.5946,0.0,199.6800000000015
1735024816640,12.973395911916013,77.5946,0.0,199.92000000000152
1735024816660,12.973398067872694,77.5946,0.0,200.16000000000153
1735024816680,12.973400223829376,77.5946,0.0,200.40000000000154
1735024816700,12.973402379786059,77.5946,0.0,200.64000000000155
1735024816720,12.97340453574274,77.5946,0.0,200.88000000000156
1735024816740,12.973406691699422,77.5946,0.0,201.12000000000157
1735024816760,12.973408847656103,77.5946,0.0,201.36000000000158
1735024816780,12.973411003612785,77.5946,0.0,201.6000000000016
1735024816800,12.973413159569468,77.5946,0.0,201.8400000000016
1735024816820,12.973415315526148,77.5946,0.0,202.0800000000016
1735024816840,12.973417471482831,77.5946,0.0,202.3200000000016
1735024816860,12.973419627439513,77.5946,0.0,202.56000000000162
1735024816880,12.973421783396194,77.5946,0.0,202.80000000000163
1735024816900,12.973423939352877,77.5946,0.0,203.04000000000164
1735024816920,12.97342609530956,77.5946,0.0,203.28000000000165
1735024816940,12.97342825126624,77.5946,0.0,203.52000000000166
1735024816960,12.973430407222923,77.5946,0.0,203.76000000000167
1735024816980,12.973432563179605,77.5946,0.0,204.00000000000168
1735024817000,12.973434719136286,77.5946,0.0,204.2400000000017
1735024817020,12.973436875092968,77.5946,0.0,204.4800000000017
1735024817040,12.97343903104965,77.5946,0.0,204.7200000000017
1735024817060,12.973441187006332,77.5946,0.0,204.9600000000017
1735024817080,12.973443342963014,77.5946,0.0,205.20000000000172
1735024817100,12.973445498919695,77.5946,0.0,205.44000000000173
1735024817120,12.973447654876377,77.5946,0.0,205.68000000000174
1735024817140,12.97344981083306,77.5946,0.0,205.92000000000175
1735024817160,12.97345196678974,77.5946,0.0,206.16000000000176
1735024817180,12.973454122746423,77.5946,0.0,206.40000000000177
1735024817200,12.973456278703106,77.5946,0.0,206.64000000000178
1735024817220,12.973458434659786,77.5946,0.0,206.8800000000018
1735024817240,12.973460590616469,77.5946,0.0,207.1200000000018
1735024817260,12.973462746573151,77.5946,0.0,207.3600000000018
1735024817280,12.973464902529832,77.5946,0.0,207.6000000000018
1735024817300,12.973467058486515,77.5946,0.0,207.84000000000182
1735024817320,12.973469214443197,77.5946,0.0,208.08000000000183
1735024817340,12.973471370399878,77.5946,0.0,208.32000000000184
1735024817360,12.97347352635656,77.5946,0.0,208.56000000000185
1735024817380,12.973475682313243,77.5946,0.0,208.80000000000186
1735024817400,12.973477838269924,77.5946,0.0,209.04000000000187
1735024817420,12.973479994226606,77.5946,0.0,209.28000000000188
1735024817440,12.973482150183287,77.5946,0.0,209.5200000000019
1735024817460,12.97348430613997,77.5946,0.0,209.7600000000019
1735024817480,12.973486462096652,77.5946,0.0,210.0000000000019
1735024817500,12.973488618053333,77.5946,0.0,210.2400000000019
1735024817520,12.973490774010015,77.5946,0.0,210.48000000000192
1735024817540,12.973492929966698,77.5946,0.0,210.72000000000193
1735024817560,12.973495085923378,77.5946,0.0,210.96000000000194
1735024817580,12.973497241880061,77.5946,0.0,211.20000000000195
1735024817600,12.973499397836743,77.5946,0.0,211.44000000000196
1735024817620,12.973501553793424,77.5946,0.0,211.68000000000197
1735024817640,12.973503709750107,77.5946,0.0,211.92000000000198
1735024817660,12.97350586570679,77.5946,0.0,212.160000000002
1735024817680,12.97350802166347,77.5946,0.0,212.400000000002
1735024817700,12.973510177620152,77.5946,0.0,212.640000000002
1735024817720,12.973512333576835,77.5946,0.0,212.880000000002
1735024817740,12.973514489533516,77.5946,0.0,213.12000000000202
1735024817760,12.973516645490198,77.5946,0.0,213.36000000000203
1735024817780,12.973518801446879,77.5946,0.0,213.60000000000204
1735024817800,12.973520957403561,77.5946,0.0,213.84000000000205
1735024817820,12.973523113360244,77.5946,0.0,214.08000000000206
1735024817840,12.973525269316925,77.5946,0.0,214.32000000000207
1735024817860,12.973527425273607,77.5946,0.0,214.56000000000208
1735024817880,12.97352958123029,77.5946,0.0,214.8000000000021
1735024817900,12.97353173718697,77.5946,0.0,215.0400000000021
1735024817920,12.973533893143653,77.5946,0.0,215.2800000000021
1735024817940,12.973536049100336,77.5946,0.0,215.5200000000021
1735024817960,12.973538205057016,77.5946,0.0,215.76000000000212
1735024817980,12.973540361013699,77.5946,0.0,216.00000000000213
1735024818000,12.973542516970381,77.5946,0.0,216.24000000000214
1735024818020,12.973544672927062,77.5946,0.0,216.48000000000215
1735024818040,12.973546828883745,77.5946,0.0,216.72000000000216
1735024818060,12.973548984840427,77.5946,0.0,216.96000000000217
1735024818080,12.973551140797108,77.5946,0.0,217.20000000000218
1735024818100,12.97355329675379,77.5946,0.0,217.4400000000022
1735024818120,12.973555452710471,77.5946,0.0,217.6800000000022
1735024818140,12.973557608667154,77.5946,0.0,217.9200000000022
1735024818160,12.973559764623836,77.5946,0.0,218.1600000000022
1735024818180,12.973561920580517,77.5946,0.0,218.40000000000222
1735024818200,12.9735640765372,77.5946,0.0,218.64000000000223
1735024818220,12.973566232493882,77.5946,0.0,218.88000000000224
1735024818240,12.973568388450563,77.5946,0.0,219.12000000000225
1735024818260,12.973570544407245,77.5946,0.0,219.36000000000226
1735024818280,12.973572700363928,77.5946,0.0,219.60000000000227
1735024818300,12.973574856320608,77.5946,0.0,219.84000000000228
1735024818320,12.97357701227729,77.5946,0.0,220.0800000000023
1735024818340,12.973579168233973,77.5946,0.0,220.3200000000023
1735024818360,12.973581324190654,77.5946,0.0,220.5600000000023
1735024818380,12.973583480147337,77.5946,0.0,220.8000000000023
1735024818400,12.97358563610402,77.5946,0.0,221.04000000000232
1735024818420,12.9735877920607,77.5946,0.0,221.28000000000233
1735024818440,12.973589948017382,77.5946,0.0,221.52000000000234
1735024818460,12.973592103974063,77.5946,0.0,221.76000000000235
1735024818480,12.973594259930746,77.5946,0.0,222.00000000000236
1735024818500,12.973596415887428,77.5946,0.0,222.24000000000237
1735024818520,12.973598571844109,77.5946,0.0,222.48000000000238
1735024818540,12.973600727800791,77.5946,0.0,222.7200000000024
1735024818560,12.973602883757474,77.5946,0.0,222.9600000000024
1735024818580,12.973605039714155,77.5946,0.0,223.2000000000024
1735024818600,12.973607195670837,77.5946,0.0,223.4400000000024
1735024818620,12.97360935162752,77.5946,0.0,223.68000000000242
1735024818640,12.9736115075842,77.5946,0.0,223.92000000000243
1735024818660,12.973613663540883,77.5946,0.0,224.16000000000244
1735024818680,12.973615819497565,77.5946,0.0,224.40000000000245
1735024818700,12.973617975454246,77.5946,0.0,224.64000000000246
1735024818720,12.973620131410929,77.5946,0.0,224.88000000000247
1735024818740,12.97362228736761,77.5946,0.0,225.12000000000248
1735024818760,12.973624443324292,77.5946,0.0,225.3600000000025
1735024818780,12.973626599280975,77.5946,0.0,225.6000000000025
1735024818800,12.973628755237655,77.5946,0.0,225.8400000000025
1735024818820,12.973630911194338,77.5946,0.0,226.0800000000025
1735024818840,12.97363306715102,77.5946,0.0,226.32000000000252
1735024818860,12.973635223107701,77.5946,0.0,226.56000000000253
1735024818880,12.973637379064384,77.5946,0.0,226.80000000000254
1735024818900,12.973639535021066,77.5946,0.0,227.04000000000255
1735024818920,12.973641690977747,77.5946,0.0,227.28000000000256
1735024818940,12.97364384693443,77.5946,0.0,227.52000000000257
1735024818960,12.973646002891112,77.5946,0.0,227.76000000000258
1735024818980,12.973648158847793,77.5946,0.0,228.0000000000026
1735024819000,12.973650314804475,77.5946,0.0,228.2400000000026
1735024819020,12.973652470761158,77.5946,0.0,228.4800000000026
1735024819040,12.973654626717838,77.5946,0.0,228.7200000000026
1735024819060,12.97365678267452,77.5946,0.0,228.96000000000262
1735024819080,12.973658938631202,77.5946,0.0,229.20000000000263
1735024819100,12.973661094587884,77.5946,0.0,229.44000000000264
1735024819120,12.973663250544567,77.5946,0.0,229.68000000000265
1735024819140,12.973665406501247,77.5946,0.0,229.92000000000266
1735024819160,12.97366756245793,77.5946,0.0,230.16000000000267
1735024819180,12.973669718414612,77.5946,0.0,230.40000000000268
1735024819200,12.973671874371293,77.5946,0.0,230.6400000000027
1735024819220,12.973674030327976,77.5946,0.0,230.8800000000027
1735024819240,12.973676186284658,77.5946,0.0,231.1200000000027
1735024819260,12.973678342241339,77.5946,0.0,231.3600000000027
1735024819280,12.973680498198021,77.5946,0.0,231.60000000000272
1735024819300,12.973682654154704,77.5946,0.0,231.84000000000273
1735024819320,12.973684810111385,77.5946,0.0,232.08000000000274
1735024819340,12.973686966068067,77.5946,0.0,232.32000000000275
1735024819360,12.97368912202475,77.5946,0.0,232.56000000000276
1735024819380,12.97369127798143,77.5946,0.0,232.80000000000277
1735024819400,12.973693433938113,77.5946,0.0,233.04000000000278
1735024819420,12.973695589894794,77.5946,0.0,233.2800000000028
1735024819440,12.973697745851476,77.5946,0.0,233.5200000000028
1735024819460,12.973699901808159,77.5946,0.0,233.7600000000028
1735024819480,12.97370205776484,77.5946,0.0,234.0000000000028
1735024819500,12.973704213721522,77.5946,0.0,234.24000000000282
1735024819520,12.973706369678204,77.5946,0.0,234.48000000000283
1735024819540,12.973708525634885,77.5946,0.0,234.72000000000284
1735024819560,12.973710681591568,77.5946,0.0,234.96000000000285
1735024819580,12.97371283754825,77.5946,0.0,235.20000000000286
1735024819600,12.973714993504931,77.5946,0.0,235.44000000000287
1735024819620,12.973717149461613,77.5946,0.0,235.68000000000288
1735024819640,12.973719305418296,77.5946,0.0,235.9200000000029
1735024819660,12.973721461374977,77.5946,0.0,236.1600000000029
1735024819680,12.97372361733166,77.5946,0.0,236.4000000000029
1735024819700,12.973725773288342,77.5946,0.0,236.6400000000029
1735024819720,12.973727929245022,77.5946,0.0,236.88000000000292
1735024819740,12.973730085201705,77.5946,0.0,237.12000000000293
1735024819760,12.973732241158386,77.5946,0.0,237.36000000000294
1735024819780,12.973734397115068,77.5946,0.0,237.60000000000295
1735024819800,12.97373655307175,77.5946,0.0,237.84000000000296
1735024819820,12.973738709028432,77.5946,0.0,238.08000000000297
1735024819840,12.973740864985114,77.5946,0.0,238.32000000000298
1735024819860,12.973743020941797,77.5946,0.0,238.560000000003
1735024819880,12.973745176898477,77.5946,0.0,238.800000000003
1735024819900,12.97374733285516,77.5946,0.0,239.040000000003
1735024819920,12.973749488811842,77.5946,0.0,239.280000000003
1735024819940,12.973751644768523,77.5946,0.0,239.52000000000302
1735024819960,12.973753800725206,77.5946,0.0,239.76000000000303
1735024819980,12.973755956681888,77.5946,0.0,240.00000000000304
1735024820000,12.973758112637388,77.59460000231684,0.0002513273663519456,240.23999986840832
1735024820020,12.97376026858934,77.5946000069505,0.0007539818234445641,240.4799993420296
1735024820040,12.973762424535384,77.59460001390099,0.0015079628200556125,240.71999815767805
1735024820060,12.973764580473151,77.59460002316831,0.0025132695293524814,240.9599960521655
1735024820080,12.973766736400279,77.59460003475243,0.003769900848893102,241.1999927623049
1735024820100,12.973768892314405,77.59460004865335,0.005277855400627156,241.43998802491038
1735024820120,12.973771048213163,77.59460006487105,0.007037131530897587,241.6799815767977
1735024820140,12.973773204094188,77.59460008340551,0.009047727310442408,241.91997315478454
1735024820160,12.973775359955118,77.59460010425671,0.011309640534396828,242.15996249569068
1735024820180,12.973777515793588,77.59460012742464,0.013822868722295663,242.3999493363384
1735024820200,12.973779671607232,77.59460015290925,0.016587409118076053,242.6399334135527
1735024820220,12.973781827393688,77.59460018071054,0.01960325869008049,242.87991446416163
1735024820240,12.973783983150593,77.59460021082846,0.022870414131060147,243.1198922249965
1735024820260,12.97378613887558,77.59460024326299,0.026388871858178488,243.35986643289232
1735024820280,12.973788294566287,77.59460027801408,0.030158628013015214,243.5998368246879
1735024820300,12.97379045022035,77.5946003150817,0.03417967846157049,243.83980313722634
1735024820320,12.973792605835403,77.59460035446581,0.038452018794269474,244.07976510735512
1735024820340,12.973794761409085,77.59460039616637,0.042975644325967156,244.3197224719265
1735024820360,12.97379691693903,77.59460044018333,0.04775055009595349,244.55967496779783
1735024820380,12.973799072422874,77.59460048651664,0.05277673086795885,244.79962233183178
1735024820400,12.973801227858255,77.59460053516625,0.05805418113015975,245.03956430089667
1735024820420,12.973803383242808,77.5946005861321,0.0635828950951849,245.27950061186667
1735024820440,12.97380553857417,77.59460063941415,0.06936286670012157,245.5194310016222
1735024820460,12.97380769384998,77.59460069501233,0.07539408960652219,245.7593552070502
1735024820480,12.973809849067868,77.5946007529266,0.08167655720041135,245.99927296504433
1735024820500,12.973812004225476,77.59460081315686,0.08821026259229305,246.23918401250538
1735024820520,12.973814159320439,77.59460087570307,0.0949951986171582,246.47908808634145
1735024820540,12.973816314350392,77.59460094056514,0.10203135783449256,246.7189849234683
1735024820560,12.973818469312976,77.59460100774302,0.10931873252828483,246.95887426080964
1735024820580,12.973820624205823,77.59460107723663,0.11685731470703516,247.19875583529742
1735024820600,12.973822779026571,77.5946011490459,0.12464709610376386,247.43862938387207
1735024820620,12.97382493377286,77.59460122317074,0.13268806817602052,247.67849464348282
1735024820640,12.973827088442324,77.59460129961107,0.14098022210589337,247.918351351088
1735024820660,12.973829243032602,77.59460137836682,0.14952354880001886,248.15819924365536
1735024820680,12.97383139754133,77.59460145943788,0.1583180388895918,248.39803805816223
1735024820700,12.973833551966147,77.59460154282418,0.16736368273037555,248.63786753159596
1735024820720,12.973835706304687,77.59460162852562,0.1766604704027125,248.87768740095413
1735024820740,12.973837860554589,77.59460171654212,0.18620839171153505,249.11749740324487
1735024820760,12.973840014713494,77.59460180687356,0.19600743618637684,249.35729727548707
1735024820780,12.973842168779035,77.59460189951984,0.20605759308138413,249.5970867547108
1735024820800,12.973844322748853,77.5946019944809,0.21635885137532762,249.83686557795747
1735024820820,12.973846476620583,77.59460209175658,0.22691119977161453,250.07663348228022
1735024820840,12.973848630391865,77.59460219134682,0.23771462669830104,250.31639020474412
1735024820860,12.973850784060339,77.59460229325148,0.24876912030810489,250.55613548242655
1735024820880,12.973852937623638,77.59460239747047,0.2600746684784184,250.79586905241743
1735024820900,12.973855091079406,77.59460250400366,0.2716312588113219,251.0355906518195
1735024820920,12.973857244425277,77.59460261285095,0.283438878633597,251.2753000177486
1735024820940,12.973859397658892,77.59460272401219,0.295497514996741,251.51499688733406
1735024820960,12.973861550777888,77.59460283748729,0.30780715467698044,251.75468099771885
1735024820980,12.973863703779907,77.59460295327611,0.32036778417528616,251.99435208605996
1735024821000,12.973865856662586,77.59460307137851,0.33317938971738786,252.23400988952864
1735024821020,12.973868009423564,77.59460319179439,0.34624195725378926,252.47365414531075
1735024821040,12.973870162060479,77.59460331452361,0.35955547245978337,252.71328459060695
1735024821060,12.973872314570972,77.59460343956603,0.3731199207354684,252.9529009626331
1735024821080,12.973874466952681,77.59460356692149,0.3869352872057637,253.19250299862045
1735024821100,12.97387661920325,77.5946036965899,0.401001556720426,253.43209043581604
1735024821120,12.973878771320313,77.59460382857108,0.41531871385406605,253.67166301148282
1735024821140,12.973880923301513,77.5946039628649,0.4298867429061657,253.91122046290008
1735024821160,12.97388307514449,77.5946040994712,0.4447056279010948,254.15076252736372
1735024821180,12.973885226846884,77.59460423838983,0.45977535258812907,254.39028894218652
1735024821200,12.973887378406335,77.59460437962066,0.47509590044146766,254.62979944469836
1735024821220,12.973889529820484,77.59460452316353,0.49066725466025135,254.86929377224664
1735024821240,12.973891681086972,77.59460466901827,0.5064893981685811,255.10877166219643
1735024821260,12.973893832203439,77.59460481718472,0.5225623136155364,255.34823285193087
1735024821280,12.973895983167527,77.59460496766272,0.538885983375195,255.5876770788514
1735024821300,12.973898133976874,77.5946051204521,0.5554603895466513,255.82710408037812
1735024821320,12.973900284629126,77.59460527555271,0.5722855139540369,256.0665135939499
1735024821340,12.973902435121923,77.59460543296437,0.5893613381465399,256.30590535702487
1735024821360,12.973904585452907,77.5946055926869,0.6066878433984254,256.5452791070806
1735024821380,12.973906735619718,77.59460575472013,0.6242650107090559,256.78463458161445
1735024821400,12.973908885619998,77.5946059190639,0.6420928208029124,257.0239715181438
1735024821420,12.973911035451392,77.594606085718,0.6601712541296152,257.26328965420635
1735024821440,12.973913185111542,77.59460625468225,0.6785002908639455,257.50258872736043
1735024821460,12.973915334598088,77.59460642595648,0.6970799109058672,257.74186847518524
1735024821480,12.973917483908675,77.59460659954051,0.7159100938805488,257.9811286352812
1735024821500,12.973919633040946,77.59460677543414,0.7349908191383859,258.2203689452702
1735024821520,12.973921781992543,77.59460695363717,0.7543220657550239,258.4595891427959
1735024821540,12.97392393076111,77.5946071341494,0.7739038125313805,258.69878896552405
1735024821560,12.97392607934429,77.59460731697065,0.7937360379936695,258.93796815114274
1735024821580,12.973928227739728,77.5946075021007,0.813818720393424,259.17712643736263
1735024821600,12.973930375945068,77.59460768953936,0.8341518377075203,259.41626356191733
1735024821620,12.973932523957954,77.59460787928643,0.8547353676382023,259.65537926256366
1735024821640,12.97393467177603,77.5946080713417,0.8755692876131058,259.89447327708194
1735024821660,12.973936819396942,77.59460826570493,0.8966535747852828,260.1335453432763
1735024821680,12.97393896681833,77.59460846237594,0.9179882060332275,260.37259519897486
1735024821700,12.973941114037848,77.59460866135451,0.9395731579609007,260.6116225820302
1735024821720,12.973943261053131,77.59460886264041,0.9614084068977561,260.85062723031945
1735024821740,12.973945407861834,77.59460906623343,0.9834939288987661,261.0896088817447
1735024821760,12.973947554461596,77.59460927213335,1.0058296997444478,261.3285672742333
1735024821780,12.973949700850065,77.59460948033993,1.0284156949408898,261.56750214573805
1735024821800,12.973951847024889,77.59460969085293,1.0512518897197791,261.80641323423754
1735024821820,12.973953992983713,77.59460990367216,1.0743382590384283,262.04530027773654
1735024821840,12.973956138724182,77.59461011879736,1.0976747775798026,262.2841630142661
1735024821860,12.973958284243947,77.5946103362283,1.1212614197525483,262.52300118188384
1735024821880,12.973960429540652,77.59461055596473,1.1450981596910201,262.76181451867456
1735024821900,12.973962574611944,77.59461077800643,1.1691849712553102,263.0006027627501
1735024821920,12.973964719455473,77.59461100235313,1.1935218280312763,263.23936565224983
1735024821940,12.973966864068887,77.5946112290046,1.2181087033305709,263.47810292534103
1735024821960,12.973969008449831,77.5946114579606,1.2429455701906706,263.716814320219
1735024821980,12.973971152595958,77.59461168922087,1.268032401374906,263.95549957510735
1735024822000,12.973973296504912,77.59461192278515,1.2933691693724905,264.19415842825856
1735024822020,12.973975440174346,77.59461215865319,1.3189558463985513,264.43279061795386
1735024822040,12.973977583601906,77.59461239682473,1.34479240439416,264.67139588250376
1735024822060,12.973979726785242,77.59461263729952,1.3708788150263627,264.9099739602484
1735024822080,12.973981869722007,77.59461288007728,1.3972150496882119,265.14852458955767
1735024822100,12.973984012409845,77.59461312515774,1.4238010794987972,265.3870475088315
1735024822120,12.973986154846413,77.59461337254065,1.450636875303277,265.6255424565003
1735024822140,12.973988297029356,77.59461362222572,1.477722407672911,265.8640091710251
1735024822160,12.97399043895633,77.5946138742127,1.5050576469050918,266.1024473908979
1735024822180,12.97399258062498,77.59461412850129,1.532642563023378,266.340856854642
1735024822200,12.973994722032963,77.59461438509123,1.560477125777527,266.57923730081217
1735024822220,12.973996863177927,77.59461464398223,1.5885613046435278,266.817588467995
1735024822240,12.973999004057527,77.594614905174,1.616895068823635,267.05591009480924
1735024822260,12.974001144669412,77.59461516866625,1.645478387246402,267.294201919906
1735024822280,12.974003285011237,77.59461543445872,1.6743112285667157,267.5324636819691
1735024822300,12.974005425080653,77.59461570255108,1.70339356116583,267.77069511971524
1735024822320,12.974007564875317,77.59461597294306,1.7327253531514015,268.0088959718945
1735024822340,12.974009704392877,77.59461624563437,1.7623065723575242,268.2470659772904
1735024822360,12.97401184363099,77.59461652062468,1.792137186344764,268.4852048747203
1735024822380,12.974013982587309,77.59461679791373,1.822217162400195,268.7233124030358
1735024822400,12.97401612125949,77.59461707750117,1.8525464675374357,268.96138830112267
1735024822420,12.974018259645185,77.59461735938673,1.883125068496684,269.1994323079016
1735024822440,12.974020397742052,77.59461764357009,1.9139529317447548,269.4374441623281
1735024822460,12.974022535547745,77.59461793005093,1.945030023475116,269.6754236033931
1735024822480,12.974024673059917,77.59461821882894,1.9763563096079266,269.9133703701228
1735024822500,12.974026810276229,77.59461850990381,2.0079317557900724,270.1512842015795
1735024822520,12.974028947194332,77.59461880327521,2.0397563273952053,270.3891648368614
1735024822540,12.974031083811887,77.59461909894283,2.071829989523781,270.6270120151034
1735024822560,12.97403322012655,77.59461939690634,2.1041527070030956,270.8648254754768
1735024822580,12.974035356135976,77.59461969716541,2.1367244443873266,271.1026049571899
1735024822600,12.974037491837827,77.59461999971973,2.16954516595757,271.34035019948846
1735024822620,12.974039627229756,77.59462030456893,2.202614835721881,271.5780609416557
1735024822640,12.974041762309422,77.59462061171271,2.235933417415312,271.81573692301254
1735024822660,12.974043897074486,77.59462092115072,2.2695008744999523,272.0533778829182
1735024822680,12.974046031522606,77.59462123288262,2.30331717016497,272.2909835607702
1735024822700,12.97404816565144,77.59462154690806,2.3373822673266504,272.52855369600474
1735024822720,12.974050299458652,77.59462186322672,2.371696128628438,272.7660880280971
1735024822740,12.974052432941896,77.59462218183823,2.4062587164409766,273.00358629656176
1735024822760,12.974054566098838,77.59462250274225,2.4410699928621504,273.2410482409527
1735024822780,12.974056698927134,77.59462282593843,2.476129919717127,273.4784736008638
1735024822800,12.974058831424447,77.59462315142642,2.511438458558398,273.7158621159291
1735024822820,12.974060963588439,77.59462347920585,2.5469955706658207,273.9532135258229
1735024822840,12.974063095416772,77.59462380927636,2.5828012170466628,274.1905275702603
1735024822860,12.974065226907108,77.59462414163761,2.6188553584356424,274.4278039889974
1735024822880,12.974067358057107,77.5946244762892,2.655157955294973,274.66504252183154
1735024822900,12.974069488864435,77.5946248132308,2.6917089678144057,274.90224290860147
1735024822920,12.974071619326756,77.59462515246202,2.728508355911274,275.1394048891879
1735024822940,12.97407374944173,77.59462549398249,2.765556079230537,275.3765282035137
1735024822960,12.974075879207025,77.59462583779182,2.802852097144823,275.6136125915441
1735024822980,12.974078008620301,77.59462618388967,2.840396368754476,275.8506577932869
1735024823000,12.974080137679227,77.59462653227564,2.878188852887599,276.0876635487931
1735024823020,12.974082266381467,77.59462688294936,2.916229508100099,276.3246295981567
1735024823040,12.974084394724686,77.59462723591041,2.954518292675733,276.5615556815155
1735024823060,12.97408652270655,77.59462759115843,2.993055164626155,276.7984415390509
1735024823080,12.974088650324726,77.59462794869305,3.031840081690959,277.03528691098853
1735024823100,12.974090777576881,77.59462830851383,3.070873001337729,277.27209153759844
1735024823120,12.974092904460681,77.59462867062041,3.1101538807620814,277.50885515919526
1735024823140,12.974095030973794,77.59462903501237,3.149682676887717,277.7455775161387
1735024823160,12.974097157113889,77.59462940168935,3.1894593463664633,277.9822583488337
1735024823180,12.974099282878633,77.59462977065091,3.2294838455783252,278.2188973977306
1735024823200,12.974101408265696,77.59463014189664,3.2697561306315324,278.45549440332576
1735024823220,12.974103533272746,77.59463051542618,3.310276157362586,278.6920491061615
1735024823240,12.974105657897455,77.59463089123908,3.3510438813363086,278.92856124682663
1735024823260,12.97410778213749,77.59463126933493,3.3920592578458924,279.16503056595656
1735024823280,12.974109905990526,77.59463164971332,3.433322241912948,279.4014568042337
1735024823300,12.97411202945423,77.59463203237385,3.474832788287554,279.6378397023877
1735024823320,12.974114152526273,77.59463241731609,3.5165908514483073,279.87417900119567
1735024823340,12.974116275204327,77.5946328045396,3.558596385602371,280.11047444148267
1735024823360,12.974118397486068,77.59463319404398,3.6008493446855265,280.34672576412174
1735024823380,12.974120519369166,77.59463358582879,3.643349682362224,280.58293271003436
1735024823400,12.974122640851293,77.5946339798936,3.6860973520256315,280.8190950201906
1735024823420,12.974124761930124,77.59463437623799,3.7290923067976887,281.05521243560963
1735024823440,12.974126882603333,77.59463477486152,3.7723344995291557,281.2912846973597
1735024823460,12.974129002868594,77.59463517576373,3.815823882799666,281.52731154655856
1735024823480,12.974131122723582,77.5946355789442,3.8595604089177784,281.7632927243739
1735024823500,12.974133242165973,77.59463598440252,3.9035440299210302,281.99922797202345
1735024823520,12.97413536119344,77.59463639213818,3.9477746975759875,282.2351170307752
1735024823540,12.974137479803662,77.59463680215079,3.9922523633783,282.47095964194796
1735024823560,12.974139597994316,77.59463721443986,4.0369769785527545,282.7067555469113
1735024823580,12.974141715763079,77.59463762900495,4.081948494053326,282.9425044870862
1735024823600,12.974143833107625,77.59463804584563,4.127166860563233,283.17820620394497
1735024823620,12.974145950025637,77.5946384649614,4.172632028494994,283.4138604390118
1735024823640,12.974148066514791,77.59463888635183,4.218343947990477,283.6494669338629
1735024823660,12.974150182572766,77.59463931001646,4.264302568920957,283.885025430127
1735024823680,12.974152298197241,77.59463973595481,4.310507840887173,284.1205356694851
1735024823700,12.974154413385898,77.59464016416642,4.356959713219377,284.3559973936715
1735024823720,12.974156528136415,77.59464059465083,4.4036581349773956,284.5914103444735
1735024823740,12.974158642446476,77.59464102740753,4.450603054950684,284.826774263732
1735024823760,12.97416075631376,77.5946414624361,4.497794421658382,285.06208889334147
1735024823780,12.974162869735949,77.59464189973602,4.545232183349369,285.2973539752507
1735024823800,12.974164982710725,77.59464233930683,4.592916288002324,285.53256925146263
1735024823820,12.974167095235773,77.59464278114805,4.640846683325779,285.76773446403485
1735024823840,12.974169207308774,77.59464322525918,4.6890233167581785,286.0028493550799
1735024823860,12.974171318927414,77.59464367163974,4.737446135467938,286.23791366676545
1735024823880,12.974173430089376,77.59464412028926,4.786115086353497,286.4729271413147
1735024823900,12.974175540792345,77.59464457120723,4.835030116043387,286.7078895210065
1735024823920,12.974177651034005,77.59464502439315,4.884191170896278,286.94280054817585
1735024823940,12.974179760812044,77.59464547984652,4.9335981970010465,287.177659965214
1735024823960,12.974181870124148,77.59464593756685,4.98325114017683,287.41246751456873
1735024823980,12.974183978968005,77.59464639755365,5.033149945973089,287.64722293874485
1735024824000,12.9741860873413,77.5946468598064,5.083294559669665,287.88192598030423
1735024824020,12.974188195241721,77.5946473243246,5.13368492627684,288.1165763818662
1735024824040,12.974190302666958,77.59464779110773,5.184320990535399,288.3511738861078
1735024824060,12.974192409614698,77.5946482601553,5.235202696916689,288.58571823576415
1735024824080,12.974194516082633,77.59464873146676,5.28632998962268,288.8202091736286
1735024824100,12.974196622068451,77.59464920504163,5.337702812586027,289.0546464425531
1735024824120,12.974198727569844,77.59464968087937,5.389321109470131,289.28902978544846
1735024824140,12.974200832584502,77.59465015897946,5.441184823669201,289.52335894528454
1735024824160,12.974202937110118,77.5946506393414,5.493293898308314,289.7576336650907
1735024824180,12.974205041144382,77.59465112196462,5.545648276243481,289.991853687956
1735024824200,12.974207144684986,77.59465160684861,5.598247900061708,290.22601875702946
1735024824220,12.974209247729627,77.59465209399285,5.651092712081057,290.4601286155204
1735024824240,12.974211350275995,77.5946525833968,5.704182654350713,290.6941830066986
1735024824260,12.974213452321788,77.59465307505991,5.757517668651045,290.92818167389476
1735024824280,12.974215553864697,77.59465356898166,5.81109769649367,291.1621243605006
1735024824300,12.974217654902422,77.59465406516149,5.864922679121518,291.3960108099694
1735024824320,12.974219755432653,77.59465456359888,5.918992557508896,291.6298407658159
1735024824340,12.974221855453091,77.59465506429326,5.973307272361554,291.8636139716169
1735024824360,12.974223954961431,77.59465556724409,6.027866764116745,292.09733017101144
1735024824380,12.974226053955373,77.59465607245082,6.0826709729432995,292.330989107701
1735024824400,12.974228152432612,77.5946565799129,6.137719838741681,292.56459052544994
1735024824420,12.97423025039085,77.59465708962975,6.19301330114406,292.79813416808565
1735024824440,12.974232347827783,77.59465760160084,6.248551299514373,293.0316197794989
1735024824460,12.974234444741112,77.5946581158256,6.304333772948398,293.26504710364406
1735024824480,12.97423654112854,77.59465863230346,6.3603606602738125,293.4984158845395
1735024824500,12.974238636987765,77.59465915103385,6.416631900050264,293.7317258662677
1735024824520,12.97424073231649,77.59465967201622,6.47314743056944,293.9649767929757
1735024824540,12.974242827112418,77.59466019524999,6.52990718985513,294.1981684088752
1735024824560,12.974244921373248,77.59466072073457,6.586911115663301,294.431300458243
1735024824580,12.974247015096688,77.5946612484694,6.644159145482157,294.6643726854213
1735024824600,12.974249108280441,77.5946617784539,6.701651216532215,294.8973848348178
1735024824620,12.97425120092221,77.59466231068748,6.75938726576637,295.1303366509061
1735024824640,12.9742532930197,77.59466284516957,6.817367229869964,295.3632278782259
1735024824660,12.974255384570617,77.59466338189958,6.875591045260858,295.5960582613836
1735024824680,12.974257475572669,77.59466392087691,6.9340586480895,295.8288275450519
1735024824700,12.974259566023562,77.59466446210098,6.9927699742389935,296.06153547397093
1735024824720,12.974261655921003,77.59466500557119,7.051724959325172,296.2941817929478
1735024824740,12.974263745262702,77.59466555128695,7.110923538696666,296.52676624685733
1735024824760,12.974265834046365,77.59466609924768,7.1703656474349735,296.75928858064214
1735024824780,12.974267922269703,77.59466664945273,7.230051220354535,296.991748539313
1735024824800,12.974270009930425,77.59466720190153,7.289980192002801,297.22414586794906
1735024824820,12.974272097026244,77.59466775659348,7.350152496660307,297.45648031169816
1735024824840,12.97427418355487,77.59466831352796,7.410568068340742,297.6887516157771
1735024824860,12.974276269514013,77.59466887270435,7.471226840791026,297.9209595254719
1735024824880,12.974278354901388,77.59466943412205,7.532128747491376,298.1531037861381
1735024824900,12.974280439714708,77.59466999778046,7.593273721655383,298.3851841432011
1735024824920,12.974282523951684,77.59467056367892,7.654661696230089,298.6172003421563
1735024824940,12.974284607610032,77.59467113181684,7.71629260389605,298.8491521285695
1735024824960,12.97428669068747,77.5946717021936,7.7781663770674205,299.0810392480771
1735024824980,12.974288773181708,77.59467227480854,7.840282947892022,299.3128614463865
1735024825000,12.974290855090468,77.59467284966108,7.902642248251418,299.54461846927614
1735024825020,12.974292936411462,77.59467342675055,7.965244209760989,299.7763100625961
1735024825040,12.974295017142412,77.59467400607635,8.02808876377001,300.00793597226817
1735024825060,12.974297097281031,77.59467458763781,8.09117584136172,300.2394959442861
1735024825080,12.974299176825042,77.59467517143432,8.154505373353405,300.470989724716
1735024825100,12.974301255772165,77.59467575746523,8.218077290296469,300.70241705969653
1735024825120,12.974303334120117,77.5946763457299,8.281891522476508,300.93377769543923
1735024825140,12.97430541186662,77.59467693622766,8.345947999913394,301.16507137822884
1735024825160,12.974307489009398,77.5946775289579,8.410246652361344,301.39629785442344
1735024825180,12.974309565546168,77.59467812391996,8.474787409309004,301.62745687045486
1735024825200,12.974311641474658,77.59467872111317,8.539570199979519,301.85854817282893
1735024825220,12.974313716792588,77.5946793205369,8.604594953330617,302.0895715081257
1735024825240,12.974315791497686,77.59467992219047,8.669861598054682,302.3205266229997
1735024825260,12.974317865587672,77.59468052607323,8.735370062578836,302.5514132641804
1735024825280,12.974319939060274,77.59468113218452,8.801120275065015,302.7822311784722
1735024825300,12.97432201191322,77.59468174052368,8.86711216341005,303.01298011275503
1735024825320,12.974324084144232,77.59468235109003,8.933345655245745,303.2436598139844
1735024825340,12.974326155751044,77.5946829638829,8.999820677938954,303.47427002919164
1735024825360,12.974328226731377,77.59468357890164,9.066537158591665,303.70481050548443
1735024825380,12.974330297082966,77.59468419614555,9.133495024041075,303.9352809900469
1735024825400,12.974332366803537,77.59468481561396,9.200694200859676,304.1656812301399
1735024825420,12.974334435890823,77.5946854373062,9.268134615355333,304.3960109731013
1735024825440,12.974336504342551,77.59468606122158,9.33581619357136,304.62626996634623
1735024825460,12.974338572156457,77.59468668735941,9.403738861286609,304.8564579573676
1735024825480,12.97434063933027,77.59468731571903,9.471902544015546,305.08657469373594
1735024825500,12.974342705861726,77.59468794629971,9.540307167008336,305.3166199231001
1735024825520,12.974344771748559,77.59468857910079,9.608952655250922,305.5465933931873
1735024825540,12.974346836988499,77.59468921412157,9.677838933465111,305.7764948518034
1735024825560,12.974348901579285,77.59468985136135,9.74696592610865,306.00632404683324
1735024825580,12.974350965518653,77.59469049081943,9.81633355737532,306.2360807262409
1735024825600,12.974353028804337,77.5946911324951,9.885941751195004,306.4657646380701
1735024825620,12.974355091434079,77.59469177638768,9.955790431233785,306.6953755304442
1735024825640,12.974357153405611,77.59469242249645,10.025879520894021,306.9249131515668
1735024825660,12.974359214716676,77.5946930708207,10.09620894331443,307.1543772497216
1735024825680,12.974361275365014,77.5946937213597,10.16677862137018,307.38376757327325
1735024825700,12.974363335348363,77.59469437411279,10.237588477672963,307.61308387066697
1735024825720,12.974365394664463,77.5946950290792,10.308638434571092,307.84232589042944
1735024825740,12.974367453311059,77.59469568625825,10.379928414149576,308.07149338116864
1735024825760,12.974369511285891,77.59469634564918,10.451458338230212,308.3005860915743
1735024825780,12.974371568586703,77.59469700725131,10.523228128371668,308.5296037704182
1735024825800,12.97437362521124,77.59469767106388,10.59523770586957,308.75854616655437
1735024825820,12.974375681157245,77.59469833708619,10.667486991756586,308.9874130289194
1735024825840,12.974377736422463,77.59469900531748,10.739975906802517,309.2162041065327
1735024825860,12.974379791004642,77.59469967575704,10.812704371514378,309.4449191484968
1735024825880,12.97438184490153,77.59470034840413,10.885672306136492,309.6735579039977
1735024825900,12.974383898110869,77.59470102325801,10.95887963065057,309.90212012230484
1735024825920,12.974385950630413,77.59470170031794,11.032326264775806,310.1306055527718
1735024825940,12.974388002457909,77.59470237958318,11.10601212796896,310.35901394483625
1735024825960,12.974390053591108,77.59470306105298,11.179937139424448,310.58734504802044
1735024825980,12.974392104027759,77.5947037447266,11.25410121807443,310.81559861193125
1735024826000,12.974394153765614,77.59470443060327,11.328504282588902,311.04377438626074
1735024826020,12.974396202802426,77.59470511868227,11.403146251375782,311.27187212078616
1735024826040,12.974398251135948,77.59470580896283,11.478027042580997,311.4998915653703
1735024826060,12.974400298763932,77.59470650144418,11.55314657408858,311.72783246996204
1735024826080,12.974402345684135,77.59470719612558,11.628504763520752,311.9556945845961
1735024826100,12.97440439189431,77.59470789300626,11.70410152823802,312.18347765939376
1735024826120,12.974406437392215,77.59470859208545,11.779936785339263,312.411181444563
1735024826140,12.974408482175606,77.5947092933624,11.856010451661822,312.6388056903986
1735024826160,12.97441052624224,77.59470999683631,11.932322443781596,312.8663501472828
1735024826180,12.974412569589877,77.59471070250646,12.008872678013129,313.0938145656851
1735024826200,12.974414612216275,77.59471141037203,12.085661070409701,313.32119869616287
1735024826220,12.974416654119194,77.59471212043225,12.162687536763427,313.5485022893616
1735024826240,12.974418695296395,77.59471283268637,12.239951992605342,313.775725096015
1735024826260,12.974420735745639,77.59471354713358,12.317454353205495,314.0028668669454
1735024826280,12.97442277546469,77.5947142637731,12.395194533573045,314.229927353064
1735024826300,12.97442481445131,77.59471498260416,12.473172448456355,314.45690630537115
1735024826320,12.974426852703264,77.59471570362595,12.551388012343079,314.68380347495656
1735024826340,12.974428890218316,77.5947164268377,12.629841139460261,314.9106186129997
1735024826360,12.974430926994232,77.59471715223862,12.708531743774428,315.13735147077
1735024826380,12.974432963028777,77.59471787982788,12.787459738991682,315.364001799627
1735024826400,12.97443499831972,77.59471860960471,12.866625038557801,315.5905693510208
1735024826420,12.974437032864829,77.59471934156831,12.946027555658329,315.8170538764924
1735024826440,12.974439066661871,77.59472007571787,13.025667203218667,316.0434551276737
1735024826460,12.974441099708619,77.59472081205259,13.10554389390418,316.269772856288
1735024826480,12.97444313200284,77.59472155057165,13.18565754012028,316.4960068141501
1735024826500,12.974445163542308,77.59472229127427,13.266008054012532,316.7221567531668
1735024826520,12.974447194324792,77.5947230341596,13.346595347466748,316.94822242533695
1735024826540,12.974449224348069,77.59472377922684,13.427419332109077,317.1742035827518
1735024826560,12.97445125360991,77.59472452647518,13.50847991930611,317.40009997759523
1735024826580,12.97445328210809,77.5947252759038,13.589777020164975,317.6259113621442
1735024826600,12.974455309840387,77.59472602751187,13.671310545533434,317.8516374887689
1735024826620,12.974457336804573,77.59472678129856,13.753080405999977,318.07727810993293
1735024826640,12.974459362998429,77.59472753726307,13.835086511893929,318.30283297819363
1735024826660,12.974461388419732,77.59472829540455,13.917328773285536,318.5283018462025
1735024826680,12.974463413066259,77.59472905572217,13.999807099986079,318.75368446670524
1735024826700,12.974465436935793,77.5947298182151,14.082521401547957,318.97898059254214
1735024826720,12.97446746002611,77.59473058288249,14.165471587264799,319.2041899766484
1735024826740,12.974469482334996,77.59473134972353,14.248657566171554,319.4293123720544
1735024826760,12.974471503860231,77.59473211873737,14.332079247044598,319.6543475318858
1735024826780,12.9744735245996,77.59473288992314,14.415736538401829,319.8792952093638
1735024826800,12.974475544550884,77.59473366328002,14.499629348502769,320.1041551578059
1735024826820,12.97447756371187,77.59473443880717,14.583757585348666,320.32892713062546
1735024826840,12.974479582080345,77.59473521650371,14.668121156682593,320.55361088133253
1735024826860,12.974481599654093,77.59473599636881,14.75271996998955,320.77820616353375
1735024826880,12.9744836164309,77.59473677840161,14.837553932496567,321.0027127309329
1735024826900,12.974485632408559,77.59473756260124,14.922622951172801,321.227130337331
1735024826920,12.974487647584857,77.59473834896686,15.007926932729644,321.45145873662665
1735024826940,12.974489661957584,77.5947391374976,15.09346578362082,321.67569768281624
1735024826960,12.97449167552453,77.59473992819258,15.17923941004249,321.8998469299943
1735024826980,12.974493688283488,77.59474072105095,15.265247717933356,322.1239062323536
1735024827000,12.974495700232252,77.59474151607185,15.351490612974764,322.34787534418575
1735024827020,12.974497711368613,77.59474231325439,15.437968000590805,322.5717540198811
1735024827040,12.974499721690368,77.59474311259768,15.524679785948422,322.79554201392926
1735024827060,12.97450173119531,77.59474391410089,15.611625873957507,323.01923908091925
1735024827080,12.97450373988124,77.59474471776309,15.698806169271016,323.2428449755398
1735024827100,12.974505747745948,77.59474552358344,15.786220576285066,323.46635945257964
1735024827120,12.974507754787238,77.59474633156104,15.873868999139042,323.6897822669277
1735024827140,12.974509761002906,77.59474714169501,15.9617513417157,323.9131131735735
1735024827160,12.974511766390753,77.59474795398444,16.049867507641277,324.13635192760734
1735024827180,12.974513770948581,77.59474876842846,16.138217400285594,324.35949828422054
1735024827200,12.97451577467419,77.59474958502618,16.22680092276216,324.58255199870575
1735024827220,12.974517777565383,77.59475040377669,16.31561797792828,324.80551282645723
1735024827240,12.974519779619964,77.5947512246791,16.404668468385168,325.0283805229711
1735024827260,12.974521780835738,77.5947520477325,16.49395229647804,325.25115484384554
1735024827280,12.97452378121051,77.594752872936,16.583469364296228,325.4738355447813
1735024827300,12.974525780742084,77.59475370028869,16.673219573673293,325.6964223815816
1735024827320,12.974527779428271,77.59475452978967,16.76320282618713,325.91891511015274
1735024827340,12.974529777266877,77.59475536143802,16.853419023160065,326.14131348650415
1735024827360,12.974531774255713,77.59475619523282,16.94386806565898,326.36361726674875
1735024827380,12.974533770392586,77.59475703117319,17.034549854495406,326.58582620710314
1735024827400,12.974535765675311,77.59475786925817,17.125464290225647,326.807940063888
1735024827420,12.974537760101695,77.59475870948687,17.216611273150875,327.02995859352825
1735024827440,12.974539753669555,77.59475955185836,17.307990703317245,327.25188155255336
1735024827460,12.974541746376705,77.59476039637171,17.399602480516013,327.4737086975976
1735024827480,12.974543738220955,77.59476124302601,17.49144650428363,327.6954397854003
1735024827500,12.974545729200125,77.59476209182031,17.58352267390186,327.91707457280614
1735024827520,12.974547719312032,77.5947629427537,17.6758308883979,328.13861281676543
1735024827540,12.97454970855449,77.59476379582524,17.76837104654447,328.3600542743343
1735024827560,12.974551696925321,77.59476465103398,17.86114304685994,328.58139870267496
1735024827580,12.974553684422341,77.59476550837901,17.95414678760844,328.8026458590562
1735024827600,12.974555671043374,77.59476636785936,18.047382166799963,329.0237955008534
1735024827620,12.97455765678624,77.59476722947412,18.140849082190485,329.2448473855488
1735024827640,12.974559641648762,77.59476809322231,18.23454743128207,329.4658012707319
1735024827660,12.974561625628763,77.594768959103,18.328477111322993,329.68665691409973
1735024827680,12.974563608724067,77.59476982711524,18.422638019307843,329.90741407345695
1735024827700,12.974565590932498,77.59477069725808,18.51703005197764,330.1280725067163
1735024827720,12.974567572251884,77.59477156953058,18.61165310581994,330.3486319718987
1735024827740,12.974569552680052,77.59477244393175,18.70650707706897,330.56909222713375
1735024827760,12.97457153221483,77.59477332046065,18.80159186170572,330.7894530306597
1735024827780,12.974573510854048,77.59477419911632,18.89690735545806,331.0097141408238
1735024827800,12.974575488595535,77.59477507989779,18.99245345380087,331.2298753160829
1735024827820,12.974577465437122,77.5947759628041,19.088230051956135,331.4499363150032
1735024827840,12.974579441376642,77.59477684783428,19.184237044893074,331.66989689626087
1735024827860,12.97458141641193,77.59477773498736,19.280474327328246,331.8897568186421
1735024827880,12.974583390540817,77.59477862426237,19.37694179372567,332.1095158410436
1735024827900,12.974585363761138,77.59477951565833,19.473639338296945,332.32917372247266
1735024827920,12.97458733607073,77.59478040917426,19.570566855001353,332.5487302220474
1735024827940,12.974589307467433,77.59478130480917,19.66772423754599,332.76818509899726
1735024827960,12.974591277949079,77.59478220256212,19.76511137938587,332.98753811266306
1735024827980,12.974593247513514,77.59478310243207,19.862728173724058,333.2067890224973
1735024828000,12.974595216158573,77.59478400441809,19.960574513511766,333.42593758806447
1735024828020,12.9745971838821,77.59478490851913,20.058650291448483,333.6449835690413
1735024828040,12.974599150681934,77.59478581473425,20.156955399982095,333.863926725217
1735024828060,12.974601116555922,77.59478672306243,20.255489731309,334.08276681649363
1735024828080,12.974603081501906,77.59478763350268,20.354253177374222,334.30150360288616
1735024828100,12.974605045517732,77.59478854605399,20.453245629871528,334.5201368445228
1735024828120,12.974607008601247,77.59478946071539,20.552466980243562,334.73866630164554
1735024828140,12.974608970750294,77.59479037748585,20.651917119681944,334.95709173460995
1735024828160,12.974610931962728,77.59479129636436,20.751595939127405,335.1754129038858
1735024828180,12.974612892236392,77.59479221734993,20.851503329269896,335.3936295700571
1735024828200,12.97461485156914,77.59479314044155,20.951639180548714,335.61174149382254
1735024828220,12.974616809958821,77.59479406563821,21.05200338315262,335.82974843599567
1735024828240,12.97461876740329,77.59479499293887,21.15259582701996,336.04765015750513
1735024828260,12.974620723900399,77.59479592234254,21.253416401838788,336.265446419395
1735024828280,12.974622679448002,77.5947968538482,21.35446499704698,336.48313698282493
1735024828300,12.974624634043955,77.59479778745481,21.45574150183236,336.70072160907057
1735024828320,12.974626587686116,77.59479872316136,21.557245805132826,336.91820005952366
1735024828340,12.97462854037234,77.59479966096681,21.658977795636464,337.13557209569245
1735024828360,12.974630492100488,77.59480060087016,21.76093736178167,337.35283747920187
1735024828380,12.974632442868417,77.59480154287034,21.86312439175728,337.56999597179373
1735024828400,12.97463439267399,77.59480248696634,21.96553877350269,337.78704733532714
1735024828420,12.974636341515067,77.59480343315714,22.06818039470797,338.00399133177865
1735024828440,12.974638289389514,77.59480438144168,22.171049142813995,338.22082772324256
1735024828460,12.974640236295192,77.59480533181892,22.274144905012573,338.4375562719312
1735024828480,12.974642182229967,77.59480628428783,22.37746756824656,338.65417674017516
1735024828500,12.974644127191704,77.59480723884734,22.481017019209983,338.87068889042354
1735024828520,12.974646071178272,77.59480819549644,22.584793144348176,339.08709248524417
1735024828540,12.974648014187538,77.59480915423406,22.688795829857895,339.303387287324
1735024828560,12.974649956217371,77.59481011505915,22.793024961687443,339.51957305946934
1735024828580,12.974651897265643,77.59481107797065,22.897480425536795,339.73564956460586
1735024828600,12.974653837330223,77.59481204296752,23.002162106857728,339.95161656577926
1735024828620,12.974655776408984,77.59481301004868,23.107069890853946,340.1674738261552
1735024828640,12.9746577144998,77.5948139792131,23.212203662481198,340.3832211090197
1735024828660,12.974659651600549,77.59481495045969,23.317563306447415,340.5988581777795
1735024828680,12.9746615877091,77.5948159237874,23.423148707212828,340.81438479596204
1735024828700,12.974663522823336,77.59481689919515,23.5289597489901,341.029800727216
1735024828720,12.97466545694113,77.59481787668189,23.63499631574445,341.24510573531137
1735024828740,12.974667390060365,77.59481885624652,23.74125829119378,341.4602995841398
1735024828760,12.974669322178919,77.59481983788798,23.847745558808807,341.67538203771494
1735024828780,12.974671253294673,77.59482082160521,23.954458001813183,341.8903528601724
1735024828800,12.97467318340551,77.59482180739711,24.061395503183633,342.10521181577036
1735024828820,12.974675112509315,77.59482279526262,24.168557945650072,342.3199586688896
1735024828840,12.97467704060397,77.59482378520062,24.275945211695745,342.53459318403395
1735024828860,12.97467896768736,77.59482477721006,24.383557183557347,342.74911512583026
1735024828880,12.974680893757375,77.59482577128983,24.491393743225156,342.96352425902893
1735024828900,12.9746828188119,77.59482676743886,24.599454772443163,343.1778203485041
1735024828920,12.974684742848824,77.59482776565604,24.7077401527092,343.3920031592538
1735024828940,12.97468666586604,77.59482876594028,24.81624976527507,343.60607245640034
1735024828960,12.974688587861435,77.59482976829048,24.92498349114668,343.82002800519047
1735024828980,12.974690508832905,77.59483077270555,25.033941211084166,344.0338695709957
1735024829000,12.97469242877834,77.59483177918439,25.143122805602026,344.2475969193125
1735024829020,12.974694347695639,77.59483278772588,25.25252815496926,344.4612098157627
1735024829040,12.974696265582693,77.59483379832892,25.362157139209483,344.67470802609347
1735024829060,12.974698182437402,77.59483481099242,25.472009638101078,344.88809131617796
1735024829080,12.974700098257662,77.59483582571525,25.582085531177306,345.1013594520152
1735024829100,12.974702013041373,77.5948368424963,25.692384697726457,345.3145121997304
1735024829120,12.974703926786436,77.59483786133447,25.80290701679197,345.5275493255756
1735024829140,12.97470583949075,77.59483888222861,25.91365236717257,345.7404705959294
1735024829160,12.97470775115222,77.59483990517764,26.0246206274224,345.95327577729756
1735024829180,12.974709661768749,77.59484093018041,26.135811675851162,346.16596463631305
1735024829200,12.97471157133824,77.5948419572358,26.247225390524232,346.3785369397365
1735024829220,12.9747134798586,77.5948429863427,26.358861649262817,346.5909924544563
1735024829240,12.974715387327738,77.59484401749995,26.470720329644067,346.8033309474889
1735024829260,12.97471729374356,77.59484505070645,26.582801309001226,347.0155521859792
1735024829280,12.974719199103975,77.59484608596107,26.695104464423757,347.22765593720044
1735024829300,12.974721103406894,77.59484712326265,26.807629672757482,347.439641968555
1735024829320,12.97472300665023,77.59484816261006,26.92037681060471,347.65151004757416
1735024829340,12.974724908831895,77.59484920400217,27.033345754324383,347.86325994191856
1735024829360,12.974726809949804,77.59485024743782,27.146536380032202,348.0748914193785
1735024829380,12.97472871000187,77.59485129291589,27.25994856360077,348.2864042478741
1735024829400,12.974730608986011,77.59485234043522,27.373582180659717,348.49779819545563
1735024829420,12.974732506900143,77.59485338999465,27.487437106595852,348.70907303030367
1735024829440,12.974734403742186,77.59485444159306,27.60151321655329,348.9202285207295
1735024829460,12.974736299510061,77.59485549522927,27.71581038543359,349.13126443517524
1735024829480,12.974738194201688,77.59485655090212,27.830328487895887,349.3421805422141
1735024829500,12.974740087814988,77.59485760861048,27.945067398357047,349.5529766105508
1735024829520,12.974741980347885,77.59485866835317,28.060026990991783,349.76365240902146
1735024829540,12.974743871798305,77.59485973012904,28.17520713973281,349.9742077065943
1735024829560,12.974745762164172,77.59486079393692,28.290607718270966,350.1846422723697
1735024829580,12.974747651443415,77.59486185977562,28.40622860005537,350.3949558755802
1735024829600,12.97474953963396,77.59486292764402,28.522069658293553,350.60514828559127
1735024829620,12.974751426733738,77.5948639975409,28.638130765951587,350.8152192719011
1735024829640,12.974753312740678,77.59486506946511,28.754411795754237,351.0251686041412
1735024829660,12.974755197652712,77.59486614341549,28.870912620185095,351.2349960520762
1735024829680,12.974757081467775,77.59486721939084,28.987633111486726,351.44470138560473
1735024829700,12.9747589641838,77.59486829738998,29.1045731416608,351.65428437475913
1735024829720,12.974760845798722,77.59486937741174,29.221732582468235,351.86374478970595
1735024829740,12.974762726310477,77.59487045945492,29.339111305429338,352.07308240074616
1735024829760,12.974764605717004,77.59487154351835,29.456709181823946,352.2822969783154
1735024829780,12.974766484016241,77.59487262960083,29.574526082691573,352.49138829298425
1735024829800,12.974768361206129,77.59487371770118,29.69256187883154,352.7003561154584
1735024829820,12.97477023728461,77.59487480781819,29.810816440803123,352.9092002165791
1735024829840,12.974772112249624,77.59487589995067,29.929289638925695,353.1179203673231
1735024829860,12.97477398609912,77.59487699409743,30.04798134327887,353.32651633880323
1735024829880,12.974775858831036,77.59487809025727,30.16689142370264,353.5349879022684
1735024829900,12.974777730443325,77.59487918842899,30.286019749797525,353.743334829104
1735024829920,12.97477960093393,77.59488028861136,30.405366190924706,353.9515568908321
1735024829940,12.974781470300801,77.59488139080321,30.524930616206177,354.1596538591116
1735024829960,12.97478333854189,77.59488249500332,30.644712894524886,354.36762550573866
1735024829980,12.974785205655145,77.59488360121047,30.76471289452488,354.5754716026469
1735024830000,12.974787071638522,77.59488470942344,30.884930484611445,354.78319192190764
1735024830020,12.974788936489972,77.59488581964104,31.005365532951252,354.99078623573
1735024830040,12.974790800207451,77.59488693186202,31.126017907472505,355.19825431646143
1735024830060,12.974792662788914,77.59488804608519,31.24688747586508,355.4055959365877
1735024830080,12.97479452423232,77.59488916230931,31.36797410558068,355.61281086873333
1735024830100,12.97479638453563,77.59489028053318,31.48927766383296,355.8198988856617
1735024830120,12.974798243696798,77.59489140075554,31.610798017597705,356.02685976027544
1735024830140,12.97480010171379,77.59489252297519,31.732535033612944,356.2336932656166
1735024830160,12.974801958584566,77.59489364719087,31.85448857837911,356.4403991748668
1735024830180,12.974803814307089,77.59489477340138,31.976658518159194,356.64697726134773
1735024830200,12.974805668879327,77.59489590160547,32.099044718978874,356.8534272985212
1735024830220,12.974807522299246,77.59489703180189,32.22164704662667,357.0597490599894
1735024830240,12.97480937456481,77.59489816398941,32.344465366654106,357.2659423194952
1735024830260,12.97481122567399,77.59489929816681,32.46749954437583,357.47200685092247
1735024830280,12.974813075624757,77.59490043433281,32.590749444869786,357.67794242829615
1735024830300,12.974814924415082,77.59490157248618,32.71421493297734,357.8837488257826
1735024830320,12.974816772042937,77.59490271262568,32.83789587330345,358.08942581768997
1735024830340,12.974818618506294,77.59490385475006,32.9617921302168,358.2949731784681
1735024830360,12.974820463803132,77.59490499885806,33.085903567849954,358.5003906827092
1735024830380,12.974822307931424,77.59490614494841,33.2102300500995,358.70567810514774
1735024830400,12.974824150889148,77.59490729301989,33.334771440626206,358.9108352206609
1735024830420,12.974825992674285,77.5949084430712,33.45952760285517,359.1158618042687
1735024830440,12.974827833284815,77.5949095951011,33.58449839997596,359.3207576311344
1735024830460,12.974829672718718,77.59491074910834,33.70968369494278,359.5255224765647
1735024830480,12.974831510973978,77.59491190509164,33.835083350474605,359.73015611600965
1735024830500,12.974833348048579,77.59491306304972,33.96069722905533,359.9346583250635
1735024830520,12.974835183940504,77.59491422298132,34.086525192933934,360.13902887946443
1735024830540,12.974837018647744,77.59491538488518,34.21256710412464,360.34326755509517
1735024830560,12.974838852168284,77.59491654876001,34.338822824407025,360.5473741279829
1735024830580,12.974840684500114,77.59491771460455,34.46529221532622,360.75134837429977
1735024830600,12.974842515641225,77.5949188824175,34.59197513819303,360.95519007036296
1735024830620,12.97484434558961,77.5949200521976,34.718871454084095,361.1588989926351
1735024830640,12.97484617434326,77.59492122394354,34.84598102384204,361.36247491772434
1735024830660,12.974848001900169,77.59492239765407,34.973303708075655,361.56591762238475
1735024830680,12.974849828258336,77.59492357332789,35.100839367159985,361.76922688351647
1735024830700,12.974851653415756,77.5949247509637,35.228587861236555,361.9724024781659
1735024830720,12.974853477370429,77.59492593056021,35.356549050213474,362.1754441835262
1735024830740,12.974855300120353,77.59492711211614,35.484722793765606,362.3783517769372
1735024830760,12.974857121663531,77.59492829563018,35.61310895133473,362.5811250358858
1735024830780,12.974858941997963,77.59492948110103,35.74170738212968,362.7837637380063
1735024830800,12.974860761121654,77.59493066852741,35.870517945126515,362.9862676610805
1735024830820,12.974862579032612,77.59493185790801,35.99954049906865,363.18863658303803
1735024830840,12.974864395728838,77.59493304924152,36.12877490246704,363.39087028195655
1735024830860,12.974866211208344,77.59493424252662,36.25822101360032,363.592968536062
1735024830880,12.974868025469137,77.59493543776203,36.38787869051495,363.7949311237289
1735024830900,12.974869838509228,77.59493663494642,36.51774779102539,363.99675782348044
1735024830920,12.97487165032663,77.5949378340785,36.647828172714256,364.19844841398896
1735024830940,12.974873460919353,77.59493903515691,36.77811969293245,364.400002674076
1735024830960,12.974875270285414,77.59494023818037,36.90862220879935,364.6014203827126
1735024830980,12.97487707842283,77.59494144314756,37.03933557720295,364.8027013190195
1735024831000,12.974878885329616,77.59494265005715,37.170259654800006,365.0038452622675
1735024831020,12.97488069100379,77.59494385890781,37.30139429801622,365.2048519918776
1735024831040,12.974882495443373,77.59494506969823,37.43273936304638,365.40572128742133
1735024831060,12.974884298646385,77.59494628242706,37.564294705854515,365.6064529286208
1735024831080,12.974886100610851,77.59494749709299,37.69606018217406,365.8070466953492
1735024831100,12.974887901334792,77.59494871369468,37.82803564750801,366.0075023676308
1735024831120,12.974889700816236,77.59494993223079,37.960220957129096,366.2078197256415
1735024831140,12.974891499053209,77.5949511527,38.09261596607991,366.4079985497087
1735024831160,12.974893296043737,77.59495237510096,38.2252205291731,366.60803862031173
1735024831180,12.974895091785852,77.59495359943234,38.358034500991494,366.80793971808214
1735024831200,12.974896886277582,77.59495482569278,38.49105773588829,367.0077016238039
1735024831220,12.974898679516963,77.59495605388095,38.624290087987205,367.20732411841357
1735024831240,12.974900471502025,77.59495728399548,38.757731411182625,367.4068069830006
1735024831260,12.974902262230803,77.59495851603506,38.89138155913978,367.6061499988076
1735024831280,12.974904051701335,77.59495974999831,39.0252403852949,367.8053529472305
1735024831300,12.974905839911658,77.59496098588389,39.15930774285536,368.00441560981886
1735024831320,12.97490762685981,77.59496222369043,39.293583484799875,368.203337768276
1735024831340,12.974909412543834,77.59496346341659,39.42806746387862,368.40211920445944
1735024831360,12.97491119696177,77.594964705061,39.56275953261343,368.60075970038093
1735024831380,12.974912980111661,77.5949659486223,39.69765954329793,368.79925903820686
1735024831400,12.97491476199155,77.59496719409913,39.83276734799773,368.9976170002583
1735024831420,12.974916542599487,77.59496844149011,39.96808279855055,369.19583336901144
1735024831440,12.974918321933515,77.59496969079389,40.1036057465664,369.39390792709776
1735024831460,12.974920099991687,77.59497094200908,40.23933604342776,369.5918404573042
1735024831480,12.97492187677205,77.59497219513435,40.37527354028971,369.7896307425735
1735024831500,12.974923652272656,77.59497345016828,40.51141808808013,369.9872785660043
1735024831520,12.97492542649156,77.5949747071095,40.64776953749981,370.1847837108516
1735024831540,12.974927199426814,77.59497596595666,40.784327739022686,370.38214596052677
1735024831560,12.974928971076475,77.59497722670835,40.92109254289594,370.57936509859786
1735024831580,12.974930741438598,77.59497848936321,41.0580637991402,370.77644090878994
1735024831600,12.974932510511245,77.59497975391984,41.19524135754968,370.9733731749852
1735024831620,12.974934278292475,77.59498102037685,41.332625067692376,371.17016168122336
1735024831640,12.974936044780346,77.59498228873287,41.470214778910204,371.3668062117016
1735024831660,12.974937809972927,77.59498355898648,41.60801034031917,371.56330655077505
1735024831680,12.974939573868276,77.59498483113633,41.746011600809545,371.7596624829571
1735024831700,12.974941336464463,77.594986105181,41.884218409046035,371.9558737929193
1735024831720,12.974943097759553,77.59498738111907,42.022630613467925,372.15194026549193
1735024831740,12.974944857751614,77.59498865894918,42.16124806228926,372.34786168566404
1735024831760,12.97494661643872,77.5949899386699,42.300070603499016,372.54363783858383
1735024831780,12.974948373818938,77.59499122027984,42.43909808486125,372.7392685095587
1735024831800,12.974950129890342,77.5949925037776,42.578330353915284,372.93475348405565
1735024831820,12.974951884651006,77.59499378916176,42.717767257975865,373.1300925477014
1735024831840,12.974953638099006,77.59499507643093,42.85740864413333,373.3252854862827
1735024831860,12.97495539023242,77.59499636558367,42.99725435925378,373.52033208574665
1735024831880,12.974957141049327,77.59499765661859,43.13730424997924,373.7152321322007
1735024831900,12.974958890547805,77.59499894953426,43.27755816272783,373.90998541191306
1735024831920,12.974960638725936,77.59500024432927,43.418015943693945,374.1045917113128
1735024831940,12.974962385581804,77.59500154100219,43.5586774388484,374.29905081699036
1735024831960,12.974964131113492,77.59500283955161,43.69954249393862,374.4933625156974
1735024831980,12.974965875319088,77.59500413997611,43.84061095448881,374.6875265943474
1735024832000,12.974967618196676,77.59500544227424,43.98188266580009,374.8815428400156
1735024832020,12.974969359744346,77.5950067464446,44.12335747295072,375.07541103993935
1735024832040,12.97497109996019,77.59500805248575,44.26503522079623,375.2691309815185
1735024832060,12.974972838842298,77.59500936039625,44.406915753969585,375.46270245231534
1735024832080,12.974974576388764,77.59501067017466,44.54899891688139,375.65612524005496
1735024832100,12.974976312597681,77.59501198181957,44.69128455372003,375.84939913262565
1735024832119,12.974978047467145,77.59501329532951,44.83377250845187,376.0425239180788
1735024832140,12.974979780995255,77.59501461070306,44.976462624821394,376.2354993846295
1735024832160,12.974981513180111,77.59501592793879,45.11935474635139,376.4283253206564
1735024832180,12.97498324401981,77.59501724703522,45.26244871634313,376.6210015147023
1735024832200,12.974984973512457,77.59501856799092,45.40574437787653,376.81352775547407
1735024832220,12.974986701656155,77.59501989080445,45.54924157381033,377.0059038318431
1735024832240,12.974988428449008,77.59502121547436,45.69294014678225,377.1981295328454
1735024832259,12.97499015388912,77.59502254199919,45.8368399392092,377.390204647682
1735024832280,12.974991877974603,77.59502387037746,45.9809407932874,377.58212896571894
1735024832299,12.974993600703565,77.59502520060776,46.12524255099261,377.77390227648766
1735024832320,12.974995322074117,77.5950265326886,46.269745054080246,377.9655243696852
1735024832340,12.974997042084368,77.59502786661855,46.414448144085604,378.1569950351745
1735024832360,12.974998760732436,77.5950292023961,46.559351662324005,378.3483140629844
1735024832380,12.975000478016437,77.59503054001983,46.704455449890965,378.5394812433102
1735024832400,12.975002193934483,77.59503187948825,46.8497593476624,378.73049636651365
1735024832420,12.975003908484695,77.59503322079989,46.995263196294765,378.9213592231232
1735024832439,12.975005621665193,77.59503456395329,47.140966836225246,379.1120696038344
1735024832460,12.9750073334741,77.59503590894697,47.286870107671945,379.3026272995099
1735024832480,12.975009043909534,77.59503725577946,47.43297285063403,379.4930321011798
1735024832500,12.975010752969624,77.59503860444927,47.57927490489193,379.68328380004186
1735024832520,12.975012460652492,77.59503995495494,47.72577611000751,379.87338218746186
1735024832540,12.975014166956269,77.59504130729498,47.87247630532423,380.06332705497357
1735024832560,12.97501587187908,77.5950426614679,48.01937532996734,380.2531181942791
1735024832580,12.97501757541906,77.59504401747222,48.166473022844045,380.4427553972493
1735024832600,12.975019277574336,77.59504537530647,48.31376922264369,380.63223845592364
1735024832619,12.975020978343045,77.59504673496913,48.46126376783794,380.82156716251075
1735024832640,12.97502267772332,77.59504809645873,48.60895649668093,381.01074130938844
1735024832660,12.975024375713298,77.59504945977378,48.756847247209485,381.1997606891041
1735024832680,12.975026072311117,77.59505082491276,48.90493585724326,381.38862509437485
1735024832700,12.975027767514916,77.5950521918742,49.053222164384934,381.57733431808765
1735024832720,12.975029461322837,77.5950535606566,49.20170600602039,381.7658881532997
1735024832740,12.97503115373302,77.59505493125843,49.35038721931889,381.95428639323865
1735024832759,12.975032844743613,77.59505630367822,49.49926564123326,382.1425288313027
1735024832780,12.975034534352758,77.59505767791444,49.64834110850004,382.33061526106087
1735024832800,12.975036222558606,77.5950590539656,49.79761345763972,382.51854547625345
1735024832820,12.975037909359301,77.59506043183019,49.94708252495686,382.7063192707918
1735024832840,12.975039594752996,77.5950618115067,50.0967481465403,382.89393643875906
1735024832860,12.975041278737844,77.59506319299359,50.24661015826334,383.0813967744099
1735024832880,12.975042961311996,77.59506457628939,50.3966683957839,383.2687000721711
1735024832900,12.975044642473605,77.59506596139254,50.546922694544726,383.45584612664163
1735024832920,12.975046322220832,77.59506734830155,50.69737288977356,383.6428347325929
1735024832940,12.975048000551833,77.59506873701488,50.84801881648332,383.82966568496903
1735024832960,12.975049677464767,77.59507012753103,50.99886030947227,384.0163387788869
1735024832980,12.975051352957795,77.59507151984846,51.14989720332422,384.20285380963657
1735024833000,12.975053027029082,77.59507291396565,51.301129332408706,384.38921057268146
1735024833020,12.975054699676788,77.59507430988106,51.45255653088114,384.57540886365854
1735024833040,12.97505637089908,77.59507570759315,51.60417863268304,384.76144847837855
1735024833060,12.97505804069413,77.59507710710042,51.75599547154218,384.9473292128263
1735024833080,12.9750597090601,77.59507850840131,51.908006880972785,385.13305086316063
1735024833100,12.975061375995164,77.59507991149431,52.060212694275705,385.3186132257151
1735024833120,12.975063041497494,77.59508131637784,52.2126127445386,385.5040160969978
1735024833140,12.975064705565263,77.5950827230504,52.365206864636136,385.68925927369173
1735024833160,12.975066368196646,77.59508413151042,52.51799488723014,385.87434255265504
1735024833180,12.97506802938982,77.59508554175636,52.670976644769816,386.05926573092125
1735024833200,12.975069689142964,77.59508695378669,52.824151969491915,386.2440286056994
1735024833220,12.975071347454257,77.59508836759984,52.97752069342091,386.4286309743743
1735024833240,12.97507300432188,77.59508978319427,53.13108264836918,386.61307263450686
1735024833260,12.975074659744017,77.59509120056843,53.284837665937225,386.7973533838342
1735024833280,12.975076313718853,77.59509261972076,53.43878557751381,386.9814730202699
1735024833300,12.975077966244571,77.59509404064971,53.59292621427618,387.16543134190414
1735024833320,12.975079617319365,77.59509546335373,53.74725940719023,387.3492281470041
1735024833340,12.975081266941418,77.59509688783123,53.90178498701068,387.5328632340141
1735024833360,12.975082915108924,77.59509831408067,54.05650278428129,387.7163364015556
1735024833380,12.975084561820076,77.59509974210049,54.21141262933503,387.89964744842797
1735024833400,12.975086207073067,77.5951011718891,54.36651435229426,388.082796173608
1735024833420,12.975087850866093,77.59510260344496,54.52180778307092,388.2657823762508
1735024833440,12.975089493197352,77.59510403676649,54.67729275136672,388.44860585568944
1735024833460,12.97509113406504,77.59510547185211,54.83296908667334,388.6312664114356
1735024833480,12.975092773467365,77.59510690870025,54.98883661827257,388.81376384317963
1735024833500,12.975094411402521,77.59510834730935,55.14489517523657,388.99609795079067
1735024833520,12.975096047868716,77.5951097876778,55.30114458642799,389.17826853431706
1735024833540,12.975097682864154,77.59511122980405,55.45758468050019,389.36027539398634
1735024833560,12.975099316387043,77.59511267368651,55.61421528589743,389.54211833020577
1735024833580,12.975100948435593,77.5951141193236,55.771036230855046,389.7237971435622
1735024833600,12.97510257900801,77.59511556671372,55.92804734339965,389.90531163482257
1735024833620,12.97510420810251,77.5951170158553,56.085248451349294,390.08666160493397
1735024833640,12.975105835717303,77.59511846674673,56.24263938231369,390.26784685502395
1735024833660,12.975107461850607,77.59511991938645,56.40021996369439,390.4488671864006
1735024833680,12.975109086500638,77.59512137377283,56.55799002268496,390.629722400553
1735024833700,12.975110709665614,77.5951228299043,56.7159493862712,390.8104122991512
1735024833720,12.975112331343755,77.59512428777927,56.87409788123128,390.99093668404663
1735024833740,12.975113951533283,77.59512574739611,57.032435334136,391.1712953572721
1735024833760,12.97511557023242,77.59512720875325,57.190961571348915,391.35148812104217
1735024833780,12.975117187439393,77.59512867184907,57.349676419026586,391.5315147777535
1735024833800,12.975118803152428,77.59513013668197,57.50857970311871,391.71137512998473
1735024833820,12.975120417369752,77.59513160325035,57.66767124936836,391.8910689804969
1735024833840,12.975122030089596,77.5951330715526,57.82695088331214,392.07059613223373
1735024833860,12.975123641310189,77.5951345415871,57.98641843028041,392.24995638832166
1735024833880,12.975125251029766,77.59513601335225,58.14607371539745,392.42914955207016
1735024833900,12.975126859246563,77.59513748684643,58.30591656358166,392.60817542697197
1735024833920,12.975128465958816,77.595138962068,58.46594679954577,392.7870338167033
1735024833940,12.975130071164761,77.5951404390154,58.62616424779699,392.9657245251239
1735024833960,12.975131674862638,77.59514191768696,58.78656873263726,393.1442473562776
1735024833980,12.975133277050691,77.59514339808108,58.94716007816337,393.3226021143922
1735024834000,12.97513487772716,77.59514488019612,59.10793810826724,393.5007886038798
1735024834020,12.975136476890292,77.59514636403047,59.26890264663604,393.6788066293371
1735024834040,12.97513807453833,77.59514784958252,59.43005351675243,393.8566559955455
1735024834060,12.975139670669526,77.5951493368506,59.591390541894704,394.0343365074714
1735024834080,12.975141265282128,77.5951508258331,59.75291354513704,394.21184797026626
1735024834100,12.975142858374387,77.59515231652838,59.91462234934966,394.389190189267
1735024834120,12.975144449944555,77.59515380893482,60.07651677719904,394.56636296999625
1735024834140,12.975146039990888,77.59515530305079,60.23859665114808,394.7433661181622
1735024834160,12.975147628511642,77.59515679887463,60.40086179345632,394.92019943965926
1735024834180,12.975149215505075,77.59515829640469,60.56331202618015,395.096862740568
1735024834200,12.975150800969448,77.59515979563936,60.72594717117297,395.27335582715546
1735024834220,12.975152384903021,77.59516129657696,60.88876705008539,395.4496785058753
1735024834240,12.975153967304056,77.59516279921588,61.05177148436547,395.6258305833681
1735024834260,12.975155548170818,77.59516430355445,61.21496029525884,395.80181186646155
1735024834280,12.975157127501577,77.59516580959104,61.37833330380897,395.9776221621705
1735024834300,12.975158705294596,77.59516731732397,61.54189033085733,396.1532612776975
1735024834320,12.975160281548147,77.5951688267516,61.70563119704357,396.32872902043266
1735024834340,12.975161856260502,77.59517033787229,61.86955572280577,396.50402519795415
1735024834360,12.975163429429935,77.59517185068437,62.03366372838058,396.67914961802813
1735024834380,12.975165001054718,77.59517336518616,62.19795503380346,396.8541020886093
1735024834400,12.975166571133128,77.59517488137604,62.36242945890884,397.02888241784075
1735024834420,12.975168139663445,77.59517639925231,62.52708682333035,397.20349041405444
1735024834440,12.97516970664395,77.59517791881333,62.691926946501,397.37792588577133
1735024834460,12.97517127207292,77.59517944005742,62.85694964765338,397.5521886417015
1735024834480,12.975172835948642,77.59518096298292,63.022154745819876,397.72627849074445
1735024834500,12.9751743982694,77.59518248758816,63.18754205983283,397.90019524198937
1735024834520,12.975175959033482,77.59518401387146,63.35311140832478,398.07393870471515
1735024834540,12.975177518239173,77.59518554183116,63.51886260972863,398.24750868839084
1735024834560,12.975179075884768,77.59518707146557,63.68479548227787,398.4209050026756
1735024834580,12.975180631968554,77.59518860277302,63.85090984400676,398.59412745741923
1735024834600,12.975182186488826,77.59519013575184,64.01720551275054,398.767175862662
1735024834620,12.975183739443882,77.59519167040033,64.1836823061456,398.9400500286351
1735024834640,12.975185290832016,77.5951932067168,64.35034004162974,399.11274976576084
1735024834660,12.975186840651528,77.5951947446996,64.51717853644232,399.2852748846528
1735024834680,12.975188388900719,77.59519628434701,64.68419760762447,399.45762519611594
1735024834700,12.97518993557789,77.59519782565737,64.8513970720193,399.6298005111471
1735024834720,12.975191480681342,77.59519936862897,65.0187767462721,399.8018006409349
1735024834740,12.975193024209387,77.59520091326011,65.18633644683052,399.97362539686014
1735024834760,12.97519456616033,77.59520245954913,65.35407598994482,400.1452745904959
1735024834780,12.975196106532477,77.5952040074943,65.52199519166801,400.3167480336078
1735024834800,12.97519764532414,77.59520555709395,65.69009386785612,400.48804553815415
1735024834820,12.975199182533636,77.59520710834636,65.85837183416832,400.65916691628627
1735024834840,12.975200718159273,77.59520866124983,66.0268289060672,400.83011198034853
1735024834860,12.97520225219937,77.59521021580267,66.19546489881891,401.00088054287875
1735024834880,12.975203784652246,77.59521177200315,66.36427962749343,401.17147241660825
1735024834900,12.975205315516218,77.5952133298496,66.5332729069647,401.3418874144622
1735024834920,12.975206844789609,77.59521488934028,66.70244455191086,401.51212534955954
1735024834940,12.97520837247074,77.59521645047352,66.87179437681446,401.6821860352136
1735024834960,12.975209898557937,77.59521801324755,67.04132219596266,401.85206928493193
1735024834980,12.975211423049528,77.5952195776607,67.21102782344742,402.02177491241673
1735024835000,12.975212947541117,77.59522114207385,67.38073345093218,402.19148053990153
1735024835020,12.975214472032707,77.595222706487,67.55043907841694,402.36118616738634
1735024835040,12.975215996524296,77.59522427090015,67.7201447059017,402.53089179487114
1735024835060,12.975217521015885,77.5952258353133,67.88985033338646,402.70059742235594
1735024835080,12.975219045507476,77.59522739972644,68.05955596087122,402.87030304984074
1735024835100,12.975220569999065,77.5952289641396,68.22926158835598,403.04000867732555
1735024835120,12.975222094490656,77.59523052855275,68.39896721584074,403.20971430481035
1735024835140,12.975223618982245,77.59523209296589,68.5686728433255,403.37941993229515
1735024835160,12.975225143473835,77.59523365737904,68.73837847081026,403.54912555977995
1735024835180,12.975226667965424,77.5952352217922,68.90808409829502,403.71883118726475
1735024835200,12.975228192457013,77.59523678620533,69.07778972577978,403.88853681474956
1735024835220,12.975229716948604,77.59523835061849,69.24749535326454,404.05824244223436
1735024835240,12.975231241440193,77.59523991503164,69.4172009807493,404.22794806971916
1735024835260,12.975232765931784,77.59524147944478,69.58690660823406,404.39765369720396
1735024835280,12.975234290423373,77.59524304385793,69.75661223571882,404.56735932468877
1735024835300,12.975235814914962,77.59524460827109,69.92631786320358,404.73706495217357
1735024835320,12.975237339406553,77.59524617268423,70.09602349068834,404.90677057965837
1735024835340,12.975238863898142,77.59524773709738,70.2657291181731,405.0764762071432
1735024835360,12.975240388389732,77.59524930151053,70.43543474565786,405.246181834628
1735024835380,12.975241912881321,77.59525086592367,70.60514037314262,405.4158874621128
1735024835400,12.975243437372912,77.59525243033683,70.77484600062738,405.5855930895976
1735024835420,12.975244961864501,77.59525399474998,70.94455162811214,405.7552987170824
1735024835440,12.97524648635609,77.59525555916312,71.1142572555969,405.9250043445672
1735024835460,12.97524801084768,77.59525712357627,71.28396288308166,406.094709972052
1735024835480,12.97524953533927,77.59525868798943,71.45366851056642,406.2644155995368
1735024835500,12.97525105983086,77.59526025240257,71.62337413805118,406.4341212270216
1735024835520,12.97525258432245,77.59526181681572,71.79307976553594,406.6038268545064
1735024835540,12.975254108814038,77.59526338122888,71.9627853930207,406.7735324819912
1735024835560,12.975255633305629,77.59526494564201,72.13249102050546,406.943238109476
1735024835580,12.975257157797218,77.59526651005517,72.30219664799021,407.1129437369608
1735024835600,12.975258682288809,77.59526807446832,72.47190227547497,407.2826493644456
1735024835620,12.975260206780398,77.59526963888146,72.64160790295973,407.4523549919304
1735024835640,12.975261731271988,77.59527120329462,72.8113135304445,407.6220606194152
1735024835660,12.975263255763577,77.59527276770777,72.98101915792925,407.7917662469
1735024835680,12.975264780255166,77.59527433212091,73.15072478541401,407.9614718743848
1735024835700,12.975266304746757,77.59527589653406,73.32043041289877,408.1311775018696
1735024835720,12.975267829238346,77.59527746094722,73.49013604038353,408.3008831293544
1735024835740,12.975269353729937,77.59527902536036,73.65984166786829,408.4705887568392
1735024835760,12.975270878221526,77.59528058977351,73.82954729535305,408.640294384324
1735024835780,12.975272402713115,77.59528215418666,73.99925292283781,408.8100000118088
1735024835800,12.975273927204706,77.5952837185998,74.16895855032257,408.9797056392936
1735024835820,12.975275451696294,77.59528528301296,74.33866417780733,409.14941126677843
1735024835840,12.975276976187885,77.59528684742611,74.50836980529209,409.31911689426323
1735024835860,12.975278500679474,77.59528841183925,74.67807543277685,409.48882252174803
1735024835880,12.975280025171065,77.5952899762524,74.84778106026161,409.65852814923284
1735024835900,12.975281549662654,77.59529154066556,75.01748668774637,409.82823377671764
1735024835920,12.975283074154243,77.59529310507871,75.18719231523113,409.99793940420244
1735024835940,12.975284598645834,77.59529466949185,75.35689794271589,410.16764503168724
1735024835960,12.975286123137423,77.595296233905,75.52660357020065,410.33735065917205
1735024835980,12.975287647629013,77.59529779831816,75.69630919768541,410.50705628665685
1735024836000,12.975289172120602,77.5952993627313,75.86601482517017,410.67676191414165
1735024836020,12.975290696612191,77.59530092714445,76.03572045265493,410.84646754162645
1735024836040,12.975292221103782,77.5953024915576,76.20542608013969,411.01617316911125
1735024836060,12.975293745595371,77.59530405597074,76.37513170762445,411.18587879659606
1735024836080,12.975295270086962,77.5953056203839,76.54483733510921,411.35558442408086
1735024836100,12.97529679457855,77.59530718479705,76.71454296259397,411.52529005156566
1735024836120,12.975298319070141,77.59530874921019,76.88424859007873,411.69499567905046
1735024836140,12.97529984356173,77.59531031362334,77.05395421756349,411.86470130653527
1735024836160,12.97530136805332,77.5953118780365,77.22365984504825,412.03440693402007
1735024836180,12.97530289254491,77.59531344244964,77.393365472533,412.20411256150487
1735024836200,12.975304417036499,77.59531500686279,77.56307110001777,412.3738181889897
1735024836220,12.97530594152809,77.59531657127594,77.73277672750253,412.5435238164745
1735024836240,12.975307466019679,77.59531813568908,77.90248235498728,412.7132294439593
1735024836260,12.975308990511268,77.59531970010224,78.07218798247204,412.8829350714441
1735024836280,12.975310515002858,77.59532126451539,78.2418936099568,413.0526406989289
1735024836300,12.975312039494447,77.59532282892853,78.41159923744156,413.2223463264137
1735024836320,12.975313563986038,77.59532439334168,78.58130486492632,413.3920519538985
1735024836340,12.975315088477627,77.59532595775484,78.75101049241108,413.5617575813833
1735024836360,12.975316612969218,77.59532752216798,78.92071611989584,413.7314632088681
1735024836380,12.975318137460807,77.59532908658113,79.0904217473806,413.9011688363529
1735024836400,12.975319661952396,77.59533065099428,79.26012737486536,414.0708744638377
1735024836420,12.975321186443987,77.59533221540742,79.42983300235012,414.2405800913225
1735024836440,12.975322710935576,77.59533377982058,79.59953862983488,414.4102857188073
1735024836460,12.975324235427166,77.59533534423373,79.76924425731964,414.5799913462921
1735024836480,12.975325759918755,77.59533690864687,79.9389498848044,414.7496969737769
1735024836500,12.975327284410344,77.59533847306002,80.10865551228916,414.9194026012617
1735024836520,12.975328808901935,77.59534003747318,80.27836113977392,415.0891082287465
1735024836540,12.975330333393524,77.59534160188632,80.44806676725868,415.2588138562313
1735024836560,12.975331857885115,77.59534316629947,80.61777239474344,415.4285194837161
1735024836580,12.975333382376704,77.59534473071263,80.7874780222282,415.5982251112009
1735024836600,12.975334906868294,77.59534629512576,80.95718364971296,415.7679307386857
1735024836620,12.975336431359883,77.59534785953892,81.12688927719772,415.9376363661705
1735024836640,12.975337955851472,77.59534942395207,81.29659490468248,416.1073419936553
1735024836660,12.975339480343063,77.59535098836521,81.46630053216724,416.2770476211401
1735024836680,12.975341004834652,77.59535255277837,81.636006159652,416.44675324862493
1735024836700,12.975342529326243,77.59535411719152,81.80571178713676,416.61645887610973
1735024836720,12.975344053817832,77.59535568160466,81.97541741462152,416.78616450359453
1735024836740,12.97534557830942,77.59535724601781,82.14512304210628,416.95587013107934
1735024836760,12.975347102801011,77.59535881043097,82.31482866959104,417.12557575856414
1735024836780,12.9753486272926,77.5953603748441,82.4845342970758,417.29528138604894
1735024836800,12.975350151784191,77.59536193925726,82.65423992456056,417.46498701353374
1735024836820,12.97535167627578,77.59536350367041,82.82394555204532,417.63469264101855
1735024836840,12.97535320076737,77.59536506808355,82.99365117953008,417.80439826850335
1735024836860,12.97535472525896,77.5953666324967,83.16335680701484,417.97410389598815
1735024836880,12.975356249750549,77.59536819690986,83.3330624344996,418.14380952347295
1735024836900,12.97535777424214,77.595369761323,83.50276806198436,418.31351515095776
1735024836920,12.975359298733729,77.59537132573615,83.67247368946911,418.48322077844256
1735024836940,12.97536082322532,77.5953728901493,83.84217931695387,418.65292640592736
1735024836960,12.975362347716908,77.59537445456245,84.01188494443863,418.82263203341216
1735024836980,12.975363872208497,77.5953760189756,84.1815905719234,418.99233766089696
1735024837000,12.975365396700088,77.59537758338875,84.35129619940815,419.16204328838177
1735024837020,12.975366921191677,77.59537914780189,84.52100182689291,419.33174891586657
1735024837040,12.975368445683268,77.59538071221505,84.69070745437767,419.5014545433514
1735024837060,12.975369970174857,77.5953822766282,84.86041308186243,419.6711601708362
1735024837080,12.975371494666447,77.59538384104134,85.03011870934719,419.840865798321
1735024837100,12.975373019158036,77.5953854054545,85.19982433683195,420.0105714258058
1735024837120,12.975374543649625,77.59538696986765,85.36952996431671,420.1802770532906
1735024837140,12.975376068141216,77.59538853428079,85.53923559180147,420.3499826807754
1735024837160,12.975377592632805,77.59539009869394,85.70894121928623,420.5196883082602
1735024837180,12.975379117124396,77.5953916631071,85.87864684677099,420.689393935745
1735024837200,12.975380641615985,77.59539322752023,86.04835247425575,420.8590995632298
1735024837220,12.975382166107574,77.59539479193339,86.21805810174051,421.0288051907146
1735024837240,12.975383690599164,77.59539635634654,86.38776372922527,421.1985108181994
1735024837260,12.975385215090753,77.59539792075968,86.55746935671003,421.3682164456842
1735024837280,12.975386739582344,77.59539948517283,86.72717498419479,421.537922073169
1735024837300,12.975388264073933,77.59540104958599,86.89688061167955,421.7076277006538
1735024837320,12.975389788565524,77.59540261399913,87.06658623916431,421.8773333281386
1735024837340,12.975391313057113,77.59540417841228,87.23629186664907,422.0470389556234
1735024837360,12.975392837548702,77.59540574282543,87.40599749413383,422.2167445831082
1735024837380,12.975394362040293,77.59540730723857,87.57570312161859,422.386450210593
1735024837400,12.975395886531881,77.59540887165173,87.74540874910335,422.5561558380778
1735024837420,12.975397411023472,77.59541043606488,87.91511437658811,422.7258614655626
1735024837440,12.975398935515061,77.59541200047802,88.08482000407287,422.8955670930474
1735024837460,12.97540046000665,77.59541356489117,88.25452563155763,423.0652727205322
1735024837480,12.975401984498241,77.59541512930433,88.42423125904239,423.234978348017
1735024837500,12.97540350898983,77.59541669371747,88.59393688652715,423.4046839755018
1735024837520,12.97540503348142,77.59541825813062,88.7636425140119,423.5743896029866
1735024837540,12.97540655797301,77.59541982254378,88.93334814149667,423.74409523047143
1735024837560,12.9754080824646,77.59542138695691,89.10305376898143,423.91380085795623
1735024837580,12.97540960695619,77.59542295137007,89.27275939646618,424.08350648544103
1735024837600,12.975411131447778,77.59542451578322,89.44246502395094,424.25321211292584
1735024837620,12.975412655939369,77.59542608019636,89.6121706514357,424.42291774041064
1735024837640,12.975414180430958,77.59542764460952,89.78187627892046,424.59262336789544
1735024837660,12.975415704922549,77.59542920902267,89.95158190640522,424.76232899538024
1735024837680,12.975417229414138,77.59543077343581,90.12128753388998,424.93203462286505
1735024837700,12.975418753905727,77.59543233784896,90.29099316137474,425.10174025034985
1735024837720,12.975420278397317,77.59543390226212,90.4606987888595,425.27144587783465
1735024837740,12.975421802888906,77.59543546667526,90.63040441634426,425.44115150531945
1735024837760,12.975423327380497,77.59543703108841,90.80011004382902,425.61085713280426
1735024837780,12.975424851872086,77.59543859550156,90.96981567131378,425.78056276028906
1735024837800,12.975426376363677,77.5954401599147,91.13952129879854,425.95026838777386
1735024837820,12.975427900855266,77.59544172432786,91.3092269262833,426.11997401525866
1735024837840,12.975429425346855,77.59544328874101,91.47893255376806,426.28967964274347
1735024837860,12.975430949838445,77.59544485315415,91.64863818125282,426.45938527022827
1735024837880,12.975432474330034,77.5954464175673,91.81834380873758,426.62909089771307
1735024837900,12.975433998821625,77.59544798198046,91.98804943622234,426.7987965251979
1735024837920,12.975435523313214,77.59544954639361,92.1577550637071,426.9685021526827
1735024837940,12.975437047804803,77.59545111080675,92.32746069119186,427.1382077801675
1735024837960,12.975438572296394,77.5954526752199,92.49716631867662,427.3079134076523
1735024837980,12.975440096787983,77.59545423963306,92.66687194616138,427.4776190351371
1735024838000,12.975441621279574,77.5954558040462,92.83657757364614,427.6473246626219
1735024838020,12.975443145771163,77.59545736845935,93.0062832011309,427.8170302901067
1735024838040,12.975444670262753,77.5954589328725,93.17598882861566,427.9867359175915
1735024838060,12.975446194754342,77.59546049728564,93.34569445610042,428.1564415450763
1735024838080,12.975447719245931,77.5954620616988,93.51540008358518,428.3261471725611
1735024838100,12.975449243737522,77.59546362611195,93.68510571106994,428.4958528000459
1735024838120,12.975450768229111,77.59546519052509,93.8548113385547,428.6655584275307
1735024838140,12.975452292720702,77.59546675493824,94.02451696603946,428.8352640550155
1735024838160,12.97545381721229,77.5954683193514,94.19422259352422,429.0049696825003
1735024838180,12.97545534170388,77.59546988376454,94.36392822100898,429.1746753099851
1735024838200,12.97545686619547,77.59547144817769,94.53363384849374,429.3443809374699
1735024838220,12.97545839068706,77.59547301259084,94.7033394759785,429.5140865649547
1735024838240,12.97545991517865,77.59547457700398,94.87304510346326,429.6837921924395
1735024838260,12.975461439670239,77.59547614141714,95.04275073094801,429.8534978199243
1735024838280,12.97546296416183,77.59547770583029,95.21245635843277,430.0232034474091
1735024838300,12.975464488653419,77.59547927024343,95.38216198591753,430.1929090748939
1735024838320,12.975466013145008,77.59548083465658,95.5518676134023,430.3626147023787
1735024838340,12.975467537636598,77.59548239906974,95.72157324088705,430.5323203298635
1735024838360,12.975469062128187,77.59548396348288,95.89127886837181,430.7020259573483
1735024838380,12.975470586619778,77.59548552789603,96.06098449585657,430.8717315848331
1735024838400,12.975472111111367,77.59548709230918,96.23069012334133,431.04143721231793
1735024838420,12.975473635602956,77.59548865672232,96.40039575082609,431.21114283980273
1735024838440,12.975475160094547,77.59549022113548,96.57010137831085,431.38084846728754
1735024838460,12.975476684586136,77.59549178554863,96.73980700579561,431.55055409477234
1735024838480,12.975478209077727,77.59549334996177,96.90951263328037,431.72025972225714
1735024838500,12.975479733569315,77.59549491437492,97.07921826076513,431.88996534974194
1735024838520,12.975481258060906,77.59549647878808,97.24892388824989,432.05967097722674
1735024838540,12.975482782552495,77.59549804320122,97.41862951573465,432.22937660471155
1735024838560,12.975484307044084,77.59549960761437,97.58833514321941,432.39908223219635
1735024838580,12.975485831535675,77.59550117202753,97.75804077070417,432.56878785968115
1735024838600,12.975487356027264,77.59550273644066,97.92774639818893,432.73849348716595
1735024838620,12.975488880518855,77.59550430085382,98.09745202567369,432.90819911465076
1735024838640,12.975490405010444,77.59550586526697,98.26715765315845,433.07790474213556
1735024838660,12.975491929502033,77.59550742968011,98.43686328064321,433.24761036962036
1735024838680,12.975493453993623,77.59550899409327,98.60656890812797,433.41731599710516
1735024838700,12.975494978485212,77.59551055850642,98.77627453561273,433.58702162458997
1735024838720,12.975496502976803,77.59551212291956,98.94598016309749,433.75672725207477
1735024838740,12.975498027468392,77.59551368733271,99.11568579058225,433.92643287955957
1735024838760,12.975499551959983,77.59551525174587,99.28539141806701,434.0961385070444
1735024838780,12.975501076451572,77.595516816159,99.45509704555177,434.2658441345292
1735024838800,12.97550260094316,77.59551838057216,99.62480267303653,434.435549762014
1735024838820,12.975504125434751,77.59551994498531,99.79450830052129,434.6052553894988
1735024838840,12.97550564992634,77.59552150939845,99.96421392800605,434.7749610169836
1735024838860,12.975507174417931,77.5955230738116,100.1339195554908,434.9446666444684
1735024838880,12.97550869890952,77.59552463822476,100.30362518297557,435.1143722719532
1735024838900,12.975510223401109,77.5955262026379,100.47333081046033,435.284077899438
1735024838920,12.9755117478927,77.59552776705105,100.64303643794509,435.4537835269228
1735024838940,12.975513272384289,77.5955293314642,100.81274206542984,435.6234891544076
1735024838960,12.97551479687588,77.59553089587735,100.9824476929146,435.7931947818924
1735024838980,12.975516321367468,77.5955324602905,101.15215332039936,435.9629004093772
1735024839000,12.97551784585906,77.59553402470365,101.32185894788412,436.132606036862
1735024839020,12.975519370350648,77.59553558911679,101.49156457536888,436.3023116643468
1735024839040,12.975520894842237,77.59553715352995,101.66127020285364,436.4720172918316
1735024839060,12.975522419333828,77.5955387179431,101.8309758303384,436.6417229193164
1735024839080,12.975523943825417,77.59554028235624,102.00068145782316,436.8114285468012
1735024839100,12.975525468317008,77.5955418467694,102.17038708530792,436.981134174286
1735024839120,12.975526992808597,77.59554341118255,102.34009271279268,437.1508398017708
1735024839140,12.975528517300186,77.59554497559569,102.50979834027744,437.3205454292556
1735024839160,12.975530041791776,77.59554654000884,102.6795039677622,437.4902510567404
1735024839180,12.975531566283365,77.595548104422,102.84920959524696,437.6599566842252
1735024839200,12.975533090774956,77.59554966883513,103.01891522273172,437.82966231171
1735024839220,12.975534615266545,77.59555123324829,103.18862085021648,437.9993679391948
1735024839240,12.975536139758136,77.59555279766144,103.35832647770124,438.16907356667963
1735024839260,12.975537664249725,77.59555436207458,103.528032105186,438.33877919416443
1735024839280,12.975539188741314,77.59555592648773,103.69773773267076,438.50848482164923
1735024839300,12.975540713232904,77.59555749090089,103.86744336015552,438.67819044913404
1735024839320,12.975542237724493,77.59555905531403,104.03714898764028,438.84789607661884
1735024839340,12.975543762216084,77.59556061972718,104.20685461512504,439.01760170410364
1735024839360,12.975545286707673,77.59556218414033,104.3765602426098,439.18730733158844
1735024839380,12.975546811199262,77.59556374855347,104.54626587009456,439.35701295907324
1735024839400,12.975548335690853,77.59556531296663,104.71597149757932,439.52671858655805
1735024839420,12.975549860182442,77.59556687737978,104.88567712506408,439.69642421404285
1735024839440,12.975551384674032,77.59556844179292,105.05538275254884,439.86612984152765
1735024839460,12.975552909165621,77.59557000620607,105.2250883800336,440.03583546901245
1735024839480,12.975554433657212,77.59557157061923,105.39479400751836,440.20554109649726
1735024839500,12.975555958148801,77.59557313503237,105.56449963500312,440.37524672398206
1735024839520,12.97555748264039,77.59557469944552,105.73420526248788,440.54495235146686
1735024839540,12.97555900713198,77.59557626385867,105.90391088997264,440.71465797895166
1735024839560,12.97556053162357,77.59557782827181,106.0736165174574,440.88436360643647
1735024839580,12.97556205611516,77.59557939268497,106.24332214494216,441.05406923392127
1735024839600,12.97556358060675,77.59558095709812,106.41302777242691,441.22377486140607
1735024839620,12.975565105098338,77.59558252151126,106.58273339991167,441.3934804888909
1735024839640,12.97556662958993,77.59558408592441,106.75243902739643,441.5631861163757
1735024839660,12.975568154081518,77.59558565033757,106.9221446548812,441.7328917438605
1735024839680,12.975569678573109,77.59558721475071,107.09185028236595,441.9025973713453
1735024839700,12.975571203064698,77.59558877916386,107.26155590985071,442.0723029988301
1735024839720,12.975572727556289,77.59559034357702,107.43126153733547,442.2420086263149
1735024839740,12.975574252047878,77.59559190799015,107.60096716482023,442.4117142537997
1735024839760,12.975575776539467,77.59559347240331,107.77067279230499,442.5814198812845
1735024839780,12.975577301031057,77.59559503681646,107.94037841978975,442.7511255087693
1735024839800,12.975578825522646,77.5955966012296,108.11008404727451,442.9208311362541
1735024839820,12.975580350014237,77.59559816564276,108.27978967475927,443.0905367637389
1735024839840,12.975581874505826,77.59559973005591,108.44949530224403,443.2602423912237
1735024839860,12.975583398997415,77.59560129446905,108.61920092972879,443.4299480187085
1735024839880,12.975584923489006,77.5956028588822,108.78890655721355,443.5996536461933
1735024839900,12.975586447980595,77.59560442329536,108.95861218469831,443.7693592736781
1735024839920,12.975587972472185,77.59560598770851,109.12831781218307,443.9390649011629
1735024839940,12.975589496963774,77.59560755212165,109.29802343966783,444.1087705286477
1735024839960,12.975591021455365,77.5956091165348,109.46772906715259,444.2784761561325
1735024839980,12.975592545946954,77.59561068094796,109.63743469463735,444.4481817836173
1735024840000,12.975594070438543,77.5956122453611,109.80714032212211,444.6178874111021
1735024840020,12.975595594930134,77.59561380977425,109.97684594960687,444.7875930385869
1735024840040,12.975597119421723,77.5956153741874,110.14655157709163,444.9572986660717
1735024840060,12.975598643913314,77.59561693860054,110.31625720457639,445.1270042935565
1735024840080,12.975600168404902,77.5956185030137,110.48596283206115,445.2967099210413
1735024840100,12.975601692896491,77.59562006742685,110.65566845954591,445.46641554852613
1735024840120,12.975603217388082,77.59562163183999,110.82537408703067,445.63612117601093
1735024840140,12.975604741879671,77.59562319625314,110.99507971451543,445.80582680349573
1735024840160,12.975606266371262,77.5956247606663,111.16478534200019,445.97553243098054
1735024840180,12.97560779086285,77.59562632507944,111.33449096948495,446.14523805846534
1735024840200,12.975609315354442,77.59562788949259,111.5041965969697,446.31494368595014
1735024840220,12.97561083984603,77.59562945390574,111.67390222445447,446.48464931343494
1735024840240,12.97561236433762,77.59563101831888,111.84360785193923,446.65435494091975
1735024840260,12.97561388882921,77.59563258273204,112.01331347942399,446.82406056840455
1735024840280,12.9756154133208,77.59563414714519,112.18301910690874,446.99376619588935
1735024840300,12.97561693781239,77.59563571155833,112.3527247343935,447.16347182337415
1735024840320,12.975618462303979,77.59563727597148,112.52243036187826,447.33317745085895
1735024840340,12.975619986795568,77.59563884038464,112.69213598936302,447.50288307834376
1735024840360,12.975621511287159,77.59564040479778,112.86184161684778,447.67258870582856
1735024840380,12.975623035778748,77.59564196921093,113.03154724433254,447.84229433331336
1735024840400,12.975624560270338,77.59564353362408,113.2012528718173,448.01199996079816
1735024840420,12.975626084761927,77.59564509803722,113.37095849930206,448.18170558828297
1735024840440,12.975627609253518,77.59564666245038,113.54066412678682,448.35141121576777
1735024840460,12.975629133745107,77.59564822686353,113.71036975427158,448.52111684325257
1735024840480,12.975630658236696,77.59564979127667,113.88007538175634,448.6908224707374
1735024840500,12.975632182728287,77.59565135568982,114.0497810092411,448.8605280982222
1735024840520,12.975633707219876,77.59565292010298,114.21948663672586,449.030233725707
1735024840540,12.975635231711466,77.59565448451612,114.38919226421062,449.1999393531918
1735024840560,12.975636756203055,77.59565604892927,114.55889789169538,449.3696449806766
1735024840580,12.975638280694644,77.59565761334242,114.72860351918014,449.5393506081614
1735024840600,12.975639805186235,77.59565917775556,114.8983091466649,449.7090562356462
1735024840620,12.975641329677824,77.59566074216872,115.06801477414966,449.878761863131
1735024840640,12.975642854169415,77.59566230658187,115.23772040163442,450.0484674906158
1735024840660,12.975644378661004,77.59566387099501,115.40742602911918,450.2181731181006
1735024840680,12.975645903152595,77.59566543540816,115.57713165660394,450.3878787455854
1735024840700,12.975647427644184,77.59566699982132,115.7468372840887,450.5575843730702
1735024840720,12.975648952135773,77.59566856423446,115.91654291157346,450.727290000555
1735024840740,12.975650476627363,77.59567012864761,116.08624853905822,450.8969956280398
1735024840760,12.975652001118952,77.59567169306077,116.25595416654298,451.0667012555246
1735024840780,12.975653525610543,77.5956732574739,116.42565979402774,451.2364068830094
1735024840800,12.975655050102132,77.59567482188706,116.5953654215125,451.4061125104942
1735024840820,12.975656574593721,77.59567638630021,116.76507104899726,451.575818137979
1735024840840,12.975658099085312,77.59567795071335,116.93477667648202,451.7455237654638
1735024840860,12.9756596235769,77.5956795151265,117.10448230396678,451.9152293929486
1735024840880,12.975661148068491,77.59568107953966,117.27418793145154,452.0849350204334
1735024840900,12.97566267256008,77.5956826439528,117.4438935589363,452.2546406479182
1735024840920,12.975664197051671,77.59568420836595,117.61359918642106,452.424346275403
1735024840940,12.97566572154326,77.5956857727791,117.78330481390581,452.5940519028878
1735024840960,12.975667246034849,77.59568733719225,117.95301044139057,452.76375753037263
1735024840980,12.97566877052644,77.5956889016054,118.12271606887533,452.93346315785743
1735024841000,12.975670295018029,77.59569046601855,118.2924216963601,453.10316878534223
1735024841020,12.97567181950962,77.59569203043169,118.46212732384485,453.27287441282704
1735024841040,12.975673344001208,77.59569359484485,118.63183295132961,453.44258004031184
1735024841060,12.975674868492797,77.595695159258,118.80153857881437,453.61228566779664
1735024841080,12.975676392984388,77.59569672367114,118.97124420629913,453.78199129528144
1735024841100,12.975677917475977,77.5956982880843,119.14094983378389,453.95169692276625
1735024841120,12.975679441967568,77.59569985249745,119.31065546126865,454.12140255025105
1735024841140,12.975680966459157,77.59570141691059,119.48036108875341,454.29110817773585
1735024841160,12.975682490950748,77.59570298132374,119.65006671623817,454.46081380522065
1735024841180,12.975684015442337,77.5957045457369,119.81977234372293,454.63051943270546
1735024841200,12.975685539933925,77.59570611015003,119.98947797120769,454.80022506019026
1735024841220,12.975687064425516,77.59570767456319,120.15918359869245,454.96993068767506
1735024841240,12.975688588917105,77.59570923897634,120.32888922617721,455.13963631515986
1735024841260,12.975690113408696,77.59571080338948,120.49859485366197,455.30934194264466
1735024841280,12.975691637900285,77.59571236780263,120.66830048114673,455.47904757012947
1735024841300,12.975693162391874,77.59571393221579,120.83800610863149,455.64875319761427
1735024841320,12.975694686883465,77.59571549662893,121.00771173611625,455.81845882509907
1735024841340,12.975696211375054,77.59571706104208,121.17741736360101,455.9881644525839
1735024841360,12.975697735866644,77.59571862545523,121.34712299108577,456.1578700800687
1735024841380,12.975699260358233,77.59572018986837,121.51682861857053,456.3275757075535
1735024841400,12.975700784849824,77.59572175428153,121.68653424605529,456.4972813350383
1735024841420,12.975702309341413,77.59572331869468,121.85623987354005,456.6669869625231
1735024841440,12.975703833833002,77.59572488310782,122.02594550102481,456.8366925900079
1735024841460,12.975705358324593,77.59572644752097,122.19565112850957,457.0063982174927
1735024841480,12.975706882816182,77.59572801193413,122.36535675599433,457.1761038449775
1735024841500,12.975708407307772,77.59572957634727,122.53506238347909,457.3458094724623
1735024841520,12.975709931799361,77.59573114076042,122.70476801096385,457.5155150999471
1735024841540,12.97571145629095,77.59573270517357,122.8744736384486,457.6852207274319
1735024841560,12.975712980782541,77.59573426958671,123.04417926593337,457.8549263549167
1735024841580,12.97571450527413,77.59573583399987,123.21388489341813,458.0246319824015
1735024841600,12.97571602976572,77.59573739841302,123.38359052090289,458.1943376098863
1735024841620,12.97571755425731,77.59573896282616,123.55329614838764,458.3640432373711
1735024841640,12.9757190787489,77.59574052723931,123.7230017758724,458.5337488648559
1735024841660,12.97572060324049,77.59574209165247,123.89270740335716,458.7034544923407
1735024841680,12.975722127732078,77.59574365606561,124.06241303084192,458.8731601198255
1735024841700,12.97572365222367,77.59574522047876,124.23211865832668,459.0428657473103
1735024841720,12.975725176715258,77.59574678489192,124.40182428581144,459.2125713747951
1735024841740,12.975726701206849,77.59574834930505,124.5715299132962,459.3822770022799
1735024841760,12.975728225698438,77.59574991371821,124.74123554078096,459.5519826297647
1735024841780,12.975729750190027,77.59575147813136,124.91094116826572,459.7216882572495
1735024841800,12.975731274681618,77.5957530425445,125.08064679575048,459.8913938847343
1735024841820,12.975732799173207,77.59575460695766,125.25035242323524,460.06109951221913
1735024841840,12.975734323664797,77.59575617137081,125.42005805072,460.23080513970393
1735024841860,12.975735848156386,77.59575773578395,125.58976367820476,460.40051076718873
1735024841880,12.975737372647977,77.5957593001971,125.75946930568952,460.57021639467354
1735024841900,12.975738897139566,77.59576086461026,125.92917493317428,460.73992202215834
1735024841920,12.975740421631155,77.59576242902341,126.09888056065904,460.90962764964314
1735024841940,12.975741946122746,77.59576399343655,126.2685861881438,461.07933327712794
1735024841960,12.975743470614335,77.5957655578497,126.43829181562856,461.24903890461275
1735024841980,12.975744995105925,77.59576712226286,126.60799744311332,461.41874453209755
1735024842000,12.975746519597514,77.595768686676,126.77770307059808,461.58845015958235
1735024842020,12.975748044089103,77.59577025108915,126.94740869808284,461.75815578706715
1735024842040,12.975749568580694,77.5957718155023,127.1171143255676,461.92786141455196
1735024842060,12.975751093072283,77.59577337991544,127.28681995305236,462.09756704203676
1735024842080,12.975752617563874,77.5957749443286,127.45652558053712,462.26727266952156
1735024842100,12.975754142055463,77.59577650874175,127.62623120802188,462.43697829700636
1735024842120,12.975755666547053,77.59577807315489,127.79593683550664,462.60668392449116
1735024842140,12.975757191038642,77.59577963756804,127.9656424629914,462.77638955197597
1735024842160,12.975758715530231,77.5957812019812,128.13534809047616,462.94609517946077
1735024842180,12.975760240021822,77.59578276639434,128.30505371796093,463.1158008069456
1735024842200,12.975761764513411,77.59578433080749,128.4747593454457,463.2855064344304
1735024842220,12.975763289005002,77.59578589522064,128.64446497293048,463.4552120619152
1735024842240,12.97576481349659,77.59578745963378,128.81417060041525,463.6249176894
1735024842260,12.97576633798818,77.59578902404694,128.98387622790003,463.7946233168848
1735024842280,12.97576786247977,77.59579058846009,129.1535818553848,463.9643289443696
1735024842300,12.97576938697136,77.59579215287323,129.32328748286957,464.1340345718544
1735024842320,12.97577091146295,77.59579371728638,129.49299311035435,464.3037401993392
1735024842340,12.97577243595454,77.59579528169954,129.66269873783912,464.473445826824
1735024842360,12.97577396044613,77.59579684611268,129.8324043653239,464.6431514543088
1735024842380,12.975775484937719,77.59579841052583,130.00210999280867,464.8128570817936
1735024842400,12.975777009429308,77.59579997493898,130.17181562029344,464.9825627092784
1735024842420,12.975778533920899,77.59580153935212,130.34152124777822,465.1522683367632
1735024842440,12.975780058412488,77.59580310376528,130.511226875263,465.321973964248
1735024842460,12.975781582904078,77.59580466817843,130.68093250274777,465.4916795917328
1735024842480,12.975783107395667,77.59580623259157,130.85063813023254,465.6613852192176
1735024842500,12.975784631887256,77.59580779700472,131.0203437577173,465.8310908467024
1735024842520,12.975786156378847,77.59580936141788,131.1900493852021,466.0007964741872
1735024842540,12.975787680870436,77.59581092583102,131.35975501268686,466.170502101672
1735024842560,12.975789205362027,77.59581249024417,131.52946064017164,466.3402077291568
1735024842580,12.975790729853616,77.59581405465732,131.6991662676564,466.5099133566416
1735024842600,12.975792254345206,77.59581561907046,131.86887189514118,466.6796189841264
1735024842620,12.975793778836795,77.59581718348362,132.03857752262596,466.8493246116112
1735024842640,12.975795303328384,77.59581874789677,132.20828315011073,467.019030239096
1735024842660,12.975796827819975,77.59582031230991,132.3779887775955,467.1887358665808
1735024842680,12.975798352311564,77.59582187672306,132.54769440508028,467.35844149406563
1735024842700,12.975799876803155,77.59582344113622,132.71740003256505,467.52814712155043
1735024842720,12.975801401294744,77.59582500554936,132.88710566004983,467.69785274903523
1735024842740,12.975802925786333,77.59582656996251,133.0568112875346,467.86755837652004
1735024842760,12.975804450277924,77.59582813437567,133.22651691501937,468.03726400400484
1735024842780,12.975805974769512,77.5958296987888,133.39622254250415,468.20696963148964
1735024842800,12.975807499261103,77.59583126320196,133.56592816998892,468.37667525897444
1735024842820,12.975809023752692,77.59583282761511,133.7356337974737,468.54638088645925
1735024842840,12.975810548244283,77.59583439202825,133.90533942495847,468.71608651394405
1735024842860,12.975812072735872,77.5958359564414,134.07504505244324,468.88579214142885
1735024842880,12.97581359722746,77.59583752085456,134.24475067992802,469.05549776891365
1735024842900,12.975815121719052,77.5958390852677,134.4144563074128,469.22520339639846
1735024842920,12.97581664621064,77.59584064968085,134.58416193489757,469.39490902388326
1735024842940,12.975818170702231,77.595842214094,134.75386756238234,469.56461465136806
1735024842960,12.97581969519382,77.59584377850715,134.9235731898671,469.73432027885286
1735024842980,12.97582121968541,77.5958453429203,135.0932788173519,469.90402590633767
1735024843000,12.975822744177,77.59584690733345,135.26298444483666,470.07373153382247
1735024843020,12.975824268668589,77.59584847174659,135.43269007232144,470.24343716130727
1735024843040,12.97582579316018,77.59585003615975,135.6023956998062,470.4131427887921
1735024843060,12.975827317651769,77.5958516005729,135.77210132729098,470.5828484162769
1735024843080,12.97582884214336,77.59585316498604,135.94180695477576,470.7525540437617
1735024843100,12.975830366634948,77.59585472939919,136.11151258226053,470.9222596712465
1735024843120,12.975831891126537,77.59585629381235,136.2812182097453,471.0919652987313
1735024843140,12.975833415618128,77.59585785822549,136.45092383723008,471.2616709262161
1735024843160,12.975834940109717,77.59585942263864,136.62062946471485,471.4313765537009
1735024843180,12.975836464601308,77.5958609870518,136.79033509219963,471.6010821811857
1735024843200,12.975837989092897,77.59586255146493,136.9600407196844,471.7707878086705
1735024843220,12.975839513584486,77.59586411587809,137.12974634716917,471.9404934361553
1735024843240,12.975841038076076,77.59586568029124,137.29945197465395,472.1101990636401
1735024843260,12.975842562567665,77.59586724470438,137.46915760213872,472.2799046911249
1735024843280,12.975844087059256,77.59586880911753,137.6388632296235,472.4496103186097
1735024843300,12.975845611550845,77.59587037353069,137.80856885710827,472.6193159460945
1735024843320,12.975847136042436,77.59587193794383,137.97827448459304,472.7890215735793
1735024843340,12.975848660534025,77.59587350235698,138.14798011207782,472.9587272010641
1735024843360,12.975850185025614,77.59587506677013,138.3176857395626,473.1284328285489
1735024843380,12.975851709517205,77.59587663118327,138.48739136704737,473.2981384560337
1735024843400,12.975853234008794,77.59587819559643,138.65709699453214,473.4678440835185
1735024843420,12.975854758500384,77.59587976000958,138.8268026220169,473.6375497110033
1735024843440,12.975856282991973,77.59588132442272,138.9965082495017,473.8072553384881
1735024843460,12.975857807483562,77.59588288883587,139.16621387698646,473.9769609659729
1735024843480,12.975859331975153,77.59588445324903,139.33591950447124,474.1466665934577
1735024843500,12.975860856466742,77.59588601766217,139.505625131956,474.3163722209425
1735024843520,12.975862380958333,77.59588758207532,139.67533075944078,474.4860778484273
1735024843540,12.975863905449922,77.59588914648847,139.84503638692556,474.65578347591213
1735024843560,12.975865429941512,77.59589071090161,140.01474201441033,474.82548910339693
1735024843580,12.975866954433101,77.59589227531477,140.1844476418951,474.99519473088174
1735024843600,12.97586847892469,77.59589383972792,140.35415326937988,475.16490035836654
1735024843620,12.975870003416281,77.59589540414106,140.52385889686465,475.33460598585134
1735024843640,12.97587152790787,77.59589696855421,140.69356452434943,475.50431161333614
1735024843660,12.97587305239946,77.59589853296737,140.8632701518342,475.67401724082094
1735024843680,12.97587457689105,77.59590009738051,141.03297577931897,475.84372286830575
1735024843700,12.975876101382639,77.59590166179366,141.20268140680375,476.01342849579055
1735024843720,12.97587762587423,77.59590322620681,141.37238703428852,476.18313412327535
1735024843740,12.975879150365818,77.59590479061995,141.5420926617733,476.35283975076015
1735024843760,12.97588067485741,77.59590635503311,141.71179828925807,476.52254537824496
1735024843780,12.975882199348998,77.59590791944626,141.88150391674284,476.69225100572976
1735024843800,12.975883723840589,77.5959094838594,142.05120954422762,476.86195663321456
1735024843820,12.975885248332178,77.59591104827255,142.2209151717124,477.03166226069936
1735024843840,12.975886772823767,77.59591261268571,142.39062079919717,477.20136788818417
1735024843860,12.975888297315358,77.59591417709885,142.56032642668194,477.37107351566897
1735024843880,12.975889821806947,77.595915741512,142.7300320541667,477.54077914315377
1735024843900,12.975891346298537,77.59591730592516,142.8997376816515,477.7104847706386
1735024843920,12.975892870790126,77.59591887033831,143.06944330913626,477.8801903981234
1735024843940,12.975894395281715,77.59592043475145,143.23914893662104,478.0498960256082
1735024843960,12.975895919773306,77.5959219991646,143.4088545641058,478.219601653093
1735024843980,12.975897444264895,77.59592356357776,143.57856019159058,478.3893072805778
1735024844000,12.975898968756486,77.5959251279909,143.74826581907536,478.5590129080626
1735024844020,12.975900493248075,77.59592669240405,143.91797144656013,478.7287185355474
1735024844040,12.975902017739665,77.5959282568172,144.0876770740449,478.8984241630322
1735024844060,12.975903542231254,77.59592982123034,144.25738270152968,479.068129790517
1735024844080,12.975905066722843,77.5959313856435,144.42708832901445,479.2378354180018
1735024844100,12.975906591214434,77.59593295005665,144.59679395649923,479.4075410454866
1735024844120,12.975908115706023,77.59593451446979,144.766499583984,479.5772466729714
1735024844140,12.975909640197614,77.59593607888294,144.93620521146877,479.7469523004562
1735024844160,12.975911164689203,77.5959376432961,145.10591083895355,479.916657927941
1735024844180,12.975912689180792,77.59593920770924,145.27561646643832,480.0863635554258
1735024844200,12.975914213672382,77.59594077212239,145.4453220939231,480.2560691829106
1735024844220,12.975915738163971,77.59594233653554,145.61502772140787,480.4257748103954
1735024844240,12.975917262655562,77.59594390094868,145.78473334889264,480.5954804378802
1735024844260,12.975918787147151,77.59594546536184,145.95443897637742,480.765186065365
1735024844280,12.975920311638742,77.59594702977499,146.1241446038622,480.9348916928498
1735024844300,12.97592183613033,77.59594859418813,146.29385023134697,481.1045973203346
1735024844320,12.97592336062192,77.59595015860128,146.46355585883174,481.2743029478194
1735024844340,12.97592488511351,77.59595172301444,146.6332614863165,481.4440085753042
1735024844360,12.9759264096051,77.59595328742758,146.8029671138013,481.613714202789
1735024844380,12.97592793409669,77.59595485184073,146.97267274128606,481.78341983027383
1735024844400,12.97592945858828,77.59595641625388,147.14237836877084,481.95312545775863
1735024844420,12.975930983079868,77.59595798066702,147.3120839962556,482.12283108524343
1735024844440,12.975932507571459,77.59595954508018,147.48178962374038,482.29253671272824
1735024844460,12.975934032063048,77.59596110949333,147.65149525122516,482.46224234021304
1735024844480,12.975935556554639,77.59596267390647,147.82120087870993,482.63194796769784
1735024844500,12.975937081046228,77.59596423831962,147.9909065061947,482.80165359518264
1735024844520,12.975938605537818,77.59596580273278,148.16061213367948,482.97135922266745
1735024844540,12.975940130029407,77.59596736714592,148.33031776116425,483.14106485015225
1735024844560,12.975941654520996,77.59596893155907,148.50002338864903,483.31077047763705
1735024844580,12.975943179012587,77.59597049597222,148.6697290161338,483.48047610512185
1735024844600,12.975944703504176,77.59597206038536,148.83943464361857,483.65018173260665
1735024844620,12.975946227995767,77.59597362479852,149.00914027110335,483.81988736009146
1735024844640,12.975947752487356,77.59597518921167,149.17884589858812,483.98959298757626
1735024844660,12.975949276978945,77.59597675362481,149.3485515260729,484.15929861506106
1735024844680,12.975950801470535,77.59597831803796,149.51825715355767,484.32900424254586
1735024844700,12.975952325962124,77.59597988245112,149.68796278104244,484.49870987003067
1735024844720,12.975953850453715,77.59598144686426,149.85766840852722,484.66841549751547
1735024844740,12.975955374945304,77.59598301127741,150.027374036012,484.83812112500027
1735024844760,12.975956899436895,77.59598457569057,150.19707966349677,485.0078267524851
1735024844780,12.975958423928484,77.5959861401037,150.36678529098154,485.1775323799699
1735024844800,12.975959948420073,77.59598770451686,150.5364909184663,485.3472380074547
1735024844820,12.975961472911663,77.59598926893001,150.7061965459511,485.5169436349395
1735024844840,12.975962997403252,77.59599083334315,150.87590217343586,485.6866492624243
1735024844860,12.975964521894843,77.5959923977563,151.04560780092064,485.8563548899091
1735024844880,12.975966046386432,77.59599396216946,151.2153134284054,486.0260605173939
1735024844900,12.975967570878021,77.5959955265826,151.38501905589018,486.1957661448787
1735024844920,12.975969095369612,77.59599709099575,151.55472468337496,486.3654717723635
1735024844940,12.9759706198612,77.5959986554089,151.72443031085973,486.5351773998483
1735024844960,12.975972144352792,77.59600021982205,151.8941359383445,486.7048830273331
1735024844980,12.97597366884438,77.5960017842352,152.06384156582928,486.8745886548179
1735024845000,12.975975193335971,77.59600334864835,152.23354719331405,487.0442942823027
1735024845020,12.97597671782756,77.59600491306149,152.40325282079883,487.2139999097875
1735024845040,12.97597824231915,77.59600647747465,152.5729584482836,487.3837055372723
1735024845060,12.97597976681074,77.5960080418878,152.74266407576837,487.5534111647571
1735024845080,12.975981291302329,77.59600960630094,152.91236970325315,487.7231167922419
1735024845100,12.97598281579392,77.59601117071409,153.08207533073792,487.8928224197267
1735024845120,12.975984340285509,77.59601273512725,153.2517809582227,488.0625280472115
1735024845140,12.975985864777098,77.59601429954039,153.42148658570747,488.2322336746963
1735024845160,12.975987389268688,77.59601586395354,153.59119221319224,488.4019393021811
1735024845180,12.975988913760277,77.5960174283667,153.76089784067702,488.5716449296659
1735024845200,12.975990438251868,77.59601899277983,153.9306034681618,488.7413505571507
1735024845220,12.975991962743457,77.59602055719299,154.10030909564657,488.9110561846355
1735024845240,12.975993487235048,77.59602212160614,154.27001472313134,489.08076181212033
1735024845260,12.975995011726637,77.59602368601928,154.4397203506161,489.25046743960513
1735024845280,12.975996536218226,77.59602525043243,154.6094259781009,489.42017306708993
1735024845300,12.975998060709816,77.59602681484559,154.77913160558566,489.58987869457474
1735024845320,12.975999585201405,77.59602837925873,154.94883723307044,489.75958432205954
1735024845340,12.976001109692996,77.59602994367188,155.1185428605552,489.92928994954434
1735024845360,12.976002634184585,77.59603150808503,155.28824848803998,490.09899557702914
1735024845380,12.976004158676174,77.59603307249817,155.45795411552476,490.26870120451395
1735024845400,12.976005683167765,77.59603463691133,155.62765974300953,490.43840683199875
1735024845420,12.976007207659354,77.59603620132448,155.7973653704943,490.60811245948355
1735024845440,12.976008732150945,77.59603776573762,155.96707099797908,490.77781808696835
1735024845460,12.976010256642533,77.59603933015077,156.13677662546385,490.94752371445315
1735024845480,12.976011781134124,77.59604089456393,156.30648225294863,491.11722934193796
1735024845500,12.976013305625713,77.59604245897707,156.4761878804334,491.28693496942276
1735024845520,12.976014830117302,77.59604402339022,156.64589350791817,491.45664059690756
1735024845540,12.976016354608893,77.59604558780337,156.81559913540295,491.62634622439236
1735024845560,12.976017879100482,77.59604715221651,156.98530476288772,491.79605185187717
1735024845580,12.976019403592073,77.59604871662967,157.1550103903725,491.96575747936197
1735024845600,12.976020928083662,77.59605028104282,157.32471601785727,492.13546310684677
1735024845620,12.97602245257525,77.59605184545596,157.49442164534204,492.3051687343316
1735024845640,12.976023977066841,77.59605340986911,157.66412727282682,492.4748743618164
1735024845660,12.97602550155843,77.59605497428227,157.8338329003116,492.6445799893012
1735024845680,12.976027026050021,77.59605653869541,158.00353852779637,492.814285616786
1735024845700,12.97602855054161,77.59605810310856,158.17324415528114,492.9839912442708
1735024845720,12.9760300750332,77.59605966752171,158.3429497827659,493.1536968717556
1735024845740,12.97603159952479,77.59606123193485,158.5126554102507,493.3234024992404
1735024845760,12.976033124016379,77.59606279634801,158.68236103773546,493.4931081267252
1735024845780,12.97603464850797,77.59606436076116,158.85206666522024,493.66281375421
1735024845800,12.976036172999558,77.5960659251743,159.021772292705,493.8325193816948
1735024845820,12.976037697491149,77.59606748958745,159.19147792018978,494.0022250091796
1735024845840,12.976039221982738,77.59606905400061,159.36118354767456,494.1719306366644
1735024845860,12.976040746474327,77.59607061841376,159.53088917515933,494.3416362641492
1735024845880,12.976042270965918,77.5960721828269,159.7005948026441,494.511341891634
1735024845900,12.976043795457507,77.59607374724006,159.87030043012888,494.6810475191188
1735024845920,12.976045319949097,77.59607531165321,160.04000605761365,494.8507531466036
1735024845940,12.976046844440686,77.59607687606635,160.20971168509843,495.0204587740884
1735024845960,12.976048368932277,77.5960784404795,160.3794173125832,495.1901644015732
1735024845980,12.976049893423866,77.59608000489266,160.54912294006797,495.359870029058
1735024846000,12.976051417915455,77.5960815693058,160.71882856755275,495.5295756565428
1735024846020,12.976052942407046,77.59608313371895,160.88853419503752,495.6992812840276
1735024846040,12.976054466898635,77.5960846981321,161.0582398225223,495.8689869115124
1735024846060,12.976055991390226,77.59608626254524,161.22794545000707,496.0386925389972
1735024846080,12.976057515881815,77.5960878269584,161.39765107749184,496.208398166482
1735024846100,12.976059040373404,77.59608939137155,161.56735670497662,496.37810379396683
1735024846120,12.976060564864994,77.59609095578469,161.7370623324614,496.54780942145163
1735024846140,12.976062089356583,77.59609252019784,161.90676795994617,496.71751504893643
1735024846160,12.976063613848174,77.596094084611,162.07647358743094,496.88722067642124
1735024846180,12.976065138339763,77.59609564902414,162.2461792149157,497.05692630390604
1735024846200,12.976066662831354,77.59609721343729,162.4158848424005,497.22663193139084
1735024846220,12.976068187322943,77.59609877785044,162.58559046988526,497.39633755887564
1735024846240,12.976069711814532,77.59610034226358,162.75529609737004,497.56604318636045
1735024846260,12.976071236306122,77.59610190667674,162.9250017248548,497.73574881384525
1735024846280,12.976072760797711,77.59610347108989,163.09470735233958,497.90545444133005
1735024846300,12.976074285289302,77.59610503550303,163.26441297982436,498.07516006881485
1735024846320,12.976075809780891,77.59610659991618,163.43411860730913,498.24486569629966
1735024846340,12.97607733427248,77.59610816432934,163.6038242347939,498.41457132378446
1735024846360,12.97607885876407,77.59610972874248,163.77352986227868,498.58427695126926
1735024846380,12.97608038325566,77.59611129315563,163.94323548976345,498.75398257875406
1735024846400,12.97608190774725,77.59611285756878,164.11294111724823,498.92368820623886
1735024846420,12.97608343223884,77.59611442198192,164.282646744733,499.09339383372367
1735024846440,12.97608495673043,77.59611598639508,164.45235237221777,499.26309946120847
1735024846460,12.97608648122202,77.59611755080823,164.62205799970255,499.43280508869327
1735024846480,12.976088005713608,77.59611911522137,164.79176362718732,499.6025107161781
1735024846500,12.976089530205199,77.59612067963452,164.9614692546721,499.7722163436629
1735024846520,12.976091054696788,77.59612224404768,165.13117488215687,499.9419219711477
1735024846540,12.976092579188379,77.59612380846082,165.30088050964164,500.1116275986325
1735024846560,12.976094103679968,77.59612537287397,165.47058613712642,500.2813332261173
1735024846580,12.976095628171556,77.59612693728712,165.6402917646112,500.4510388536021
1735024846600,12.976097152663147,77.59612850170026,165.80999739209597,500.6207444810869
1735024846620,12.976098677154736,77.59613006611342,165.97970301958074,500.7904501085717
1735024846640,12.976100201646327,77.59613163052657,166.1494086470655,500.9601557360565
1735024846660,12.976101726137916,77.59613319493971,166.3191142745503,501.1298613635413
1735024846680,12.976103250629507,77.59613475935286,166.48881990203506,501.2995669910261
1735024846700,12.976104775121096,77.59613632376602,166.65852552951984,501.4692726185109
1735024846720,12.976106299612685,77.59613788817916,166.8282311570046,501.6389782459957
1735024846740,12.976107824104275,77.59613945259231,166.99793678448938,501.8086838734805
1735024846760,12.976109348595864,77.59614101700546,167.16764241197416,501.9783895009653
1735024846780,12.976110873087455,77.5961425814186,167.33734803945893,502.1480951284501
1735024846800,12.976112397579044,77.59614414583176,167.5070536669437,502.3178007559349
1735024846820,12.976113922070633,77.59614571024491,167.67675929442848,502.4875063834197
1735024846840,12.976115446562224,77.59614727465805,167.84646492191325,502.6572120109045
1735024846860,12.976116971053813,77.5961488390712,168.01617054939803,502.8269176383893
1735024846880,12.976118495545403,77.59615040348436,168.1858761768828,502.9966232658741
1735024846900,12.976120020036992,77.5961519678975,168.35558180436757,503.1663288933589
1735024846920,12.976121544528583,77.59615353231065,168.52528743185235,503.3360345208437
1735024846940,12.976123069020172,77.5961550967238,168.69499305933712,503.5057401483285
1735024846960,12.976124593511761,77.59615666113694,168.8646986868219,503.67544577581333
1735024846980,12.976126118003352,77.5961582255501,169.03440431430667,503.84515140329813
1735024847000,12.97612764249494,77.59615978996325,169.20410994179144,504.01485703078293
1735024847020,12.976129166986532,77.59616135437639,169.37381556927622,504.18456265826774
1735024847040,12.97613069147812,77.59616291878955,169.543521196761,504.35426828575254
1735024847060,12.97613221596971,77.5961644832027,169.71322682424577,504.52397391323734
1735024847080,12.9761337404613,77.59616604761584,169.88293245173054,504.69367954072214
1735024847100,12.97613526495289,77.59616761202899,170.0526380792153,504.86338516820695
1735024847120,12.97613678944448,77.59616917644215,170.2223437067001,505.03309079569175
1735024847140,12.976138313936069,77.59617074085529,170.39204933418486,505.20279642317655
1735024847160,12.97613983842766,77.59617230526844,170.56175496166964,505.37250205066135
1735024847180,12.976141362919249,77.59617386968159,170.7314605891544,505.54220767814616
1735024847200,12.976142887410838,77.59617543409473,170.90116621663918,505.71191330563096
1735024847220,12.976144411902428,77.59617699850789,171.07087184412396,505.88161893311576
1735024847240,12.976145936394017,77.59617856292104,171.24057747160873,506.05132456060056
1735024847260,12.976147460885608,77.59618012733418,171.4102830990935,506.22103018808536
1735024847280,12.976148985377197,77.59618169174733,171.57998872657828,506.39073581557017
1735024847300,12.976150509868786,77.59618325616049,171.74969435406305,506.56044144305497
1735024847320,12.976152034360377,77.59618482057363,171.91939998154783,506.7301470705398
1735024847340,12.976153558851966,77.59618638498678,172.0891056090326,506.8998526980246
1735024847360,12.976155083343556,77.59618794939993,172.25881123651737,507.0695583255094
1735024847380,12.976156607835145,77.59618951381307,172.42851686400215,507.2392639529942
1735024847400,12.976158132326736,77.59619107822623,172.59822249148692,507.408969580479
1735024847420,12.976159656818325,77.59619264263938,172.7679281189717,507.5786752079638
1735024847440,12.976161181309914,77.59619420705252,172.93763374645647,507.7483808354486
1735024847460,12.976162705801505,77.59619577146567,173.10733937394124,507.9180864629334
1735024847480,12.976164230293094,77.59619733587883,173.27704500142602,508.0877920904182
1735024847500,12.976165754784684,77.59619890029197,173.4467506289108,508.257497717903
1735024847520,12.976167279276273,77.59620046470512,173.61645625639557,508.4272033453878
1735024847540,12.976168803767862,77.59620202911827,173.78616188388034,508.5969089728726
1735024847560,12.976170328259453,77.59620359353141,173.9558675113651,508.7666146003574
1735024847580,12.976171852751042,77.59620515794457,174.1255731388499,508.9363202278422
1735024847600,12.976173377242633,77.59620672235772,174.29527876633466,509.106025855327
1735024847620,12.976174901734222,77.59620828677086,174.46498439381944,509.2757314828118
1735024847640,12.976176426225813,77.59620985118401,174.6346900213042,509.4454371102966
1735024847660,12.976177950717402,77.59621141559717,174.80439564878898,509.6151427377814
1735024847680,12.97617947520899,77.5962129800103,174.97410127627376,509.7848483652662
1735024847700,12.976180999700581,77.59621454442346,175.14380690375853,509.954553992751
1735024847720,12.97618252419217,77.59621610883661,175.3135125312433,510.1242596202358
1735024847740,12.976184048683761,77.59621767324975,175.48321815872808,510.2939652477206
1735024847760,12.97618557317535,77.59621923766291,175.65292378621285,510.4636708752054
1735024847780,12.976187097666939,77.59622080207606,175.82262941369763,510.6333765026902
1735024847800,12.97618862215853,77.5962223664892,175.9923350411824,510.803082130175
1735024847820,12.976190146650119,77.59622393090235,176.16204066866717,510.97278775765983
1735024847840,12.97619167114171,77.59622549531551,176.33174629615195,511.14249338514463
1735024847860,12.976193195633298,77.59622705972866,176.50145192363672,511.31219901262943
1735024847880,12.976194720124889,77.5962286241418,176.6711575511215,511.48190464011424
1735024847900,12.976196244616478,77.59623018855496,176.84086317860627,511.65161026759904
1735024847920,12.976197769108067,77.59623175296811,177.01056880609104,511.82131589508384
1735024847940,12.976199293599658,77.59623331738125,177.18027443357582,511.99102152256864
1735024847960,12.976200818091247,77.5962348817944,177.3499800610606,512.1607271500534
1735024847980,12.976202342582837,77.59623644620756,177.51968568854537,512.3304327775381
1735024848000,12.976203867074426,77.5962380106207,177.68939131603014,512.5001384050229
1735024848020,12.976205391566015,77.59623957503385,177.8590969435149,512.6698440325076
1735024848040,12.976206916057606,77.596241139447,178.0288025709997,512.8395496599924
1735024848060,12.976208440549195,77.59624270386014,178.19850819848446,513.0092552874771
1735024848080,12.976209965040786,77.5962442682733,178.36821382596924,513.1789609149619
1735024848100,12.976211489532375,77.59624583268645,178.537919453454,513.3486665424466
1735024848120,12.976213014023966,77.59624739709959,178.70762508093878,513.5183721699314
1735024848140,12.976214538515555,77.59624896151274,178.87733070842356,513.6880777974161
1735024848160,12.976216063007143,77.5962505259259,179.04703633590833,513.8577834249008
1735024848180,12.976217587498734,77.59625209033904,179.2167419633931,514.0274890523856
1735024848200,12.976219111990323,77.59625365475219,179.38644759087788,514.1971946798703
1735024848220,12.976220636481914,77.59625521916534,179.55615321836265,514.3669003073551
1735024848240,12.976222160973503,77.59625678357848,179.72585884584743,514.5366059348398
1735024848260,12.976223685465092,77.59625834799164,179.8955644733322,514.7063115623246
1735024848280,12.976225209956683,77.59625991240479,180.06527010081697,514.8760171898093
1735024848300,12.976226734448272,77.59626147681793,180.23497572830175,515.0457228172941
1735024848320,12.976228258939862,77.59626304123108,180.40468135578652,515.2154284447788
1735024848340,12.976229783431451,77.59626460564424,180.5743869832713,515.3851340722636
1735024848360,12.976231307923042,77.59626617005738,180.74409261075607,515.5548396997483
1735024848380,12.976232832414631,77.59626773447053,180.91379823824084,515.724545327233
1735024848400,12.97623435690622,77.59626929888368,181.08350386572562,515.8942509547178
1735024848420,12.97623588139781,77.59627086329682,181.2532094932104,516.0639565822025
1735024848440,12.9762374058894,77.59627242770998,181.42291512069517,516.2336622096873
1735024848460,12.97623893038099,77.59627399212313,181.59262074817994,516.403367837172
1735024848480,12.97624045487258,77.59627555653627,181.7623263756647,516.5730734646568
1735024848500,12.976241979364168,77.59627712094942,181.9320320031495,516.7427790921415
1735024848520,12.976243503855759,77.59627868536258,182.10173763063426,516.9124847196263
1735024848540,12.976245028347348,77.59628024977572,182.27144325811904,517.082190347111
1735024848560,12.976246552838939,77.59628181418887,182.4411488856038,517.2518959745958
1735024848580,12.976248077330528,77.59628337860202,182.61085451308858,517.4216016020805
1735024848600,12.976249601822119,77.59628494301516,182.78056014057336,517.5913072295652
1735024848620,12.976251126313707,77.59628650742832,182.95026576805813,517.76101285705
1735024848640,12.976252650805296,77.59628807184147,183.1199713955429,517.9307184845347
1735024848660,12.976254175296887,77.59628963625461,183.28967702302768,518.1004241120195
1735024848680,12.976255699788476,77.59629120066776,183.45938265051245,518.2701297395042
1735024848700,12.976257224280067,77.59629276508092,183.62908827799723,518.439835366989
1735024848720,12.976258748771656,77.59629432949406,183.798793905482,518.6095409944737
1735024848740,12.976260273263245,77.59629589390721,183.96849953296677,518.7792466219585
1735024848760,12.976261797754836,77.59629745832036,184.13820516045155,518.9489522494432
1735024848780,12.976263322246425,77.5962990227335,184.30791078793632,519.118657876928
1735024848800,12.976264846738015,77.59630058714666,184.4776164154211,519.2883635044127
1735024848820,12.976266371229604,77.59630215155981,184.64732204290587,519.4580691318974
1735024848840,12.976267895721195,77.59630371597295,184.81702767039064,519.6277747593822
1735024848860,12.976269420212784,77.5963052803861,184.98673329787542,519.7974803868669
1735024848880,12.976270944704373,77.59630684479926,185.1564389253602,519.9671860143517
1735024848900,12.976272469195964,77.5963084092124,185.32614455284497,520.1368916418364
1735024848920,12.976273993687553,77.59630997362555,185.49585018032974,520.3065972693212
1735024848940,12.976275518179143,77.5963115380387,185.6655558078145,520.4763028968059
1735024848960,12.976277042670732,77.59631310245184,185.8352614352993,520.6460085242907
1735024848980,12.976278567162321,77.596314666865,186.00496706278406,520.8157141517754
1735024849000,12.976280091653912,77.59631623127815,186.17467269026884,520.9854197792602
1735024849020,12.976281616145501,77.59631779569129,186.3443783177536,521.1551254067449
1735024849040,12.976283140637092,77.59631936010445,186.51408394523838,521.3248310342296
1735024849060,12.97628466512868,77.5963209245176,186.68378957272316,521.4945366617144
1735024849080,12.976286189620271,77.59632248893074,186.85349520020793,521.6642422891991
1735024849100,12.97628771411186,77.59632405334389,187.0232008276927,521.8339479166839
1735024849120,12.97628923860345,77.59632561775705,187.19290645517748,522.0036535441686
1735024849140,12.97629076309504,77.59632718217019,187.36261208266225,522.1733591716534
1735024849160,12.97629228758663,77.59632874658334,187.53231771014703,522.3430647991381
1735024849180,12.97629381207822,77.59633031099649,187.7020233376318,522.5127704266229
1735024849200,12.976295336569809,77.59633187540963,187.87172896511657,522.6824760541076
1735024849220,12.976296861061398,77.59633343982279,188.04143459260135,522.8521816815924
1735024849240,12.976298385552989,77.59633500423594,188.21114022008612,523.0218873090771
1735024849260,12.976299910044578,77.59633656864908,188.3808458475709,523.1915929365618
1735024849280,12.976301434536168,77.59633813306223,188.55055147505567,523.3612985640466
1735024849300,12.976302959027757,77.59633969747539,188.72025710254044,523.5310041915313
1735024849320,12.976304483519348,77.59634126188853,188.88996273002522,523.7007098190161
1735024849340,12.976306008010937,77.59634282630168,189.05966835751,523.8704154465008
1735024849360,12.976307532502526,77.59634439071483,189.22937398499477,524.0401210739856
1735024849380,12.976309056994117,77.59634595512797,189.39907961247954,524.2098267014703
1735024849400,12.976310581485706,77.59634751954113,189.5687852399643,524.3795323289551
1735024849420,12.976312105977296,77.59634908395428,189.7384908674491,524.5492379564398
1735024849440,12.976313630468885,77.59635064836742,189.90819649493386,524.7189435839246
1735024849460,12.976315154960474,77.59635221278057,190.07790212241864,524.8886492114093
1735024849480,12.976316679452065,77.59635377719373,190.2476077499034,525.058354838894
1735024849500,12.976318203943654,77.59635534160687,190.41731337738818,525.2280604663788
1735024849520,12.976319728435245,77.59635690602002,190.58701900487296,525.3977660938635
1735024849540,12.976321252926834,77.59635847043317,190.75672463235773,525.5674717213483
1735024849560,12.976322777418424,77.59636003484631,190.9264302598425,525.737177348833
1735024849580,12.976324301910013,77.59636159925947,191.09613588732728,525.9068829763178
1735024849600,12.976325826401602,77.59636316367262,191.26584151481205,526.0765886038025
1735024849620,12.976327350893193,77.59636472808576,191.43554714229683,526.2462942312873
1735024849640,12.976328875384782,77.59636629249891,191.6052527697816,526.415999858772
1735024849660,12.976330399876373,77.59636785691207,191.77495839726637,526.5857054862568
1735024849680,12.976331924367962,77.5963694213252,191.94466402475115,526.7554111137415
1735024849700,12.97633344885955,77.59637098573836,192.11436965223592,526.9251167412262
1735024849720,12.976334973351141,77.59637255015151,192.2840752797207,527.094822368711
1735024849740,12.97633649784273,77.59637411456465,192.45378090720547,527.2645279961957
1735024849760,12.976338022334321,77.59637567897781,192.62348653469024,527.4342336236805
1735024849780,12.97633954682591,77.59637724339096,192.79319216217502,527.6039392511652
1735024849800,12.976341071317501,77.5963788078041,192.9628977896598,527.77364487865
1735024849820,12.97634259580909,77.59638037221725,193.13260341714457,527.9433505061347
1735024849840,12.976344120300679,77.59638193663041,193.30230904462934,528.1130561336195
1735024849860,12.97634564479227,77.59638350104356,193.4720146721141,528.2827617611042
1735024849880,12.976347169283859,77.5963850654567,193.6417202995989,528.452467388589
1735024849900,12.97634869377545,77.59638662986985,193.81142592708366,528.6221730160737
1735024849920,12.976350218267038,77.59638819428301,193.98113155456844,528.7918786435584
1735024849940,12.976351742758627,77.59638975869615,194.1508371820532,528.9615842710432
1735024849960,12.976353267250218,77.5963913231093,194.32054280953798,529.1312898985279
1735024849980,12.976354791741807,77.59639288752246,194.49024843702276,529.3009955260127
1735024850000,12.976356316233398,77.5963944519356,194.65995406450753,529.4707011534974
1735024850020,12.976357840724987,77.59639601634875,194.8296596919923,529.6404067809822
1735024850040,12.976359365216577,77.5963975807619,194.99936531947708,529.8101124084669
1735024850060,12.976360889708166,77.59639914517504,195.16907094696185,529.9798180359517
1735024850080,12.976362414199755,77.5964007095882,195.33877657444663,530.1495236634364
1735024850100,12.976363938691346,77.59640227400135,195.5084822019314,530.3192292909212
1735024850120,12.976365463182935,77.59640383841449,195.67818782941617,530.4889349184059
1735024850140,12.976366987674526,77.59640540282764,195.84789345690095,530.6586405458906
1735024850160,12.976368512166115,77.5964069672408,196.01759908438572,530.8283461733754
1735024850180,12.976370036657704,77.59640853165394,196.1873047118705,530.9980518008601
1735024850200,12.976371561149294,77.59641009606709,196.35701033935527,531.1677574283449
1735024850220,12.976373085640883,77.59641166048024,196.52671596684004,531.3374630558296
1735024850240,12.976374610132474,77.59641322489338,196.69642159432482,531.5071686833144
1735024850260,12.976376134624063,77.59641478930654,196.8661272218096,531.6768743107991
1735024850280,12.976377659115654,77.59641635371969,197.03583284929437,531.8465799382839
1735024850300,12.976379183607243,77.59641791813283,197.20553847677914,532.0162855657686
1735024850320,12.976380708098832,77.59641948254598,197.3752441042639,532.1859911932534
1735024850340,12.976382232590423,77.59642104695914,197.5449497317487,532.3556968207381
1735024850360,12.976383757082012,77.59642261137228,197.71465535923346,532.5254024482228
1735024850380,12.976385281573602,77.59642417578543,197.88436098671824,532.6951080757076
1735024850400,12.976386806065191,77.59642574019858,198.054066614203,532.8648137031923
1735024850420,12.97638833055678,77.59642730461172,198.22377224168778,533.0345193306771
1735024850440,12.976389855048371,77.59642886902488,198.39347786917256,533.2042249581618
1735024850460,12.97639137953996,77.59643043343803,198.56318349665733,533.3739305856466
1735024850480,12.97639290403155,77.59643199785117,198.7328891241421,533.5436362131313
1735024850500,12.97639442852314,77.59643356226432,198.90259475162688,533.7133418406161
1735024850520,12.97639595301473,77.59643512667748,199.07230037911165,533.8830474681008
1735024850540,12.97639747750632,77.59643669109062,199.24200600659643,534.0527530955856
1735024850560,12.976399001997908,77.59643825550377,199.4117116340812,534.2224587230703
1735024850580,12.976400526489499,77.59643981991692,199.58141726156597,534.392164350555
1735024850600,12.976402050981088,77.59644138433006,199.75112288905075,534.5618699780398
1735024850620,12.976403575472679,77.59644294874322,199.92082851653552,534.7315756055245
1735024850640,12.976405099964268,77.59644451315637,200.0905341440203,534.9012812330093
1735024850660,12.976406624455857,77.59644607756951,200.26023977150507,535.070986860494
1735024850680,12.976408148947447,77.59644764198266,200.42994539898984,535.2406924879788
1735024850700,12.976409673439036,77.59644920639582,200.59965102647462,535.4103981154635
1735024850720,12.976411197930627,77.59645077080896,200.7693566539594,535.5801037429483
1735024850740,12.976412722422216,77.59645233522211,200.93906228144417,535.749809370433
1735024850760,12.976414246913807,77.59645389963526,201.10876790892894,535.9195149979178
1735024850780,12.976415771405396,77.5964554640484,201.2784735364137,536.0892206254025
1735024850800,12.976417295896985,77.59645702846156,201.4481791638985,536.2589262528872
1735024850820,12.976418820388576,77.59645859287471,201.61788479138326,536.428631880372
1735024850840,12.976420344880164,77.59646015728785,201.78759041886804,536.5983375078567
1735024850860,12.976421869371755,77.596461721701,201.9572960463528,536.7680431353415
1735024850880,12.976423393863344,77.59646328611416,202.12700167383758,536.9377487628262
1735024850900,12.976424918354933,77.5964648505273,202.29670730132236,537.107454390311
1735024850920,12.976426442846524,77.59646641494045,202.46641292880713,537.2771600177957
1735024850940,12.976427967338113,77.5964679793536,202.6361185562919,537.4468656452805
1735024850960,12.976429491829704,77.59646954376674,202.80582418377668,537.6165712727652
1735024850980,12.976431016321293,77.5964711081799,202.97552981126145,537.78627690025
1735024851000,12.976432540812883,77.59647267259305,203.14523543874623,537.9559825277347
1735024851020,12.976434065304472,77.59647423700619,203.314941066231,538.1256881552194
1735024851040,12.976435589796061,77.59647580141934,203.48464669371577,538.2953937827042
1735024851060,12.976437114287652,77.5964773658325,203.65435232120055,538.4650994101889
1735024851080,12.976438638779241,77.59647893024564,203.82405794868532,538.6348050376737
1735024851100,12.976440163270832,77.59648049465879,203.9937635761701,538.8045106651584
1735024851120,12.97644168776242,77.59648205907195,204.16346920365487,538.9742162926432
1735024851140,12.97644321225401,77.59648362348508,204.33317483113964,539.1439219201279
1735024851160,12.9764447367456,77.59648518789824,204.50288045862442,539.3136275476127
1735024851180,12.97644626123719,77.59648675231139,204.6725860861092,539.4833331750974
1735024851200,12.97644778572878,77.59648831672453,204.84229171359397,539.6530388025822
1735024851220,12.976449310220369,77.59648988113769,205.01199734107874,539.8227444300669
1735024851240,12.976450834711958,77.59649144555084,205.1817029685635,539.9924500575517
1735024851260,12.976452359203549,77.59649300996398,205.3514085960483,540.1621556850364
1735024851280,12.976453883695138,77.59649457437713,205.52111422353306,540.3318613125211
1735024851300,12.976455408186728,77.59649613879029,205.69081985101784,540.5015669400059
1735024851320,12.976456932678317,77.59649770320343,205.8605254785026,540.6712725674906
1735024851340,12.976458457169908,77.59649926761658,206.03023110598738,540.8409781949754
1735024851360,12.976459981661497,77.59650083202973,206.19993673347216,541.0106838224601
1735024851380,12.976461506153086,77.59650239644287,206.36964236095693,541.1803894499449
1735024851400,12.976463030644677,77.59650396085603,206.5393479884417,541.3500950774296
1735024851420,12.976464555136266,77.59650552526918,206.70905361592648,541.5198007049144
1735024851440,12.976466079627857,77.59650708968232,206.87875924341125,541.6895063323991
1735024851460,12.976467604119446,77.59650865409547,207.04846487089603,541.8592119598839
1735024851480,12.976469128611035,77.59651021850863,207.2181704983808,542.0289175873686
1735024851500,12.976470653102625,77.59651178292177,207.38787612586557,542.1986232148533
1735024851520,12.976472177594214,77.59651334733492,207.55758175335035,542.3683288423381
1735024851540,12.976473702085805,77.59651491174807,207.72728738083512,542.5380344698228
1735024851560,12.976475226577394,77.59651647616121,207.8969930083199,542.7077400973076
1735024851580,12.976476751068985,77.59651804057437,208.06669863580467,542.8774457247923
1735024851600,12.976478275560574,77.59651960498752,208.23640426328944,543.0471513522771
1735024851620,12.976479800052163,77.59652116940066,208.40610989077422,543.2168569797618
1735024851640,12.976481324543753,77.59652273381381,208.575815518259,543.3865626072466
1735024851660,12.976482849035342,77.59652429822697,208.74552114574377,543.5562682347313
1735024851680,12.976484373526933,77.5965258626401,208.91522677322854,543.725973862216
1735024851700,12.976485898018522,77.59652742705326,209.0849324007133,543.8956794897008
1735024851720,12.976487422510111,77.59652899146641,209.2546380281981,544.0653851171855
1735024851740,12.976488947001702,77.59653055587955,209.42434365568286,544.2350907446703
1735024851760,12.97649047149329,77.59653212029271,209.59404928316764,544.404796372155
1735024851780,12.976491995984881,77.59653368470586,209.7637549106524,544.5745019996398
1735024851800,12.97649352047647,77.596535249119,209.93346053813718,544.7442076271245
1735024851820,12.976495044968061,77.59653681353215,210.10316616562196,544.9139132546093
1735024851840,12.97649656945965,77.59653837794531,210.27287179310673,545.083618882094
1735024851860,12.976498093951239,77.59653994235846,210.4425774205915,545.2533245095788
1735024851880,12.97649961844283,77.5965415067716,210.61228304807628,545.4230301370635
1735024851900,12.976501142934419,77.59654307118475,210.78198867556105,545.5927357645483
1735024851920,12.97650266742601,77.59654463559791,210.95169430304583,545.762441392033
1735024851940,12.976504191917599,77.59654620001105,211.1213999305306,545.9321470195177
1735024851960,12.976505716409187,77.5965477644242,211.29110555801537,546.1018526470025
1735024851980,12.976507240900778,77.59654932883736,211.46081118550015,546.2715582744872
1735024852000,12.976508765392367,77.5965508932505,211.63051681298492,546.441263901972
1735024852020,12.976510289883958,77.59655245766365,211.8002224404697,546.6109695294567
1735024852040,12.976511814375547,77.5965540220768,211.96992806795447,546.7806751569415
1735024852060,12.976513338867138,77.59655558648994,212.13963369543924,546.9503807844262
1735024852080,12.976514863358727,77.5965571509031,212.30933932292402,547.120086411911
1735024852100,12.976516387850316,77.59655871531625,212.4790449504088,547.2897920393957
1735024852120,12.976517912341906,77.59656027972939,212.64875057789357,547.4594976668805
1735024852140,12.976519436833495,77.59656184414254,212.81845620537834,547.6292032943652
1735024852160,12.976520961325086,77.5965634085557,212.9881618328631,547.7989089218499
1735024852180,12.976522485816675,77.59656497296884,213.1578674603479,547.9686145493347
1735024852200,12.976524010308264,77.59656653738199,213.32757308783266,548.1383201768194
1735024852220,12.976525534799855,77.59656810179514,213.49727871531744,548.3080258043042
1735024852240,12.976527059291444,77.59656966620828,213.6669843428022,548.4777314317889
1735024852260,12.976528583783034,77.59657123062144,213.83668997028698,548.6474370592737
1735024852280,12.976530108274623,77.59657279503459,214.00639559777176,548.8171426867584
1735024852300,12.976531632766214,77.59657435944773,214.17610122525653,548.9868483142432
1735024852320,12.976533157257803,77.59657592386088,214.3458068527413,549.1565539417279
1735024852340,12.976534681749392,77.59657748827404,214.51551248022608,549.3262595692127
1735024852360,12.976536206240983,77.59657905268718,214.68521810771085,549.4959651966974
1735024852380,12.976537730732572,77.59658061710033,214.85492373519563,549.6656708241821
1735024852400,12.976539255224163,77.59658218151348,215.0246293626804,549.8353764516669
1735024852420,12.976540779715751,77.59658374592662,215.19433499016517,550.0050820791516
1735024852440,12.97654230420734,77.59658531033978,215.36404061764995,550.1747877066364
1735024852460,12.976543828698931,77.59658687475293,215.53374624513472,550.3444933341211
1735024852480,12.97654535319052,77.59658843916607,215.7034518726195,550.5141989616059
1735024852500,12.976546877682111,77.59659000357922,215.87315750010427,550.6839045890906
1735024852520,12.9765484021737,77.59659156799238,216.04286312758904,550.8536102165754
1735024852540,12.97654992666529,77.59659313240552,216.21256875507382,551.0233158440601
1735024852560,12.97655145115688,77.59659469681867,216.3822743825586,551.1930214715449
1735024852580,12.976552975648469,77.59659626123182,216.55198001004337,551.3627270990296
1735024852600,12.97655450014006,77.59659782564496,216.72168563752814,551.5324327265143
1735024852620,12.976556024631648,77.59659939005812,216.8913912650129,551.7021383539991
1735024852640,12.976557549123239,77.59660095447127,217.0610968924977,551.8718439814838
1735024852660,12.976559073614828,77.59660251888441,217.23080251998246,552.0415496089686
1735024852680,12.976560598106417,77.59660408329756,217.40050814746724,552.2112552364533
1735024852700,12.976562122598008,77.59660564771072,217.570213774952,552.3809608639381
1735024852720,12.976563647089597,77.59660721212386,217.73991940243678,552.5506664914228
1735024852740,12.976565171581187,77.59660877653701,217.90962502992156,552.7203721189076
1735024852760,12.976566696072776,77.59661034095016,218.07933065740633,552.8900777463923
1735024852780,12.976568220564367,77.5966119053633,218.2490362848911,553.059783373877
1735024852800,12.976569745055956,77.59661346977646,218.41874191237588,553.2294890013618
1735024852820,12.976571269547545,77.59661503418961,218.58844753986065,553.3991946288465
1735024852840,12.976572794039136,77.59661659860275,218.75815316734543,553.5689002563313
1735024852860,12.976574318530725,77.5966181630159,218.9278587948302,553.738605883816
1735024852880,12.976575843022315,77.59661972742906,219.09756442231497,553.9083115113008
1735024852900,12.976577367513904,77.5966212918422,219.26727004979975,554.0780171387855
1735024852920,12.976578892005493,77.59662285625535,219.43697567728452,554.2477227662703
1735024852940,12.976580416497084,77.5966244206685,219.6066813047693,554.417428393755
1735024852960,12.976581940988673,77.59662598508164,219.77638693225407,554.5871340212398
1735024852980,12.976583465480264,77.5966275494948,219.94609255973884,554.7568396487245
1735024853000,12.976584989971853,77.59662911390795,220.11579818722362,554.9265452762093
1735024853020,12.976586514463444,77.59663067832109,220.2855038147084,555.096250903694
1735024853040,12.976588038955033,77.59663224273424,220.45520944219317,555.2659565311787
1735024853060,12.976589563446622,77.5966338071474,220.62491506967794,555.4356621586635
1735024853080,12.976591087938212,77.59663537156054,220.7946206971627,555.6053677861482
1735024853100,12.976592612429801,77.59663693597369,220.9643263246475,555.775073413633
1735024853120,12.976594136921392,77.59663850038685,221.13403195213226,555.9447790411177
1735024853140,12.976595661412981,77.59664006479998,221.30373757961704,556.1144846686025
1735024853160,12.97659718590457,77.59664162921314,221.4734432071018,556.2841902960872
1735024853180,12.97659871039616,77.59664319362629,221.64314883458658,556.453895923572
1735024853200,12.97660023488775,77.59664475803943,221.81285446207136,556.6236015510567
1735024853220,12.97660175937934,77.59664632245259,221.98256008955613,556.7933071785415
1735024853240,12.97660328387093,77.59664788686574,222.1522657170409,556.9630128060262
1735024853260,12.97660480836252,77.59664945127888,222.32197134452568,557.132718433511
1735024853280,12.976606332854109,77.59665101569203,222.49167697201045,557.3024240609957
1735024853300,12.976607857345698,77.59665258010519,222.66138259949523,557.4721296884804
1735024853320,12.976609381837289,77.59665414451833,222.83108822698,557.6418353159652
1735024853340,12.976610906328878,77.59665570893148,223.00079385446477,557.8115409434499
1735024853360,12.976612430820468,77.59665727334463,223.17049948194955,557.9812465709347
1735024853380,12.976613955312057,77.59665883775777,223.34020510943432,558.1509521984194
1735024853400,12.976615479803646,77.59666040217093,223.5099107369191,558.3206578259042
1735024853420,12.976617004295237,77.59666196658408,223.67961636440387,558.4903634533889
1735024853440,12.976618528786826,77.59666353099722,223.84932199188864,558.6600690808737
1735024853460,12.976620053278417,77.59666509541037,224.01902761937342,558.8297747083584
1735024853480,12.976621577770006,77.59666665982353,224.1887332468582,558.9994803358431
1735024853500,12.976623102261597,77.59666822423667,224.35843887434297,559.1691859633279
1735024853520,12.976624626753186,77.59666978864982,224.52814450182774,559.3388915908126
1735024853540,12.976626151244774,77.59667135306297,224.6978501293125,559.5085972182974
1735024853560,12.976627675736365,77.59667291747611,224.8675557567973,559.6783028457821
1735024853580,12.976629200227954,77.59667448188927,225.03726138428206,559.8480084732669
1735024853600,12.976630724719545,77.59667604630242,225.20696701176684,560.0177141007516
1735024853620,12.976632249211134,77.59667761071556,225.3766726392516,560.1874197282364
1735024853640,12.976633773702723,77.59667917512871,225.54637826673638,560.3571253557211
1735024853660,12.976635298194314,77.59668073954187,225.71608389422116,560.5268309832059
1735024853680,12.976636822685903,77.596682303955,225.88578952170593,560.6965366106906
1735024853700,12.976638347177493,77.59668386836816,226.0554951491907,560.8662422381753
1735024853720,12.976639871669082,77.59668543278131,226.22520077667548,561.0359478656601
1735024853740,12.976641396160673,77.59668699719445,226.39490640416025,561.2056534931448
1735024853760,12.976642920652262,77.5966885616076,226.56461203164503,561.3753591206296
1735024853780,12.976644445143851,77.59669012602076,226.7343176591298,561.5450647481143
1735024853800,12.976645969635442,77.59669169043391,226.90402328661457,561.7147703755991
1735024853820,12.97664749412703,77.59669325484705,227.07372891409935,561.8844760030838
1735024853840,12.976649018618621,77.59669481926021,227.24343454158412,562.0541816305686
1735024853860,12.97665054311021,77.59669638367336,227.4131401690689,562.2238872580533
1735024853880,12.9766520676018,77.5966979480865,227.58284579655367,562.393592885538
1735024853900,12.97665359209339,77.59669951249965,227.75255142403844,562.5632985130228
1735024853920,12.976655116584979,77.59670107691281,227.92225705152322,562.7330041405075
1735024853940,12.97665664107657,77.59670264132595,228.091962679008,562.9027097679923
1735024853960,12.976658165568159,77.5967042057391,228.26166830649277,563.072415395477
1735024853980,12.97665969005975,77.59670577015225,228.43137393397754,563.2421210229618
1735024854000,12.976661214551338,77.5967073345654,228.6010795614623,563.4118266504465
1735024854020,12.976662739042927,77.59670889897855,228.7707851889471,563.5815322779313
1735024854040,12.976664263534518,77.5967104633917,228.94049081643186,563.751237905416
1735024854060,12.976665788026107,77.59671202780484,229.11019644391664,563.9209435329008
1735024854080,12.976667312517698,77.596713592218,229.2799020714014,564.0906491603855
1735024854100,12.976668837009287,77.59671515663115,229.44960769888618,564.2603547878703
1735024854120,12.976670361500876,77.59671672104429,229.61931332637096,564.430060415355
1735024854140,12.976671885992467,77.59671828545744,229.78901895385573,564.5997660428397
1735024854160,12.976673410484056,77.5967198498706,229.9587245813405,564.7694716703245
1735024854180,12.976674934975646,77.59672141428373,230.12843020882528,564.9391772978092
1735024854200,12.976676459467235,77.59672297869689,230.29813583631005,565.108882925294
1735024854220,12.976677983958826,77.59672454311004,230.46784146379483,565.2785885527787
1735024854240,12.976679508450415,77.59672610752318,230.6375470912796,565.4482941802635
1735024854260,12.976681032942004,77.59672767193634,230.80725271876437,565.6179998077482
1735024854280,12.976682557433595,77.59672923634949,230.97695834624915,565.787705435233
1735024854300,12.976684081925184,77.59673080076263,231.14666397373392,565.9574110627177
1735024854320,12.976685606416774,77.59673236517578,231.3163696012187,566.1271166902025
1735024854340,12.976687130908363,77.59673392958894,231.48607522870347,566.2968223176872
1735024854360,12.976688655399952,77.59673549400208,231.65578085618824,566.466527945172
1735024854380,12.976690179891543,77.59673705841523,231.82548648367302,566.6362335726567
1735024854400,12.976691704383132,77.59673862282838,231.9951921111578,566.8059392001414
1735024854420,12.976693228874723,77.59674018724152,232.16489773864257,566.9756448276262
1735024854440,12.976694753366312,77.59674175165468,232.33460336612734,567.1453504551109
1735024854460,12.976696277857902,77.59674331606783,232.5043089936121,567.3150560825957
1735024854480,12.976697802349491,77.59674488048097,232.6740146210969,567.4847617100804
1735024854500,12.97669932684108,77.59674644489412,232.84372024858166,567.6544673375652
1735024854520,12.976700851332671,77.59674800930728,233.01342587606644,567.8241729650499
1735024854540,12.97670237582426,77.59674957372042,233.1831315035512,567.9938785925347
1735024854560,12.97670390031585,77.59675113813357,233.35283713103598,568.1635842200194
1735024854580,12.97670542480744,77.59675270254672,233.52254275852076,568.3332898475041
1735024854600,12.976706949299029,77.59675426695986,233.69224838600553,568.5029954749889
1735024854620,12.97670847379062,77.59675583137302,233.8619540134903,568.6727011024736
1735024854640,12.976709998282209,77.59675739578617,234.03165964097508,568.8424067299584
1735024854660,12.9767115227738,77.59675896019931,234.20136526845985,569.0121123574431
1735024854680,12.976713047265388,77.59676052461246,234.37107089594463,569.1818179849279
1735024854700,12.976714571756979,77.59676208902562,234.5407765234294,569.3515236124126
1735024854720,12.976716096248568,77.59676365343876,234.71048215091417,569.5212292398974
1735024854740,12.976717620740157,77.59676521785191,234.88018777839895,569.6909348673821
1735024854760,12.976719145231748,77.59676678226506,235.04989340588372,569.8606404948669
1735024854780,12.976720669723337,77.5967683466782,235.2195990333685,570.0303461223516
1735024854800,12.976722194214927,77.59676991109136,235.38930466085327,570.2000517498363
1735024854820,12.976723718706516,77.59677147550451,235.55901028833804,570.3697573773211
1735024854840,12.976725243198105,77.59677303991765,235.72871591582282,570.5394630048058
1735024854860,12.976726767689696,77.5967746043308,235.8984215433076,570.7091686322906
1735024854880,12.976728292181285,77.59677616874396,236.06812717079237,570.8788742597753
1735024854900,12.976729816672876,77.5967777331571,236.23783279827714,571.0485798872601
1735024854920,12.976731341164465,77.59677929757025,236.4075384257619,571.2182855147448
1735024854940,12.976732865656055,77.5967808619834,236.5772440532467,571.3879911422296
1735024854960,12.976734390147644,77.59678242639654,236.74694968073146,571.5576967697143
1735024854980,12.976735914639233,77.5967839908097,236.91665530821624,571.7274023971991
1735024855000,12.976737439130824,77.59678555522285,237.086360935701,571.8971080246838
1735024855020,12.976738963622413,77.59678711963599,237.25606656318578,572.0668136521685
1735024855040,12.976740488114004,77.59678868404914,237.42577219067056,572.2365192796533
1735024855060,12.976742012605593,77.5967902484623,237.59547781815533,572.406224907138
1735024855080,12.976743537097182,77.59679181287544,237.7651834456401,572.5759305346228
1735024855100,12.976745061588773,77.59679337728859,237.93488907312488,572.7456361621075
1735024855120,12.976746586080361,77.59679494170175,238.10459470060965,572.9153417895923
1735024855140,12.976748110571952,77.59679650611488,238.27430032809443,573.085047417077
1735024855160,12.976749635063541,77.59679807052804,238.4440059555792,573.2547530445618
1735024855180,12.976751159555132,77.59679963494119,238.61371158306397,573.4244586720465
1735024855200,12.97675268404672,77.59680119935433,238.78341721054875,573.5941642995313
1735024855220,12.97675420853831,77.59680276376749,238.95312283803352,573.763869927016
1735024855240,12.9767557330299,77.59680432818064,239.1228284655183,573.9335755545007
1735024855260,12.97675725752149,77.59680589259378,239.29253409300307,574.1032811819855
1735024855280,12.97675878201308,77.59680745700693,239.46223972048784,574.2729868094702
1735024855300,12.97676030650467,77.59680902142009,239.63194534797262,574.442692436955
1735024855320,12.976761830996258,77.59681058583323,239.8016509754574,574.6123980644397
1735024855340,12.976763355487849,77.59681215024638,239.97135660294217,574.7821036919245
1735024855360,12.976764879979438,77.59681371465953,240.14106223042694,574.9518093194092
1735024855380,12.976766404471029,77.59681527907267,240.3107678579117,575.121514946894
1735024855400,12.976767928962618,77.59681684348583,240.4804734853965,575.2912205743787
1735024855420,12.976769453454208,77.59681840789898,240.65017911288126,575.4609262018635
1735024855440,12.976770977945797,77.59681997231212,240.81988474036604,575.6306318293482
1735024855460,12.976772502437386,77.59682153672527,240.9895903678508,575.800337456833
1735024855480,12.976774026928977,77.59682310113843,241.15929599533558,575.9700430843177
1735024855500,12.976775551420566,77.59682466555157,241.32900162282036,576.1397487118024
1735024855520,12.976777075912157,77.59682622996472,241.49870725030513,576.3094543392872
1735024855540,12.976778600403746,77.59682779437787,241.6684128777899,576.4791599667719
1735024855560,12.976780124895335,77.59682935879101,241.83811850527468,576.6488655942567
1735024855580,12.976781649386925,77.59683092320417,242.00782413275945,576.8185712217414
1735024855600,12.976783173878514,77.59683248761732,242.17752976024423,576.9882768492262
1735024855620,12.976784698370105,77.59683405203046,242.347235387729,577.1579824767109
1735024855640,12.976786222861694,77.59683561644361,242.51694101521377,577.3276881041957
1735024855660,12.976787747353285,77.59683718085677,242.68664664269855,577.4973937316804
1735024855680,12.976789271844874,77.5968387452699,242.85635227018332,577.6670993591651
1735024855700,12.976790796336463,77.59684030968306,243.0260578976681,577.8368049866499
1735024855720,12.976792320828054,77.59684187409621,243.19576352515287,578.0065106141346
1735024855740,12.976793845319643,77.59684343850935,243.36546915263764,578.1762162416194
1735024855760,12.976795369811233,77.5968450029225,243.53517478012242,578.3459218691041
1735024855780,12.976796894302822,77.59684656733566,243.7048804076072,578.5156274965889
1735024855800,12.976798418794411,77.59684813174881,243.87458603509197,578.6853331240736
1735024855820,12.976799943286002,77.59684969616195,244.04429166257674,578.8550387515584
1735024855840,12.976801467777591,77.59685126057511,244.2139972900615,579.0247443790431
1735024855860,12.976802992269182,77.59685282498826,244.3837029175463,579.1944500065279
1735024855880,12.97680451676077,77.5968543894014,244.55340854503106,579.3641556340126
1735024855900,12.976806041252361,77.59685595381455,244.72311417251584,579.5338612614973
1735024855920,12.97680756574395,77.59685751822771,244.8928198000006,579.7035668889821
1735024855940,12.97680909023554,77.59685908264085,245.06252542748538,579.8732725164668
1735024855960,12.97681061472713,77.596860647054,245.23223105497016,580.0429781439516
1735024855980,12.976812139218719,77.59686221146715,245.40193668245493,580.2126837714363
1735024856000,12.97681366371031,77.5968637758803,245.5716423099397,580.3823893989211
1735024856020,12.976815188201899,77.59686534029345,245.74134793742448,580.5520950264058
1735024856040,12.976816712693488,77.5968669047066,245.91105356490925,580.7218006538906
1735024856060,12.976818237185078,77.59686846911974,246.08075919239403,580.8915062813753
1735024856080,12.976819761676667,77.5968700335329,246.2504648198788,581.0612119088601
1735024856100,12.976821286168258,77.59687159794605,246.42017044736357,581.2309175363448
1735024856120,12.976822810659847,77.59687316235919,246.58987607484835,581.4006231638296
1735024856140,12.976824335151438,77.59687472677234,246.75958170233312,581.5703287913143
1735024856160,12.976825859643027,77.5968762911855,246.9292873298179,581.740034418799
1735024856180,12.976827384134616,77.59687785559863,247.09899295730267,581.9097400462838
1735024856200,12.976828908626207,77.59687942001179,247.26869858478744,582.0794456737685
1735024856220,12.976830433117795,77.59688098442494,247.43840421227222,582.2491513012533
1735024856240,12.976831957609386,77.59688254883808,247.608109839757,582.418856928738
1735024856260,12.976833482100975,77.59688411325124,247.77781546724177,582.5885625562228
1735024856280,12.976835006592564,77.59688567766439,247.94752109472654,582.7582681837075
1735024856300,12.976836531084155,77.59688724207753,248.1172267222113,582.9279738111923
1735024856320,12.976838055575744,77.59688880649068,248.2869323496961,583.097679438677
1735024856340,12.976839580067335,77.59689037090384,248.45663797718086,583.2673850661618
1735024856360,12.976841104558924,77.59689193531698,248.62634360466564,583.4370906936465
1735024856380,12.976842629050514,77.59689349973013,248.7960492321504,583.6067963211312
1735024856400,12.976844153542103,77.59689506414328,248.96575485963518,583.776501948616
1735024856420,12.976845678033692,77.59689662855642,249.13546048711996,583.9462075761007
1735024856440,12.976847202525283,77.59689819296958,249.30516611460473,584.1159132035855
1735024856460,12.976848727016872,77.59689975738273,249.4748717420895,584.2856188310702
1735024856480,12.976850251508463,77.59690132179587,249.64457736957428,584.455324458555
1735024856500,12.976851776000052,77.59690288620902,249.81428299705905,584.6250300860397
1735024856520,12.97685330049164,77.59690445062218,249.98398862454383,584.7947357135245
1735024856540,12.976854824983231,77.59690601503532,250.1536942520286,584.9644413410092
1735024856560,12.97685634947482,77.59690757944847,250.32339987951337,585.134146968494
1735024856580,12.976857873966411,77.59690914386162,250.49310550699815,585.3038525959787
1735024856600,12.976859398458,77.59691070827476,250.66281113448292,585.4735582234634
1735024856620,12.97686092294959,77.59691227268792,250.8325167619677,585.6432638509482
1735024856640,12.97686244744118,77.59691383710107,251.00222238945247,585.8129694784329
1735024856660,12.976863971932769,77.59691540151421,251.17192801693724,585.9826751059177
1735024856680,12.97686549642436,77.59691696592736,251.34163364442202,586.1523807334024
1735024856700,12.976867020915948,77.59691853034052,251.5113392719068,586.3220863608872
1735024856720,12.97686854540754,77.59692009475366,251.68104489939157,586.4917919883719
1735024856740,12.976870069899128,77.59692165916681,251.85075052687634,586.6614976158567
1735024856760,12.976871594390717,77.59692322357996,252.0204561543611,586.8312032433414
1735024856780,12.976873118882308,77.5969247879931,252.1901617818459,587.0009088708262
1735024856800,12.976874643373897,77.59692635240626,252.35986740933066,587.1706144983109
1735024856820,12.976876167865488,77.59692791681941,252.52957303681544,587.3403201257956
1735024856840,12.976877692357077,77.59692948123255,252.6992786643002,587.5100257532804
1735024856860,12.976879216848667,77.5969310456457,252.86898429178498,587.6797313807651
1735024856880,12.976880741340256,77.59693261005886,253.03868991926976,587.8494370082499
1735024856900,12.976882265831845,77.596934174472,253.20839554675453,588.0191426357346
1735024856920,12.976883790323436,77.59693573888515,253.3781011742393,588.1888482632194
1735024856940,12.976885314815025,77.5969373032983,253.54780680172408,588.3585538907041
1735024856960,12.976886839306616,77.59693886771144,253.71751242920885,588.5282595181889
1735024856980,12.976888363798205,77.5969404321246,253.88721805669363,588.6979651456736
1735024857000,12.976889888289794,77.59694199653775,254.0569236841784,588.8676707731584
1735024857020,12.976891412781384,77.59694356095089,254.22662931166317,589.0373764006431
1735024857040,12.976892937272973,77.59694512536404,254.39633493914795,589.2070820281278
1735024857060,12.976894461764564,77.5969466897772,254.56604056663272,589.3767876556126
1735024857080,12.976895986256153,77.59694825419034,254.7357461941175,589.5464932830973
1735024857100,12.976897510747744,77.59694981860349,254.90545182160227,589.7161989105821
1735024857120,12.976899035239333,77.59695138301664,255.07515744908704,589.8859045380668
1735024857140,12.976900559730922,77.59695294742978,255.24486307657182,590.0556101655516
1735024857160,12.976902084222512,77.59695451184294,255.4145687040566,590.2253157930363
1735024857180,12.976903608714101,77.59695607625609,255.58427433154137,590.3950214205211
1735024857200,12.976905133205692,77.59695764066923,255.75397995902614,590.5647270480058
1735024857220,12.976906657697281,77.59695920508238,255.9236855865109,590.7344326754906
1735024857240,12.97690818218887,77.59696076949554,256.0933912139957,590.9041383029753
1735024857260,12.97690970668046,77.59696233390868,256.26309684148043,591.07384393046
1735024857280,12.97691123117205,77.59696389832183,256.4328024689652,591.2435495579448
1735024857300,12.97691275566364,77.59696546273499,256.6025080964499,591.4132551854295
1735024857320,12.97691428015523,77.59696702714812,256.77221372393467,591.5829608129143
1735024857340,12.97691580464682,77.59696859156128,256.9419193514194,591.752666440399
1735024857360,12.97691732913841,77.59697015597443,257.11162497890416,591.9223720678838
1735024857380,12.976918853629998,77.59697172038757,257.2813306063889,592.0920776953685
1735024857400,12.976920378121589,77.59697328480073,257.45103623387365,592.2617833228533
1735024857420,12.976921902613178,77.59697484921388,257.6207418613584,592.431488950338
1735024857440,12.976923427104769,77.59697641362702,257.79044748884314,592.6011945778228
1735024857460,12.976924951596358,77.59697797804017,257.9601531163279,592.7709002053075
1735024857480,12.976926476087947,77.59697954245333,258.12985874381263,592.9406058327922
1735024857500,12.976928000579537,77.59698110686647,258.2995643712974,593.110311460277
1735024857520,12.976929525071126,77.59698267127962,258.4692699987821,593.2800170877617
1735024857540,12.976931049562717,77.59698423569277,258.63897562626687,593.4497227152465
1735024857560,12.976932574054306,77.59698580010591,258.8086812537516,593.6194283427312
1735024857580,12.976934098545895,77.59698736451907,258.97838688123636,593.789133970216
1735024857600,12.976935623037486,77.59698892893222,259.1480925087211,593.9588395977007
1735024857620,12.976937147529075,77.59699049334536,259.31779813620585,594.1285452251855
1735024857640,12.976938672020665,77.59699205775851,259.4875037636906,594.2982508526702
1735024857660,12.976940196512254,77.59699362217167,259.65720939117534,594.467956480155
1735024857680,12.976941721003845,77.5969951865848,259.8269150186601,594.6376621076397
1735024857700,12.976943245495434,77.59699675099796,259.99662064614483,594.8073677351244
1735024857720,12.976944769987023,77.59699831541111,260.1663262736296,594.9770733626092
1735024857740,12.976946294478614,77.59699987982425,260.3360319011143,595.1467789900939
1735024857760,12.976947818970203,77.5970014442374,260.50573752859907,595.3164846175787
1735024857780,12.976949343461794,77.59700300865056,260.6754431560838,595.4861902450634
1735024857800,12.976950867953382,77.59700457306371,260.84514878356856,595.6558958725482
1735024857820,12.976952392444971,77.59700613747685,261.0148544110533,595.8256015000329
1735024857840,12.976953916936562,77.59700770189,261.18456003853805,595.9953071275177
1735024857860,12.976955441428151,77.59700926630316,261.3542656660228,596.1650127550024
1735024857880,12.976956965919742,77.5970108307163,261.52397129350754,596.3347183824872
1735024857900,12.97695849041133,77.59701239512945,261.6936769209923,596.5044240099719
1735024857920,12.976960014902922,77.59701395954261,261.86338254847703,596.6741296374566
1735024857940,12.97696153939451,77.59701552395575,262.0330881759618,596.8438352649414
1735024857960,12.9769630638861,77.5970170883689,262.2027938034465,597.0135408924261
1735024857980,12.97696458837769,77.59701865278205,262.37249943093127,597.1832465199109
1735024858000,12.97696611286928,77.5970202171952,262.542205058416,597.3529521473956
1735024858020,12.97696763736087,77.59702178160835,262.71191068590076,597.5226577748804
1735024858040,12.976969161852459,77.5970233460215,262.8816163133855,597.6923634023651
1735024858060,12.976970686344048,77.59702491043464,263.05132194087025,597.8620690298499
1735024858080,12.976972210835639,77.5970264748478,263.221027568355,598.0317746573346
1735024858100,12.976973735327228,77.59702803926095,263.39073319583974,598.2014802848194
1735024858120,12.976975259818818,77.59702960367409,263.5604388233245,598.3711859123041
1735024858140,12.976976784310407,77.59703116808724,263.73014445080923,598.5408915397888
1735024858160,12.976978308801998,77.5970327325004,263.899850078294,598.7105971672736
1735024858180,12.976979833293587,77.59703429691353,264.0695557057787,598.8803027947583
1735024858200,12.976981357785176,77.59703586132669,264.23926133326347,599.0500084222431
1735024858220,12.976982882276767,77.59703742573984,264.4089669607482,599.2197140497278
1735024858240,12.976984406768356,77.59703899015298,264.57867258823296,599.3894196772126
1735024858260,12.976985931259946,77.59704055456614,264.7483782157177,599.5591253046973
1735024858280,12.976987455751535,77.59704211897929,264.91808384320245,599.7288309321821
1735024858300,12.976988980243124,77.59704368339243,265.0877894706872,599.8985365596668
1735024858320,12.976990504734715,77.59704524780558,265.25749509817194,600.0682421871516
1735024858340,12.976992029226304,77.59704681221874,265.4272007256567,600.2379478146363
1735024858360,12.976993553717895,77.59704837663188,265.59690635314143,600.407653442121
1735024858380,12.976995078209484,77.59704994104503,265.7666119806262,600.5773590696058
1735024858400,12.976996602701075,77.59705150545818,265.9363176081109,600.7470646970905
1735024858420,12.976998127192664,77.59705306987132,266.10602323559567,600.9167703245753
1735024858440,12.976999651684253,77.59705463428448,266.2757288630804,601.08647595206
1735024858460,12.977001176175843,77.59705619869763,266.44543449056516,601.2561815795448
1735024858480,12.977002700667432,77.59705776311077,266.6151401180499,601.4258872070295
1735024858500,12.977004225159023,77.59705932752392,266.78484574553465,601.5955928345143
1735024858520,12.977005749650612,77.59706089193708,266.9545513730194,601.765298461999
1735024858540,12.977007274142201,77.59706245635022,267.12425700050414,601.9350040894838
1735024858560,12.977008798633792,77.59706402076337,267.2939626279889,602.1047097169685
1735024858580,12.97701032312538,77.59706558517652,267.46366825547364,602.2744153444532
1735024858600,12.977011847616971,77.59706714958966,267.6333738829584,602.444120971938
1735024858620,12.97701337210856,77.59706871400282,267.8030795104431,602.6138265994227
1735024858640,12.977014896600151,77.59707027841597,267.9727851379279,602.7835322269075
1735024858660,12.97701642109174,77.59707184282911,268.1424907654126,602.9532378543922
1735024858680,12.977017945583329,77.59707340724226,268.31219639289736,603.122943481877
1735024858700,12.97701947007492,77.59707497165542,268.4819020203821,603.2926491093617
1735024858720,12.977020994566509,77.59707653606856,268.65160764786685,603.4623547368465
1735024858740,12.9770225190581,77.59707810048171,268.8213132753516,603.6320603643312
1735024858760,12.977024043549688,77.59707966489486,268.99101890283634,603.801765991816
1735024858780,12.977025568041277,77.597081229308,269.1607245303211,603.9714716193007
1735024858800,12.977027092532868,77.59708279372116,269.33043015780584,604.1411772467854
1735024858820,12.977028617024457,77.59708435813431,269.5001357852906,604.3108828742702
1735024858840,12.977030141516048,77.59708592254745,269.6698414127753,604.4805885017549
1735024858860,12.977031666007637,77.5970874869606,269.8395470402601,604.6502941292397
1735024858880,12.977033190499228,77.59708905137376,270.0092526677448,604.8199997567244
1735024858900,12.977034714990817,77.5970906157869,270.17895829522956,604.9897053842092
1735024858920,12.977036239482405,77.59709218020005,270.3486639227143,605.1594110116939
1735024858940,12.977037763973996,77.5970937446132,270.51836955019905,605.3291166391787
1735024858960,12.977039288465585,77.59709530902634,270.6880751776838,605.4988222666634
1735024858980,12.977040812957176,77.5970968734395,270.85778080516855,605.6685278941482
1735024859000,12.977042337448765,77.59709843785265,271.0274864326533,605.8382335216329
1735024859020,12.977043861940354,77.59710000226579,271.19719206013804,606.0079391491176
1735024859040,12.977045386431945,77.59710156667894,271.3668976876228,606.1776447766024
1735024859060,12.977046910923534,77.5971031310921,271.5366033151075,606.3473504040871
1735024859080,12.977048435415124,77.59710469550524,271.7063089425923,606.5170560315719
1735024859100,12.977049959906713,77.59710625991839,271.876014570077,606.6867616590566
1735024859120,12.977051484398304,77.59710782433154,272.04572019756176,606.8564672865414
1735024859140,12.977053008889893,77.59710938874468,272.2154258250465,607.0261729140261
1735024859160,12.977054533381482,77.59711095315784,272.38513145253125,607.1958785415109
1735024859180,12.977056057873073,77.59711251757099,272.554837080016,607.3655841689956
1735024859200,12.977057582364662,77.59711408198413,272.72454270750075,607.5352897964804
1735024859220,12.977059106856252,77.59711564639728,272.8942483349855,607.7049954239651
1735024859240,12.977060631347841,77.59711721081044,273.06395396247024,607.8747010514498
1735024859260,12.97706215583943,77.59711877522358,273.233659589955,608.0444066789346
1735024859280,12.977063680331021,77.59712033963673,273.4033652174397,608.2141123064193
1735024859300,12.97706520482261,77.59712190404989,273.5730708449245,608.3838179339041
1735024859320,12.9770667293142,77.59712346846302,273.7427764724092,608.5535235613888
1735024859340,12.97706825380579,77.59712503287618,273.91248209989396,608.7232291888736
1735024859360,12.97706977829738,77.59712659728933,274.0821877273787,608.8929348163583
1735024859380,12.97707130278897,77.59712816170247,274.25189335486345,609.0626404438431
1735024859400,12.977072827280558,77.59712972611563,274.4215989823482,609.2323460713278
1735024859420,12.97707435177215,77.59713129052878,274.59130460983295,609.4020516988126
1735024859440,12.977075876263738,77.59713285494192,274.7610102373177,609.5717573262973
1735024859460,12.977077400755329,77.59713441935507,274.93071586480244,609.741462953782
1735024859480,12.977078925246918,77.59713598376823,275.1004214922872,609.9111685812668
1735024859500,12.977080449738507,77.59713754818137,275.2701271197719,610.0808742087515
1735024859520,12.977081974230098,77.59713911259452,275.4398327472567,610.2505798362363
1735024859540,12.977083498721687,77.59714067700767,275.6095383747414,610.420285463721
1735024859560,12.977085023213277,77.59714224142081,275.77924400222616,610.5899910912058
1735024859580,12.977086547704866,77.59714380583397,275.9489496297109,610.7596967186905
1735024859600,12.977088072196457,77.59714537024712,276.11865525719566,610.9294023461753
1735024859620,12.977089596688046,77.59714693466026,276.2883608846804,611.09910797366
1735024859640,12.977091121179635,77.59714849907341,276.45806651216515,611.2688136011448
1735024859660,12.977092645671226,77.59715006348657,276.6277721396499,611.4385192286295
1735024859680,12.977094170162815,77.5971516278997,276.79747776713464,611.6082248561142
1735024859700,12.977095694654405,77.59715319231286,276.9671833946194,611.777930483599
1735024859720,12.977097219145994,77.59715475672601,277.1368890221041,611.9476361110837
1735024859740,12.977098743637583,77.59715632113915,277.3065946495889,612.1173417385685
1735024859760,12.977100268129174,77.5971578855523,277.4763002770736,612.2870473660532
1735024859780,12.977101792620763,77.59715944996546,277.64600590455836,612.456752993538
1735024859800,12.977103317112354,77.59716101437861,277.8157115320431,612.6264586210227
1735024859820,12.977104841603943,77.59716257879175,277.98541715952786,612.7961642485075
1735024859840,12.977106366095533,77.5971641432049,278.1551227870126,612.9658698759922
1735024859860,12.977107890587122,77.59716570761806,278.32482841449735,613.135575503477
1735024859880,12.977109415078711,77.5971672720312,278.4945340419821,613.3052811309617
1735024859900,12.977110939570302,77.59716883644435,278.66423966946684,613.4749867584464
1735024859920,12.977112464061891,77.59717040085751,278.8339452969516,613.6446923859312
1735024859940,12.977113988553482,77.59717196527065,279.00365092443633,613.8143980134159
1735024859960,12.97711551304507,77.5971735296838,279.1733565519211,613.9841036409007
1735024859980,12.97711703753666,77.59717509409695,279.3430621794058,614.1538092683854
