timestamp_ms,accel_x,accel_y,accel_z,gyro_x,gyro_y,gyro_z,gps_lat,gps_lon,gps_accuracy_m
1735024800000,-0.02161,-0.02594,9.7933,0.00702,-0.001276,-0.014974,12.9715925,77.5946123,5.0
1735024800020,-0.03254,0.01738,9.84484,0.011636,0.006566,0.001105,,,
1735024800040,-0.11075,-0.1522,9.84695,0.013111,0.000417,-0.001063,,,
1735024800060,0.07977,-0.21803,9.76316,0.004904,0.008734,-0.002406,,,
1735024800080,0.05649,0.03723,9.92735,-0.011132,0.005683,-0.015145,,,
1735024800100,-0.39299,-0.09103,9.67263,0.00876,0.006643,-0.012191,,,
1735024800120,0.1271,-0.15033,9.79706,-0.002939,0.001144,0.008186,,,
1735024800140,0.09576,0.05248,9.90749,0.004785,-0.00627,-0.007174,,,
1735024800160,-0.0705,0.0749,9.77248,0.023358,-0.008193,-0.010989,,,
1735024800180,0.11527,0.21328,9.88585,0.008358,0.014263,-0.00094,,,
1735024800200,-0.21344,-0.07981,9.95293,-0.014437,0.000335,0.002532,,,
1735024800220,-0.04734,0.10854,9.89712,0.023214,0.0062,-0.006094,,,
1735024800240,-0.08427,-0.12474,9.95284,-0.005668,-0.000703,0.007493,,,
1735024800260,-0.10852,-0.04405,9.53381,-0.010825,-0.005677,0.004158,,,
1735024800280,0.17902,-0.00277,9.8492,0.00168,0.010847,0.008934,,,
1735024800300,0.04105,-0.15164,9.94551,0.00381,0.012269,-0.000299,,,
1735024800320,0.29297,-0.05383,10.04896,0.001151,-0.005163,-0.011284,,,
1735024800340,-0.02265,0.2135,9.93246,0.006889,-0.023759,0.00711,,,
1735024800360,0.08338,-0.08249,9.71589,-2.3e-05,0.017249,-0.010551,,,
1735024800380,-0.06417,0.20427,9.74308,-0.003643,0.000978,-0.012413,,,
1735024800400,0.03299,-0.18144,9.94278,3.2e-05,0.022834,0.002808,,,
1735024800420,0.20485,-0.19549,9.79168,0.003231,0.017457,-0.016809,,,
1735024800440,0.14859,0.0887,10.04003,0.007124,0.000521,-0.005216,,,
1735024800460,-0.18723,0.02931,9.78125,0.020203,-0.00611,0.003204,,,
1735024800480,-0.23535,-0.05932,9.84917,0.00824,0.014481,-0.000441,,,
1735024800500,-0.16759,0.06868,9.88755,0.004917,-0.007003,0.011334,,,
1735024800520,0.01318,0.10497,10.00111,0.006093,0.002865,0.021528,,,
1735024800540,0.03656,-0.04439,9.8268,0.014828,0.001187,0.005194,,,
1735024800560,0.17936,-0.07693,9.55101,0.002994,0.002297,-0.00608,,,
1735024800580,0.13066,0.09114,9.66075,0.005182,-0.001961,-0.01483,,,
1735024800600,0.06794,-0.00678,9.69821,0.005229,0.004881,-0.005775,,,
1735024800620,0.06005,0.15226,9.7031,0.003809,2.8e-05,0.02266,,,
1735024800640,-0.27935,0.10429,9.76406,-0.001002,0.019016,-8.6e-05,,,
1735024800660,0.33614,-0.06632,9.86258,-0.004908,-0.006907,0.000625,,,
1735024800680,-0.04239,0.03037,9.49425,0.020025,-0.00167,0.017429,,,
1735024800700,-0.15107,0.04388,10.28474,-0.008697,-0.014953,-0.005465,,,
1735024800720,0.07087,0.104,10.00356,-0.00257,-0.016023,-0.00435,,,
1735024800740,0.18603,0.06985,9.51646,-0.000351,0.013982,0.021265,,,
1735024800760,0.08425,0.0464,9.62397,-0.008432,0.000469,0.005032,,,
1735024800780,0.08703,-0.07173,9.63721,-0.007778,-0.01157,0.006434,,,
1735024800800,-0.34684,-0.04999,9.87748,0.01522,0.000713,0.010013,,,
1735024800820,-0.05985,-0.11166,9.70884,0.015273,0.009942,0.004874,,,
1735024800840,0.49954,-0.00485,9.90305,0.003076,-0.002219,0.023162,,,
1735024800860,0.22599,-0.20992,9.75002,0.004283,0.007832,-0.013484,,,
1735024800880,-0.33833,-0.28596,9.79933,-0.001032,0.003452,-0.007697,,,
1735024800900,-0.18364,-0.30346,9.85938,0.003701,0.00993,0.007908,,,
1735024800920,-0.02861,0.20239,9.78954,-0.006608,-0.005206,-0.005848,,,
1735024800940,-0.32486,0.02345,9.84748,-0.003623,-0.007138,0.003718,,,
1735024800960,0.25753,0.00574,9.73385,-0.005914,-0.000698,-0.012648,,,
1735024800980,-0.01879,0.00918,10.0867,0.009435,0.01034,-0.007129,,,
1735024801000,0.10049,-0.17091,9.85679,0.004187,-0.007664,0.019994,12.9716416,77.5946209,5.0
1735024801020,0.08293,-0.06111,9.81021,0.004658,0.003905,-0.020392,,,
1735024801040,-0.17375,0.11589,10.00518,0.019032,0.018032,-0.020555,,,
1735024801060,0.11542,-0.28744,10.05204,0.002533,-0.011412,0.020099,,,
1735024801080,0.0966,-0.28367,9.85402,-0.007311,0.001113,-0.004652,,,
1735024801100,0.20602,-0.21349,9.85761,0.018142,-0.00827,0.002106,,,
1735024801120,0.0303,-0.10346,9.90718,0.000971,-0.009438,0.01762,,,
1735024801140,0.11874,-0.02507,9.7145,-0.007844,0.012309,-0.001465,,,
1735024801160,0.06892,-0.02767,9.90246,-0.00116,0.007639,-0.001832,,,
1735024801180,0.12444,0.10086,9.79251,-0.008598,-0.009401,-0.007407,,,
1735024801200,-0.14767,0.12987,9.80301,0.015701,0.022793,0.000242,,,
1735024801220,-0.2322,-0.05722,9.7987,-0.014884,-0.002505,0.002869,,,
1735024801240,-0.06891,-0.11526,9.69619,0.017867,-0.001596,-0.008299,,,
1735024801260,-0.05593,0.14315,9.7073,0.004818,0.007279,0.007491,,,
1735024801280,0.20995,-0.08257,9.97991,-0.007929,-0.003965,0.011961,,,
1735024801300,0.12336,0.00031,9.63129,0.005617,-0.006304,-0.009239,,,
1735024801320,-0.09722,0.03697,9.49185,0.003608,0.001739,-0.005845,,,
1735024801340,0.15554,0.09172,9.71906,-0.0067,0.006952,-0.015161,,,
1735024801360,-0.04989,-0.09466,9.82048,0.002111,0.000368,0.011348,,,
1735024801380,0.03421,-0.04725,9.62837,0.007218,0.005281,0.014508,,,
1735024801400,-0.11212,0.00396,9.8012,-0.000876,0.000104,-0.017145,,,
1735024801420,0.12375,0.09798,9.97957,0.022496,-0.00319,-0.000361,,,
1735024801440,0.00147,0.29133,9.55032,0.004858,-0.014708,-0.025816,,,
1735024801460,-0.30312,-0.20727,9.97035,-0.008684,-0.002275,-0.011635,,,
1735024801480,0.09164,-0.16529,10.00765,-0.009931,-0.007648,0.001227,,,
1735024801500,0.00371,0.2137,9.82806,-0.012078,-0.005603,-0.005728,,,
1735024801520,0.10876,0.05757,9.79209,0.008696,-0.005285,-0.001362,,,
1735024801540,0.02711,0.22923,9.79522,-0.003508,-0.010458,0.006861,,,
1735024801560,-0.08815,0.05155,9.52476,0.010432,-0.013319,-0.007773,,,
1735024801580,0.15879,-0.20017,9.79808,0.000743,-0.009986,0.013429,,,
1735024801600,0.22482,-0.29574,9.59265,0.008082,-0.01303,-0.003886,,,
1735024801620,0.01943,0.10378,9.77651,0.000952,-0.007767,0.012924,,,
1735024801640,-0.0743,0.05096,9.73325,0.001063,-0.001682,-0.001625,,,
1735024801660,-0.15207,0.11946,10.02211,0.002431,0.007323,0.008381,,,
1735024801680,0.1392,0.0455,9.84184,0.00864,0.000688,-0.009739,,,
1735024801700,0.00358,-0.28326,9.80911,0.004134,0.01236,0.001513,,,
1735024801720,0.13922,-8e-05,9.65648,-0.014114,-0.009697,-0.013661,,,
1735024801740,0.09506,-0.03114,9.89555,0.000734,0.01044,0.010602,,,
1735024801760,-0.0968,-0.04115,9.73008,-0.016213,0.006752,0.011888,,,
1735024801780,-0.00096,-0.07398,9.97364,-0.02345,0.001775,0.001433,,,
1735024801800,-0.08563,0.20874,9.95561,-0.002612,-0.000867,-0.00388,,,
1735024801820,-0.07682,-0.19623,10.01699,0.01028,0.007982,-0.010943,,,
1735024801840,0.31213,0.29702,9.83821,-0.009042,-0.008664,0.004185,,,
1735024801860,-0.13695,-0.00513,9.9733,-0.015068,0.020057,0.015667,,,
1735024801880,-0.18556,-0.21205,9.76749,-0.010311,-0.002637,-0.025812,,,
1735024801900,-0.03431,0.27043,9.64251,-0.002731,-0.014896,0.006382,,,
1735024801920,-0.0338,0.29111,9.84103,-0.003722,0.005503,-0.005062,,,
1735024801940,-0.2009,0.04529,9.78377,0.001663,0.003755,-0.005103,,,
1735024801960,0.06324,0.26065,9.64383,0.017374,-0.002428,-0.007666,,,
1735024801980,0.36408,0.02325,10.01556,0.008176,-0.016806,0.001208,,,
1735024802000,-0.0788,-0.20127,9.54424,0.001023,0.005903,0.003907,12.9717891,77.5945887,5.0
1735024802020,-0.14803,-0.08327,9.65504,-0.002033,-0.000229,-0.00896,,,
1735024802040,-0.03481,-0.11405,9.80933,0.005071,0.001781,0.004722,,,
1735024802060,-0.2478,-0.0568,9.85151,0.006412,-0.01598,0.001592,,,
1735024802080,0.18096,-0.02679,9.79579,0.004505,0.002471,0.006746,,,
1735024802100,0.01086,0.02287,9.69263,-0.001704,0.012531,-0.002042,,,
1735024802120,-0.02528,-0.07373,9.92808,-0.008547,0.009105,-0.00937,,,
1735024802140,-0.15867,0.03089,9.82953,0.002976,0.010625,-0.004125,,,
1735024802160,0.06645,-0.13647,9.99888,0.006325,0.005365,0.001879,,,
1735024802180,-0.11784,-0.04911,9.88527,-0.000192,0.001237,-0.013598,,,
1735024802200,0.02716,-0.10379,9.6475,-0.001547,-0.018565,0.006986,,,
1735024802220,0.1278,-0.00802,9.66093,-0.009454,-0.001511,-0.024237,,,
1735024802240,0.02707,0.09966,9.76322,-0.004944,0.00182,0.003506,,,
1735024802260,0.16412,0.00276,9.70654,-0.004613,0.001819,0.015562,,,
1735024802280,-0.04804,-0.15788,9.67948,-0.020963,0.003298,-0.013613,,,
1735024802300,-0.18503,-0.2964,9.6423,0.005684,-0.013114,-0.017496,,,
1735024802320,0.02674,-0.05118,9.87483,0.007406,-8.5e-05,-0.012978,,,
1735024802340,-0.01857,0.07504,9.72255,-0.014375,0.011026,-0.004152,,,
1735024802360,-0.06138,0.00239,9.96457,0.002636,-0.003332,0.006821,,,
1735024802380,0.32205,0.20817,9.91093,-0.011223,0.037521,-0.011987,,,
1735024802400,-0.05577,-0.10498,10.05403,0.004202,-0.014271,0.002676,,,
1735024802420,0.08204,-0.04777,9.62697,-0.00725,-0.004368,0.000227,,,
1735024802440,-0.07799,0.11028,9.66751,-0.017314,-0.007394,0.013489,,,
1735024802460,-0.08597,0.35112,9.88372,-0.011644,-0.008343,0.002434,,,
1735024802480,-0.17665,0.35619,9.66137,0.006809,0.014601,-0.001092,,,
1735024802500,-0.14938,-0.04096,9.86433,0.008758,0.000567,-0.014002,,,
1735024802520,0.00635,-0.101,9.48251,-0.006976,-0.014325,0.005869,,,
1735024802540,0.29162,0.27881,9.72402,-0.004674,0.006888,0.010613,,,
1735024802560,-0.06281,-0.0214,10.14104,-0.001075,-0.004853,0.001199,,,
1735024802580,0.08696,-0.15325,9.77274,-0.011664,-0.002783,0.018769,,,
1735024802600,0.11126,-0.01388,9.67003,-0.003114,0.010507,-0.005617,,,
1735024802620,0.21756,-0.20605,9.76649,0.017428,-0.020078,0.011884,,,
1735024802640,-0.27771,-0.01351,9.78412,0.008243,-0.031545,-0.019178,,,
1735024802660,-0.0849,0.00553,9.67602,-0.002209,-0.011862,-0.004013,,,
1735024802680,-0.12701,0.0366,9.89721,0.014329,-0.006564,-0.00318,,,
1735024802700,0.00716,-0.04424,9.8022,-0.015622,0.003718,-0.009152,,,
1735024802720,-0.14354,-0.23822,9.98415,-0.001406,0.011495,0.002723,,,
1735024802740,-0.2555,-0.16255,9.92369,-0.007657,-0.010903,-0.001794,,,
1735024802760,-0.02655,-0.15178,9.76108,-0.004785,-0.0259,0.005027,,,
1735024802780,-0.12171,0.19567,9.63748,-0.015796,0.011876,-0.015851,,,
1735024802800,-0.09543,0.0896,9.76055,-0.016555,0.00188,-0.001943,,,
1735024802820,0.19258,0.0883,10.26536,-0.016459,-0.000217,-0.010667,,,
1735024802840,0.17321,0.12328,9.92311,-0.007773,-0.007452,-0.020297,,,
1735024802860,0.25643,0.07623,9.77087,0.009335,0.007509,0.009753,,,
1735024802880,-0.24353,-0.10708,9.83932,0.003554,0.009572,-0.010086,,,
1735024802900,0.01908,0.3308,9.91379,0.008706,-0.000192,0.007676,,,
1735024802920,0.2706,0.016,9.9936,-0.008751,0.005901,0.009042,,,
1735024802940,-0.1128,0.16472,9.70871,-0.008052,-1.2e-05,0.01932,,,
1735024802960,0.04637,0.14037,9.70023,0.000775,-0.011766,-0.005711,,,
1735024802980,0.12535,-0.00576,10.02769,-0.002024,-0.001979,0.012767,,,
1735024803000,-0.09729,-0.22796,10.00519,0.004142,-0.021652,0.000445,12.9719882,77.5945851,5.0
1735024803020,-0.10935,-0.08712,9.67344,-0.010541,-0.007005,-0.014359,,,
1735024803040,-0.15468,-0.24099,9.58541,-0.015597,-0.005212,-0.006837,,,
1735024803060,-0.18397,0.07174,9.80279,-0.00432,-0.00464,0.015929,,,
1735024803080,0.03597,0.07131,9.42209,-0.006537,-0.02171,-0.004262,,,
1735024803100,0.056,-0.10114,9.88779,-0.010227,0.005758,-0.015536,,,
1735024803120,-0.03925,0.06297,9.89039,-0.001273,0.019397,-0.004144,,,
1735024803140,-0.06765,-0.41393,10.07534,-0.00369,-0.01176,0.013209,,,
1735024803160,0.18533,0.01625,9.59476,0.00419,-0.006214,-0.011708,,,
1735024803180,0.15651,-0.31989,9.89507,0.004594,0.02051,0.003252,,,
1735024803200,-0.30876,-0.12542,9.8197,0.003556,0.009808,-0.019597,,,
1735024803220,-0.04949,0.14548,10.0416,0.01861,-0.003902,0.010976,,,
1735024803240,0.25676,0.17971,9.91855,0.008278,-0.007899,-0.014472,,,
1735024803260,0.14743,-0.05206,9.80578,-0.005787,-0.003929,0.002327,,,
1735024803280,-0.15328,0.01028,9.84691,-0.000774,-0.007436,0.007866,,,
1735024803300,0.2809,-0.09019,9.99517,0.008893,-0.026533,-0.007612,,,
1735024803320,-0.09538,0.11727,9.83827,0.004744,0.006363,-0.008989,,,
1735024803340,-0.11198,-0.18343,9.78446,-0.001191,0.001712,-0.007273,,,
1735024803360,0.13598,0.13757,10.04198,0.007113,0.001855,0.006724,,,
1735024803380,0.09146,-0.09777,10.00341,0.017185,0.01977,0.000352,,,
1735024803400,0.04864,0.06245,9.80962,0.006193,-0.001212,-0.001938,,,
1735024803420,0.26385,0.02471,9.82005,0.00882,0.001503,0.002916,,,
1735024803440,-0.00953,-0.18306,9.80535,-0.011369,0.002102,-0.011814,,,
1735024803460,0.13751,0.11239,9.85206,-0.001001,0.004163,-0.01965,,,
1735024803480,-0.16452,-0.02231,9.86179,-0.000794,-0.010046,0.001334,,,
1735024803500,-0.06806,-0.16029,9.85943,-0.0021,0.011965,0.006655,,,
1735024803520,0.1102,0.04825,9.68322,-0.009356,-0.014712,0.02879,,,
1735024803540,-0.16192,-0.03147,9.75594,-0.002811,-0.005841,-0.018683,,,
1735024803560,-0.14973,-0.2086,9.79098,-0.006842,-0.006872,0.002159,,,
1735024803580,-0.08742,0.13981,9.75207,0.002252,-0.013253,0.006569,,,
1735024803600,-0.06078,0.06131,9.8595,-0.001734,0.002174,-0.003853,,,
1735024803620,0.20192,0.14014,9.88237,-0.011801,-0.010993,-0.006639,,,
1735024803640,-0.03675,0.0672,9.67552,0.011771,3.6e-05,-0.020128,,,
1735024803660,-0.0713,-0.38778,9.69724,-0.005491,-0.006104,-0.003253,,,
1735024803680,-0.05912,-0.08906,10.03537,0.012149,-0.011418,0.012539,,,
1735024803700,-0.24321,-0.12219,10.03878,-0.022396,0.005748,-0.012535,,,
1735024803720,-0.0216,-0.02703,10.06458,-0.008106,-0.00069,0.00627,,,
1735024803740,-0.03777,-0.12331,9.80112,0.000935,0.008841,-0.009431,,,
1735024803760,-0.06737,0.04844,9.78492,-0.001853,-0.00017,-0.006958,,,
1735024803780,-0.11995,0.06611,9.64573,0.011654,0.002173,-0.012765,,,
1735024803800,0.04245,0.02509,9.92432,0.011588,-0.003664,-0.007078,,,
1735024803820,-0.0909,-0.14716,9.69803,0.002845,0.000153,-0.004914,,,
1735024803840,-0.11074,0.05218,9.73476,-0.010402,-0.001517,-0.002645,,,
1735024803860,-0.16051,0.12408,9.9369,0.000409,0.00131,0.005273,,,
1735024803880,-0.00464,0.13369,10.0584,0.000805,0.004403,0.008735,,,
1735024803900,-0.05071,-0.16925,9.9459,-0.015688,0.017888,0.008704,,,
1735024803920,0.02815,0.00766,10.0727,-0.009462,-0.011602,-0.005981,,,
1735024803940,-0.03927,-0.15097,9.83308,0.001359,-0.008139,0.016031,,,
1735024803960,-0.20881,-0.19151,9.86642,-0.002075,0.004177,-0.00619,,,
1735024803980,-0.155,-0.09683,9.70746,0.00525,-0.0048,0.007614,,,
1735024804000,0.08821,0.15609,9.94511,0.007844,0.007699,-0.005167,12.9719676,77.5945903,5.0
1735024804020,0.04376,-0.10106,9.87023,0.005275,-0.013521,-0.010138,,,
1735024804040,-0.0524,-0.07764,9.83505,-0.011554,0.000472,-0.016885,,,
1735024804060,-0.32327,0.1075,9.6142,-0.005599,-0.014174,-0.014089,,,
1735024804080,-0.05983,-0.06152,9.95739,0.004495,-0.002611,0.007577,,,
1735024804100,0.16748,0.06169,9.74905,0.010186,0.017685,0.006605,,,
1735024804120,0.2656,0.13899,9.93733,-0.010902,-0.011135,-0.000495,,,
1735024804140,-0.25042,-0.08894,9.9401,-0.006652,0.005332,-0.013513,,,
1735024804160,-0.07405,0.15352,9.84128,0.002903,0.017047,0.012968,,,
1735024804180,-0.13153,0.19768,9.71771,-0.000176,0.000152,0.01073,,,
1735024804200,-0.16939,0.06778,9.8886,0.008115,-0.002104,0.010034,,,
1735024804220,-0.10673,0.17206,9.86284,-0.014001,0.004079,0.001793,,,
1735024804240,-0.05335,-0.11044,9.77397,-0.014422,0.016907,-0.011283,,,
1735024804260,-0.09919,0.17173,9.89775,0.007202,0.015167,-0.003121,,,
1735024804280,-0.15697,0.12664,9.92944,-0.003269,-0.012656,0.012392,,,
1735024804300,0.08638,-0.20602,9.92699,-0.01441,-0.004826,-0.011233,,,
1735024804320,-0.09567,-0.125,9.718,0.007243,0.002946,0.006287,,,
1735024804340,0.16385,-0.05591,9.82198,0.005382,0.017067,0.008991,,,
1735024804360,0.20723,0.15284,9.96859,-0.017847,0.008809,0.002129,,,
1735024804380,0.00813,-0.07909,9.74621,0.004162,0.0084,-0.014978,,,
1735024804400,0.03272,-0.0841,9.66738,0.003926,-0.003287,-0.00659,,,
1735024804420,-0.11537,0.04219,9.80849,-0.010916,-0.00841,-0.001825,,,
1735024804440,0.06077,-0.15746,9.88322,-0.00824,0.027277,-0.00941,,,
1735024804460,-0.11852,0.0291,9.67464,0.008276,0.018014,-0.003876,,,
1735024804480,0.02592,-0.07766,9.81,0.014317,0.008942,-0.009042,,,
1735024804500,0.23189,0.17431,9.88296,-0.006592,0.000657,-0.007955,,,
1735024804520,0.07014,-0.04747,9.47476,0.009262,0.001915,0.010785,,,
1735024804540,-0.02043,0.02827,9.9773,0.003878,0.00288,0.032144,,,
1735024804560,-0.02535,0.02538,10.0701,-0.00805,-0.01041,-0.014321,,,
1735024804580,0.08005,0.09384,9.92122,-0.013536,0.010059,0.011973,,,
1735024804600,-0.0146,0.00488,9.91134,0.003671,0.00642,-0.010861,,,
1735024804620,-0.02619,-0.18187,9.90469,0.005302,-0.000988,0.002968,,,
1735024804640,-0.23348,0.12869,9.73991,0.001291,0.011154,-0.007565,,,
1735024804660,0.17959,0.01861,9.81423,0.00556,-0.01247,0.005941,,,
1735024804680,0.00923,0.15544,9.77748,-0.003633,0.003696,-0.000594,,,
1735024804700,-0.1761,-0.02909,10.00014,-0.000931,-0.008705,0.007159,,,
1735024804720,-0.27802,-0.31804,9.80938,0.001809,0.002204,-0.008928,,,
1735024804740,-0.02257,-0.20981,9.84293,-0.016153,-0.001492,0.002616,,,
1735024804760,-0.26349,-0.07838,9.92822,0.01549,-0.01504,0.003399,,,
1735024804780,-0.18539,-0.20179,10.04941,0.006682,-0.008042,0.00219,,,
1735024804800,0.09629,0.02719,10.14709,0.006058,-0.02993,-0.002902,,,
1735024804820,-0.11049,-0.03062,9.81202,-0.006511,-0.010849,0.013634,,,
1735024804840,0.0896,-0.10061,9.91195,0.006752,0.012673,-0.010553,,,
1735024804860,0.11698,-0.09117,9.98326,-0.001924,-0.022718,0.000354,,,
1735024804880,-0.26762,-0.03257,9.80127,-0.004013,-0.014869,-0.011157,,,
1735024804900,-0.12669,-0.03722,10.00327,0.007091,-0.004722,0.012739,,,
1735024804920,-0.20521,0.10275,9.78371,0.002363,0.006385,-0.006796,,,
1735024804940,0.12017,-0.0014,10.17177,-0.003043,0.012692,0.006471,,,
1735024804960,-0.17612,0.20409,9.65094,-0.02232,0.008533,0.01069,,,
1735024804980,0.0078,-0.03915,10.04755,0.007119,-0.006559,0.007315,,,
1735024805000,-0.18649,-0.08385,9.65233,-0.022,-0.011773,0.012223,12.9721214,77.5945595,5.0
1735024805020,-0.17415,0.12984,9.81018,0.004907,-0.001057,-0.01171,,,
1735024805040,-0.14609,0.12559,9.80139,0.007744,-0.031626,0.011101,,,
1735024805060,-0.0741,0.32593,9.73339,0.000283,0.006604,-0.008758,,,
1735024805080,0.13091,-0.09678,10.00337,0.007932,0.004956,-0.007242,,,
1735024805100,-0.03159,0.04499,9.505,-0.005517,0.009381,-0.012682,,,
1735024805120,0.19185,-0.09425,9.85849,-0.011477,0.004844,0.004627,,,
1735024805140,0.17046,0.20311,9.99803,0.002089,-0.012262,0.013238,,,
1735024805160,-0.19562,-0.06581,9.92057,0.004436,0.015931,-4.1e-05,,,
1735024805180,-0.25351,-0.04129,9.83611,-0.003506,0.014125,-0.002476,,,
1735024805200,-0.21538,0.07002,9.63785,0.016999,0.002701,-0.014033,,,
1735024805220,0.16191,0.35539,9.50939,0.009031,0.00484,0.001757,,,
1735024805240,0.0515,0.07378,9.70605,0.01411,-0.013495,0.019586,,,
1735024805260,0.22915,-0.17792,9.80919,0.014199,-0.00491,-0.001624,,,
1735024805280,-0.06036,0.17512,9.71885,-9.8e-05,0.005402,-0.002076,,,
1735024805300,-0.12996,-0.20123,9.58226,-0.011798,-0.017205,-0.007269,,,
1735024805320,0.04503,0.00811,9.68601,-0.01018,-0.009934,-0.013879,,,
1735024805340,-0.18538,0.10715,9.59931,0.000173,-0.006181,0.024279,,,
1735024805360,-0.26954,0.029,9.75994,-0.007711,0.003152,0.001556,,,
1735024805380,-0.16034,0.06394,9.86838,0.013095,-0.0061,0.014704,,,
1735024805400,-0.02952,-0.2964,9.88846,-0.000816,-0.008824,0.009332,,,
1735024805420,-0.07074,0.15253,9.79759,0.007503,0.006795,0.004732,,,
1735024805440,-0.15481,0.13796,9.81326,0.020023,0.004787,0.007511,,,
1735024805460,-0.11473,-0.06092,9.82451,-0.011705,-0.011703,-0.001086,,,
1735024805480,-0.01168,0.03031,9.97757,-0.004003,0.006809,-0.001446,,,
1735024805500,-0.0291,0.03856,9.49984,0.000664,-0.006383,-0.009298,,,
1735024805520,-0.28305,-0.06643,9.52838,0.008701,-0.002393,-0.016821,,,
1735024805540,-0.10103,0.11324,9.72077,-0.002812,-0.003692,-0.001283,,,
1735024805560,-0.25497,-0.00682,9.72629,0.029538,-0.00213,-0.004556,,,
1735024805580,0.14827,-0.0234,9.848,-0.008741,0.015552,-0.006277,,,
1735024805600,0.0563,0.16985,9.76432,-1e-06,0.005865,0.006827,,,
1735024805620,-0.16351,0.02722,9.66819,-0.007454,-0.006484,0.01216,,,
1735024805640,0.23949,0.39082,9.80152,-0.008414,-0.009695,0.016075,,,
1735024805660,-0.23076,-0.04755,9.72509,0.0175,-0.010133,0.011017,,,
1735024805680,0.197,-0.02502,9.87982,-0.015387,-0.000882,-0.00215,,,
1735024805700,-0.38694,0.06231,9.86327,-0.016934,-0.014123,-0.007493,,,
1735024805720,-0.07938,-0.04595,9.66628,-0.010079,0.003065,-0.004752,,,
1735024805740,-0.01602,-0.03445,9.87858,-0.001543,0.008615,0.00103,,,
1735024805760,0.13336,0.18706,9.59093,0.00922,0.017828,-0.009725,,,
1735024805780,-0.00478,-0.05358,9.87613,0.0052,-0.006693,0.013126,,,
1735024805800,-0.1285,-0.02075,9.96354,0.019534,-0.005127,0.007823,,,
1735024805820,0.03301,-0.23737,9.66672,-0.012048,-0.005033,-0.004168,,,
1735024805840,0.00419,0.19165,9.87337,0.026531,-0.002434,0.007893,,,
1735024805860,0.06216,0.22599,9.75319,0.008453,0.016291,-0.007208,,,
1735024805880,-0.01123,0.07565,9.74478,-0.008752,0.018327,-0.002297,,,
1735024805900,0.26011,-0.07626,9.77894,0.007971,-0.00206,-0.008989,,,
1735024805920,-0.10799,0.0409,9.71008,0.000881,-0.022573,-0.005581,,,
1735024805940,-0.02705,-0.0769,9.66096,-0.008835,0.000705,0.014871,,,
1735024805960,-0.20976,-0.04144,9.95656,0.003345,-0.000938,-0.004507,,,
1735024805980,0.00199,-0.01516,9.48203,-0.007158,-0.019496,0.012911,,,
1735024806000,0.1234,-0.11824,9.93073,0.024486,-0.006231,0.012993,12.9722404,77.5946134,5.0
1735024806020,-0.16589,-0.08339,9.75076,-0.023158,0.005305,-0.003217,,,
1735024806040,0.06889,-0.06288,10.25974,-0.016573,-0.009331,0.007052,,,
1735024806060,0.35377,-0.14886,10.08438,-0.00917,0.012934,0.000754,,,
1735024806080,0.3345,0.2673,9.71284,0.029357,-0.011242,-0.003136,,,
1735024806100,0.27119,-0.11022,9.7138,0.001306,0.004525,0.003872,,,
1735024806120,-0.11185,0.02953,9.90561,0.01504,0.003282,-0.01253,,,
1735024806140,0.00426,-0.09309,10.00785,-0.016754,0.005597,-0.010654,,,
1735024806160,0.19081,0.11567,9.8429,0.005049,-0.003369,0.006758,,,
1735024806180,-0.00744,0.10968,9.81879,-0.024812,-0.005137,0.015175,,,
1735024806200,0.21788,0.01568,9.79109,-0.003352,0.006306,0.00579,,,
1735024806220,-0.14686,0.09925,9.99493,-0.009549,-0.001868,0.004636,,,
1735024806240,0.10841,-0.06308,9.7307,-0.004639,0.003852,0.004291,,,
1735024806260,-0.00291,-0.20463,9.6465,0.006368,-0.012211,0.002264,,,
1735024806280,-0.05412,-0.09033,9.814,0.016764,0.002888,-0.002957,,,
1735024806300,-0.22101,0.07684,9.98051,0.006074,0.01166,0.004766,,,
1735024806320,-0.19549,-0.00674,9.88873,0.00721,-0.004931,-0.000634,,,
1735024806340,0.05488,0.19069,9.96079,0.006463,0.003962,-0.010253,,,
1735024806360,-0.16514,-0.01378,9.96624,0.003954,0.005611,-0.015016,,,
1735024806380,-0.21925,0.16798,9.8048,-0.013137,0.008822,0.00258,,,
1735024806400,0.44272,0.1875,9.862,-0.001511,0.002323,-0.001027,,,
1735024806420,-0.21582,0.13913,9.85123,-0.027547,-0.006355,-0.008287,,,
1735024806440,0.14713,-0.00661,10.03311,-0.015915,-0.010758,0.010671,,,
1735024806460,-0.09828,-0.15879,9.731,-0.007598,0.005393,0.011182,,,
1735024806480,-0.23804,-0.04362,9.81214,0.000822,0.008333,0.001198,,,
1735024806500,-0.08697,-0.16678,9.53629,-0.003711,0.000144,0.009217,,,
1735024806520,-0.05667,0.34856,9.79853,-0.004833,0.003806,-0.009706,,,
1735024806540,0.03134,-0.30961,9.91141,0.000667,0.002106,0.001548,,,
1735024806560,-0.19106,-0.13479,10.04496,0.004946,-0.005973,0.004211,,,
1735024806580,0.06116,0.29317,9.97655,0.004112,-0.004492,0.017837,,,
1735024806600,-0.01523,-0.13058,9.62696,-0.008624,-0.003641,0.007654,,,
1735024806620,0.13698,0.17266,9.83295,0.008315,0.022593,0.009103,,,
1735024806640,0.24043,-0.2266,9.69873,-0.007511,-0.02677,0.000737,,,
1735024806660,0.20887,-0.0803,9.83932,-0.008541,-0.004917,0.002853,,,
1735024806680,-0.17937,0.1761,9.52219,0.003222,-0.004915,0.014891,,,
1735024806700,0.11428,-0.31262,9.44664,-0.010014,-0.005022,-0.00189,,,
1735024806720,0.00454,0.10104,9.6051,-0.018005,0.002525,-0.00361,,,
1735024806740,-0.01551,-0.09627,9.78402,0.014865,-0.016233,-0.012255,,,
1735024806760,0.09624,0.23511,9.77915,-0.012627,-0.020011,0.002605,,,
1735024806780,-0.1874,0.32634,10.16124,0.002263,0.004855,-0.001179,,,
1735024806800,0.17127,-0.00046,9.8195,0.013604,0.006262,0.02131,,,
1735024806820,-0.24552,-0.08334,9.67441,0.008418,-0.004936,0.006023,,,
1735024806840,-0.17535,-0.01415,10.15455,0.016384,-0.018785,0.003646,,,
1735024806860,0.12395,-0.07401,9.64464,0.00662,0.001008,0.005525,,,
1735024806880,-0.02371,0.34967,9.67292,-0.00496,0.005149,0.007317,,,
1735024806900,-0.20681,0.1946,9.59128,6.4e-05,-0.00307,-0.007076,,,
1735024806920,0.16999,-0.35206,9.70038,-0.009028,0.008749,0.015504,,,
1735024806940,0.11632,0.20929,9.47632,0.001636,-0.01383,-0.00375,,,
1735024806960,0.0367,0.01419,10.01636,-0.019786,-0.008357,-0.014806,,,
1735024806980,-0.24582,0.15087,9.83736,0.015566,0.011852,0.000682,,,
1735024807000,-0.14544,0.14877,9.70626,-0.011994,-0.011504,0.001219,12.9723586,77.5946467,5.0
1735024807020,0.18366,0.0137,9.74603,0.027212,0.01821,0.001969,,,
1735024807040,-0.12483,-0.24135,9.8702,-0.002555,0.00467,0.00323,,,
1735024807060,0.06544,0.17133,9.85713,-0.007234,-0.007705,0.005831,,,
1735024807080,-0.16077,0.10775,9.91713,-0.000439,-0.007814,-0.017763,,,
1735024807100,-0.16859,-0.24389,9.814,-0.004423,-0.009207,0.008726,,,
1735024807120,0.0194,0.00714,9.89372,0.010365,-0.016028,0.007067,,,
1735024807140,-0.27134,-0.11916,9.96182,0.006912,0.006647,0.001821,,,
1735024807160,0.21195,-0.23112,9.76423,0.000473,0.020353,0.010265,,,
1735024807180,0.15576,-0.1142,10.14745,0.004718,-0.010059,0.023454,,,
1735024807200,-0.21404,-0.1303,9.7749,-0.009804,0.005272,0.002768,,,
1735024807220,0.01703,0.28407,9.5649,0.013664,-0.008247,0.014622,,,
1735024807240,0.28578,0.34523,9.78142,-0.011633,0.003279,-0.000534,,,
1735024807260,-0.26443,0.11033,9.6716,0.01442,0.009652,-0.002813,,,
1735024807280,0.00542,-0.03639,9.74139,0.030983,-0.009362,0.000553,,,
1735024807300,0.14872,-0.05765,9.71572,-0.013291,0.01192,0.00712,,,
1735024807320,0.07049,-0.22632,9.88554,0.002853,-0.003381,-0.013767,,,
1735024807340,-0.0085,-0.13063,9.82201,0.000633,-0.003382,0.00882,,,
1735024807360,-0.00991,0.07936,9.87276,0.010082,-0.009641,-0.003453,,,
1735024807380,0.1383,0.02303,9.97887,0.007452,-0.004447,0.008805,,,
1735024807400,-0.03862,0.14349,10.08806,0.010916,0.022895,-0.015516,,,
1735024807420,-0.08226,-0.03995,9.74996,0.003724,-0.003681,0.011061,,,
1735024807440,0.14771,0.06202,9.65817,0.005474,0.006743,0.003539,,,
1735024807460,0.0045,0.21005,9.72774,-0.003667,0.006671,0.005308,,,
1735024807480,0.12789,-0.0426,9.61279,-0.012376,-0.004327,0.007924,,,
1735024807500,0.11884,-0.27239,9.89008,-0.000872,-0.010421,0.021908,,,
1735024807520,0.03959,0.12411,10.19513,-0.005811,-0.003968,0.01489,,,
1735024807540,-0.19615,0.01109,9.81693,0.009702,0.004054,-0.009132,,,
1735024807560,0.14584,0.12677,9.65235,-0.006878,-0.005258,-0.011493,,,
1735024807580,0.1597,-0.04858,9.76833,-0.010378,-0.003945,0.01485,,,
1735024807600,0.11224,-0.24261,9.66154,0.006356,-0.004981,-0.005532,,,
1735024807620,-0.12907,-0.19966,9.82429,-0.003803,0.011404,-0.000667,,,
1735024807640,-0.14478,0.10407,10.01192,-0.007357,-0.017026,-0.00479,,,
1735024807660,-0.20249,0.24624,9.60184,-0.003277,0.014735,0.008712,,,
1735024807680,-0.07705,-0.11746,9.78278,-0.002402,0.014964,-0.001547,,,
1735024807700,-0.2025,0.14787,9.96548,-0.002268,0.007721,0.000512,,,
1735024807720,-0.18102,-0.01216,9.6383,-0.006342,-0.009389,0.003328,,,
1735024807740,0.02797,-0.19795,9.67202,-2.7e-05,0.004644,0.000722,,,
1735024807760,-0.33102,0.19304,10.07585,0.015838,0.005441,0.00672,,,
1735024807780,-0.09813,0.02829,9.64041,0.001218,-0.014297,0.005852,,,
1735024807800,-0.05318,0.11506,9.83739,-0.004596,0.008433,-0.011734,,,
1735024807820,-0.03973,-0.08063,9.9216,-0.000755,0.0027,0.005255,,,
1735024807840,-0.35192,-0.13895,9.82739,0.010125,0.005726,0.013108,,,
1735024807860,-0.03324,0.0151,9.73503,-0.004357,-0.008304,-0.005433,,,
1735024807880,-0.02857,-0.09773,9.81399,-0.018186,0.004279,0.001775,,,
1735024807900,0.06693,-0.06952,9.73377,0.009824,-0.001545,0.019865,,,
1735024807920,-0.21092,-0.0371,9.64089,-0.007867,-0.0079,-0.004807,,,
1735024807940,0.11743,-0.17158,9.9015,-0.014409,-0.004055,0.013198,,,
1735024807960,0.06931,0.04084,9.90452,0.00576,0.00628,0.014037,,,
1735024807980,-0.15577,-0.01061,9.90559,0.007496,0.005581,0.013065,,,
1735024808000,-0.07515,-0.20246,10.00086,-8e-06,-0.005487,0.000358,12.9725007,77.5945841,5.0
1735024808020,0.13352,0.04676,9.89113,0.000326,0.010265,-0.023633,,,
1735024808040,-0.17523,-0.00599,9.74798,-0.009505,0.0062,-0.009784,,,
1735024808060,0.0326,0.01864,9.81865,-0.008292,-0.001932,0.012269,,,
1735024808080,0.08153,0.14443,9.79799,-0.017023,-0.004665,-0.001507,,,
1735024808100,0.19523,0.17039,9.87373,-0.008565,0.001284,-0.002617,,,
1735024808120,-0.03653,-0.18503,9.87959,-0.000298,0.008044,-0.014616,,,
1735024808140,-0.16905,0.54694,9.67799,0.002876,0.004378,-0.009822,,,
1735024808160,0.25914,-0.00984,9.83242,0.018184,-0.00791,-0.004876,,,
1735024808180,-0.05183,-0.2059,9.85138,0.004731,0.001833,0.006558,,,
1735024808200,0.12985,0.05081,9.77378,0.012204,-0.006967,0.013964,,,
1735024808220,-0.02894,0.11472,10.08398,-0.022648,-0.001923,-0.004039,,,
1735024808240,0.25611,-0.06102,10.21935,-0.015279,0.003495,-0.003863,,,
1735024808260,0.07576,-0.08477,9.74235,-0.018228,0.001082,-0.014979,,,
1735024808280,-0.19645,0.01303,9.7918,0.010271,-0.013531,0.00421,,,
1735024808300,0.04838,-0.04536,9.68945,-0.000791,0.00884,-0.003738,,,
1735024808320,0.12709,-0.04107,10.06872,0.000268,-0.001755,-0.016108,,,
1735024808340,-0.21407,0.05719,9.77588,0.002813,-0.006846,-0.001504,,,
1735024808360,-0.09355,0.04428,9.77728,0.018647,-0.006881,0.011188,,,
1735024808380,-0.15817,-0.0698,9.68377,0.012596,0.00437,0.001372,,,
1735024808400,0.03517,-0.16266,10.02044,0.013895,-0.000343,0.000133,,,
1735024808420,0.09737,-0.02629,9.77997,-0.004928,-0.003459,-0.004761,,,
1735024808440,0.10948,-0.04924,9.74575,-0.006268,-0.014995,0.015602,,,
1735024808460,0.07629,0.12998,9.73052,0.014572,0.001452,0.014526,,,
1735024808480,-0.00201,-0.0067,9.73081,0.000775,0.00225,0.014927,,,
1735024808500,0.23096,0.01349,9.99286,-0.027177,-0.004703,0.002497,,,
1735024808520,0.13307,0.06347,9.80159,-0.004615,-0.007998,0.01902,,,
1735024808540,0.16833,0.19617,9.81159,-0.005345,0.005547,-0.000246,,,
1735024808560,-0.01921,-0.00373,9.71506,-0.008714,-0.002424,-0.013854,,,
1735024808580,0.08974,0.12578,9.69457,-0.018274,0.003936,0.002384,,,
1735024808600,0.00308,-0.20016,9.52234,0.017116,-0.002164,0.005044,,,
1735024808620,-0.01061,0.06203,9.61826,-0.004457,-0.013554,-0.010872,,,
1735024808640,-0.10635,-0.27098,9.74082,-0.007109,-0.011862,-0.001328,,,
1735024808660,-0.0017,-0.12555,10.1118,0.007182,0.011217,-0.003284,,,
1735024808680,0.13404,0.11484,9.65722,-0.006822,0.029152,-0.004112,,,
1735024808700,0.07303,-0.03219,9.93471,-0.009946,-0.010053,0.011343,,,
1735024808720,0.02978,-0.37164,9.81351,-0.00182,0.007107,0.003211,,,
1735024808740,0.05133,0.01312,9.85357,-0.011526,-0.008149,-0.008523,,,
1735024808760,-0.20117,0.11824,9.97164,0.00614,-0.006012,-0.005371,,,
1735024808780,-0.06598,0.16693,9.88899,0.017389,-0.009696,-0.002256,,,
1735024808800,-0.1891,-0.21259,9.78671,-0.003357,-0.005128,-0.015347,,,
1735024808820,0.02952,-0.04258,9.94723,0.005505,-0.013117,0.003957,,,
1735024808840,-0.08983,0.22988,9.80556,-0.005035,-0.004065,-0.015009,,,
1735024808860,0.19117,0.3179,9.55053,-0.002518,-0.001104,-0.005943,,,
1735024808880,0.18263,0.18712,9.7732,0.020713,0.000328,-0.002419,,,
1735024808900,0.04197,-0.1119,10.02797,0.006166,-0.003549,-0.001855,,,
1735024808920,-0.13617,0.03938,9.61595,3.2e-05,-0.005172,0.005671,,,
1735024808940,0.15639,0.11804,9.79161,-0.007096,-0.002997,-0.000166,,,
1735024808960,0.07319,-0.08523,9.66491,0.001734,0.013588,0.018723,,,
1735024808980,0.11898,-0.14854,10.02129,-0.008457,-0.007706,0.004276,,,
1735024809000,-0.20705,0.12025,9.80196,0.003991,-0.008234,0.008464,12.9725593,77.5946189,5.0
1735024809020,0.14179,-0.39904,9.86435,-0.001075,-0.00795,0.001772,,,
1735024809040,0.07497,-0.11054,9.79207,-0.000414,0.003929,0.012268,,,
1735024809060,-0.06959,0.19754,9.61437,0.003008,-0.017196,0.000718,,,
1735024809080,0.10834,0.30345,9.8174,-0.007483,0.010265,0.000412,,,
1735024809100,0.01475,0.13755,9.97391,-0.017321,0.000515,-0.000164,,,
1735024809120,-0.16044,-0.24358,9.79997,-0.004637,-0.007247,-0.001374,,,
1735024809140,-0.05265,0.00264,10.04652,-0.000301,0.018804,0.012441,,,
1735024809160,0.14514,-0.10928,9.76598,-0.009197,0.004159,-0.000671,,,
1735024809180,0.06625,0.04538,9.83518,-0.003569,-0.00973,-0.004417,,,
1735024809200,0.10749,-0.02458,9.801,0.008678,0.004876,-0.014748,,,
1735024809220,-0.01206,-0.13069,9.80187,0.003903,0.005094,0.016638,,,
1735024809240,-0.07512,-0.04424,9.8961,0.00962,-0.010314,0.006867,,,
1735024809260,0.09982,-0.02255,9.76783,0.007326,0.004272,0.004007,,,
1735024809280,-0.10977,-0.25835,9.7959,-0.002711,0.004581,-0.007645,,,
1735024809300,0.0952,0.06144,9.69898,0.00945,-0.003429,-0.006965,,,
1735024809320,0.03763,-0.00221,9.67424,0.006201,-9.2e-05,-0.007582,,,
1735024809340,-0.26309,0.06396,9.82485,0.001194,0.013768,-0.024906,,,
1735024809360,0.19038,0.20457,9.66299,0.010147,-0.00812,-0.010425,,,
1735024809380,-0.01521,0.27415,9.86425,0.000499,0.008857,-0.006225,,,
1735024809400,0.22463,0.23559,9.87438,-0.007883,0.01072,0.002947,,,
1735024809420,0.09655,0.17049,9.87547,-0.009025,0.014903,0.002793,,,
1735024809440,0.04862,0.09226,9.85676,0.007479,0.001975,-0.001776,,,
1735024809460,-0.08253,-0.0767,9.76677,0.009894,-0.003369,-0.001111,,,
1735024809480,-0.01516,0.08008,9.90735,0.019744,-0.013931,-0.002279,,,
1735024809500,0.08595,-0.25277,10.0712,-0.001161,-0.00794,0.009708,,,
1735024809520,-0.3297,0.03184,9.66128,-0.000149,0.003741,0.007925,,,
1735024809540,0.0617,0.31296,9.8193,-0.003419,0.012261,-0.000653,,,
1735024809560,0.06273,-0.59059,9.87799,-0.000748,-0.004349,-0.006563,,,
1735024809580,0.13547,-0.30625,10.28237,0.011541,0.003698,0.019004,,,
1735024809600,0.0412,-0.13425,9.96406,-0.01636,0.006001,0.011981,,,
1735024809620,0.08024,-0.21768,9.84077,-0.001231,-0.007422,-0.02312,,,
1735024809640,-0.17782,-0.07511,9.97883,0.027532,0.008568,-0.007883,,,
1735024809660,-0.06316,0.16233,9.90207,0.003909,0.002381,0.011993,,,
1735024809680,0.33539,0.00144,9.83382,0.005044,-0.004622,-0.021926,,,
1735024809700,0.07406,-0.11004,10.00749,0.001824,0.014974,-0.008576,,,
1735024809720,0.16968,-0.24474,9.95065,-0.002372,0.009374,-0.003581,,,
1735024809740,0.10237,0.0754,9.86747,0.004427,0.016804,-0.005613,,,
1735024809760,0.21051,-0.05312,9.99104,0.023397,-0.007983,-0.02156,,,
1735024809780,0.02456,-0.10375,9.73103,-0.003293,-0.005338,0.01431,,,
1735024809800,0.16881,0.17387,10.15682,-0.007708,-0.024968,0.020235,,,
1735024809820,0.03757,-0.00835,9.53956,-0.013517,0.006919,-0.001431,,,
1735024809840,-0.32293,-0.14107,9.96737,0.012787,0.002142,0.02834,,,
1735024809860,0.15401,0.27154,10.00999,0.008312,-0.013392,-0.016004,,,
1735024809880,-0.1112,0.03875,9.81016,0.003747,-0.0002,0.004778,,,
1735024809900,0.14813,0.00119,9.7668,-0.026213,0.008722,-0.007733,,,
1735024809920,-0.13637,0.13015,9.94777,0.0068,0.00953,-0.010941,,,
1735024809940,-0.03438,-0.0825,10.06948,0.008638,-0.002439,0.008415,,,
1735024809960,0.05621,-0.01762,9.88003,0.008506,-0.001422,-0.012505,,,
1735024809980,0.05319,-0.03961,9.6382,-0.007682,-0.002495,0.000272,,,
1735024810000,0.08425,-0.03187,9.87749,-0.003734,0.005457,0.004031,12.9727318,77.594621,5.0
1735024810020,-0.04243,-0.23899,9.79832,0.008094,0.000249,0.003181,,,
1735024810040,-0.2584,-0.12512,9.89081,0.007778,-0.007504,0.00367,,,
1735024810060,-0.10665,-0.17287,9.82065,0.00217,0.003964,0.0073,,,
1735024810080,0.25157,0.14231,9.75587,0.009397,-0.014675,0.001007,,,
1735024810100,0.15802,0.10187,9.93424,0.0191,-0.007407,0.007948,,,
1735024810120,-0.014,0.1672,9.82764,0.007821,0.015468,0.006309,,,
1735024810140,-0.03147,-0.05515,9.70589,0.010381,0.013123,-0.002443,,,
1735024810160,-0.27141,-0.09503,9.8751,-0.009468,-0.019585,-0.004444,,,
1735024810180,-0.30603,0.04882,9.74984,0.000603,0.012967,-0.009079,,,
1735024810200,-0.32219,-0.00425,9.88034,-0.014295,-0.003685,-0.003472,,,
1735024810220,0.00417,-0.09232,10.20952,-0.002624,0.001865,-0.004848,,,
1735024810240,-0.39647,0.20714,9.33648,0.013568,-0.013214,-0.013589,,,
1735024810260,-0.01633,0.32939,9.85794,-0.001913,-0.007677,0.006507,,,
1735024810280,-0.05551,0.10707,9.51548,0.005284,0.00318,-0.013602,,,
1735024810300,-0.1549,-0.02211,9.73702,0.0029,-0.014347,-0.008846,,,
1735024810320,0.3171,-0.12636,9.74608,-0.001771,-0.002785,0.012069,,,
1735024810340,-0.08583,0.12824,9.68168,0.007731,-0.002141,-0.001748,,,
1735024810360,-0.01329,0.08254,9.63098,-0.009705,0.020372,0.005065,,,
1735024810380,-0.05413,0.09631,9.80098,-0.022514,0.001613,-0.001219,,,
1735024810400,0.05237,-0.11621,9.77693,0.011421,-0.001508,-0.00429,,,
1735024810420,0.05476,-0.05912,9.97018,-0.001745,0.003634,-0.007041,,,
1735024810440,-0.18717,0.1079,9.8493,0.006374,0.007367,-0.014693,,,
1735024810460,0.01797,-0.30087,9.8879,-0.010856,0.004673,0.00726,,,
1735024810480,-0.08092,-0.00346,9.99335,-0.016539,0.006436,0.001184,,,
1735024810500,0.14222,-0.24778,9.81053,0.011042,0.013592,-0.007693,,,
1735024810520,-0.04193,0.27621,9.59703,-0.000457,0.001774,0.001749,,,
1735024810540,-0.14014,0.14467,9.94328,0.018161,-0.00793,-0.004817,,,
1735024810560,0.16449,0.2723,9.8085,-0.01528,-0.002161,0.009647,,,
1735024810580,0.10172,0.16694,10.09874,-0.004313,-0.009044,-0.012027,,,
1735024810600,-0.01842,0.15286,10.06908,0.002188,0.000147,-0.001329,,,
1735024810620,0.18396,-0.1143,9.79426,-0.000774,-0.000272,0.018082,,,
1735024810640,-0.1338,0.36829,9.7117,-0.008205,-0.006609,0.006487,,,
1735024810660,-0.00211,0.16818,9.68645,-0.016732,-0.003709,0.002798,,,
1735024810680,-0.22046,-0.01598,9.89034,-0.008067,-0.00824,-0.010952,,,
1735024810700,-0.02152,0.06845,10.22213,0.011652,-0.012617,-0.015368,,,
1735024810720,-0.01654,0.2358,9.90857,-0.005273,0.010016,0.013774,,,
1735024810740,0.21926,-0.15996,9.87561,-0.012812,-0.008055,-0.012786,,,
1735024810760,-0.03929,-0.2154,9.92624,-0.000123,-0.008645,0.004854,,,
1735024810780,0.22961,0.05181,9.72245,-0.002839,-0.001041,-0.007015,,,
1735024810800,-0.25676,-0.05677,9.99641,-0.008272,-0.019303,-0.000888,,,
1735024810820,0.16542,-0.25836,9.83851,0.004114,0.005369,0.005571,,,
1735024810840,0.09122,-0.23759,9.90241,0.013775,-0.002217,0.003714,,,
1735024810860,-0.15216,0.19545,9.71724,0.016495,-0.003799,0.006778,,,
1735024810880,-0.08001,0.28166,9.51418,0.003693,-0.020794,-0.012048,,,
1735024810900,0.2838,0.1362,9.50842,-6e-05,-0.006197,0.005698,,,
1735024810920,0.27756,0.09808,9.8752,0.00508,-0.010925,0.007011,,,
1735024810940,0.13816,-0.09185,9.71363,0.0145,0.002091,-0.011373,,,
1735024810960,-0.06361,-0.06863,9.80032,-0.000727,-0.002493,0.016739,,,
1735024810980,0.12484,0.22245,9.5558,0.001111,0.011748,0.007254,,,
1735024811000,-0.1019,-0.11339,9.954,-0.002125,0.006483,0.001566,12.9727923,77.5945957,5.0
1735024811020,-0.12444,0.25518,9.89223,0.013993,-0.005292,-0.005405,,,
1735024811040,-0.04789,-0.12924,9.91172,0.007125,-0.005131,-0.003197,,,
1735024811060,0.05649,-0.11289,9.7486,0.015605,-0.007466,-0.005168,,,
1735024811080,0.37571,-0.31896,9.63234,0.017973,-0.004095,0.004998,,,
1735024811100,0.31795,-0.10756,9.72127,0.004108,-0.000758,-0.005249,,,
1735024811120,-0.02,-0.19922,9.87986,0.008345,-0.001615,-0.002238,,,
1735024811140,0.08232,-0.08074,9.76378,-0.000683,0.01472,-0.000492,,,
1735024811160,-0.01706,-0.02462,9.75243,-0.009649,-0.009191,0.008604,,,
1735024811180,-0.08537,0.01385,9.73856,-0.013279,-0.004648,0.013969,,,
1735024811200,-0.06219,-0.10146,9.74582,-0.003346,0.002285,-0.004116,,,
1735024811220,-0.01464,-0.07364,9.86363,0.003113,0.002117,0.006331,,,
1735024811240,-0.01489,0.18194,9.87993,0.014878,-0.000797,0.002721,,,
1735024811260,-0.10233,0.00234,9.9327,-0.003655,0.014922,0.000257,,,
1735024811280,0.23748,-0.15732,9.76847,-0.004964,0.010106,0.006421,,,
1735024811300,-0.01146,-0.06837,9.80597,0.007246,0.008357,-0.000596,,,
1735024811320,-0.06706,0.01531,9.82939,0.002525,-0.004535,0.017405,,,
1735024811340,-0.09432,0.22687,10.01905,0.009471,0.018741,0.005558,,,
1735024811360,-0.0475,-0.07846,9.70934,0.008373,-0.014806,-0.014224,,,
1735024811380,0.22987,0.15193,9.87215,0.009233,0.007743,-0.001869,,,
1735024811400,-0.2203,0.19246,9.87693,-0.013762,0.001423,-0.004687,,,
1735024811420,-0.0173,-0.0492,9.89268,-0.002084,-0.01155,0.00673,,,
1735024811440,0.07287,-0.21387,9.87137,0.008876,-0.001525,0.001877,,,
1735024811460,-0.11465,-0.26251,9.88827,-0.000879,0.004296,-0.002348,,,
1735024811480,-0.03905,0.02434,9.8005,0.008663,-0.004239,-0.014444,,,
1735024811500,0.02162,-0.19548,9.4299,-0.010968,-0.004386,-0.007959,,,
1735024811520,-0.2305,-0.0337,9.99247,0.008294,8.2e-05,0.009211,,,
1735024811540,-0.06606,-0.1323,9.91177,-0.010836,0.00334,-0.000257,,,
1735024811560,-0.05441,-0.06871,9.98058,-0.015894,0.00269,-0.002886,,,
1735024811580,-0.11121,0.00584,9.85737,-0.000599,0.00245,0.014148,,,
1735024811600,-0.09013,0.06269,9.54921,0.00457,-0.018669,0.006314,,,
1735024811620,-0.07128,0.02462,9.59168,0.00024,0.00824,0.006198,,,
1735024811640,-0.00259,-0.00097,9.98182,0.00736,-0.006248,-0.005798,,,
1735024811660,-0.10198,-0.00535,9.6359,-0.021584,-0.002183,0.002529,,,
1735024811680,0.02796,0.16275,9.61612,-0.005132,-0.014424,0.002458,,,
1735024811700,-0.01569,-0.07212,9.81622,-0.007069,-0.01022,0.015805,,,
1735024811720,0.12155,-0.02762,9.57878,-0.002143,0.005743,0.001699,,,
1735024811740,0.15137,0.18403,9.79732,-0.004681,-0.004944,-0.004135,,,
1735024811760,0.13568,-0.06362,9.55788,0.00465,-0.000989,-0.004672,,,
1735024811780,-0.29453,0.17551,9.91445,-0.011369,0.001518,-0.010837,,,
1735024811800,-0.20409,-0.31481,9.9269,0.008799,-0.003098,-0.000598,,,
1735024811820,0.26324,-0.11331,9.63229,0.001275,0.005495,-0.002969,,,
1735024811840,-0.21391,-0.11508,9.91275,0.007148,-0.016707,-0.012226,,,
1735024811860,-0.14777,-0.00382,10.14102,-0.002858,0.000621,-0.007971,,,
1735024811880,0.3878,-0.09029,9.73324,0.001562,-0.013244,0.008088,,,
1735024811900,-0.00125,-0.12641,9.72063,-0.01894,-0.005556,-0.022746,,,
1735024811920,-0.06757,-0.07434,9.72165,-0.005829,-0.00842,0.01234,,,
1735024811940,0.21588,-0.02543,9.98155,-0.003065,-0.003024,-0.008288,,,
1735024811960,0.10462,0.09271,9.61643,0.0016,-0.00517,-0.009019,,,
1735024811980,-0.00385,-0.28783,9.74491,0.018895,0.004357,-0.011356,,,
1735024812000,0.08301,0.01329,9.76188,-0.005858,7e-06,-0.005924,12.9729223,77.5945936,5.0
1735024812020,0.12236,-0.19447,9.73974,0.016069,0.017965,0.003698,,,
1735024812040,0.24144,0.18123,9.7902,-0.019963,-0.000612,-0.012822,,,
1735024812060,0.02046,0.26193,9.84731,-0.007852,-0.011693,-0.01963,,,
1735024812080,-0.2859,0.24401,9.93839,-0.00131,-0.00153,-0.00052,,,
1735024812100,-0.00176,0.20882,9.86852,-0.019824,0.010607,-0.019298,,,
1735024812120,-0.06093,-0.20791,9.81605,-0.012571,-0.013778,-0.010465,,,
1735024812140,0.12207,-0.02786,9.91008,0.013603,0.002383,0.005701,,,
1735024812160,-0.14542,-0.01268,9.63767,0.005538,0.009062,0.009658,,,
1735024812180,-0.00423,0.13432,9.7882,-0.005615,0.005021,0.00726,,,
1735024812200,0.33055,0.10937,9.64486,-0.009781,-0.013017,0.000774,,,
1735024812220,-0.16495,0.20435,9.76627,0.006418,0.001517,0.003438,,,
1735024812240,-0.15548,-0.00502,9.74589,-0.001013,0.001247,0.006815,,,
1735024812260,-0.06983,0.12354,9.85939,0.016388,-0.033126,-0.006427,,,
1735024812280,0.18879,-0.37819,10.0327,0.000822,-0.020422,0.007256,,,
1735024812300,-0.15789,-0.13692,10.0297,-0.003869,-0.009594,0.02008,,,
1735024812320,0.13936,-0.05019,9.69158,-0.00204,0.015773,-0.009825,,,
1735024812340,-0.19108,0.19118,9.76768,0.001005,0.005249,-0.003901,,,
1735024812360,-0.36361,-0.03183,9.99616,0.021724,-0.001179,-0.000287,,,
1735024812380,0.20482,0.08936,9.85431,-0.019791,-0.004164,0.002148,,,
1735024812400,-0.22711,-0.05491,10.06628,-0.002571,-0.014344,-0.018871,,,
1735024812420,-0.00169,-0.08666,9.67972,0.002275,0.002848,0.001746,,,
1735024812440,0.05257,-0.18435,9.71392,-0.003262,-0.000538,0.009896,,,
1735024812460,-0.10923,-0.11664,10.03311,0.001585,-0.01398,-0.00311,,,
1735024812480,-0.18543,-0.17054,9.60986,-0.00796,0.020597,0.010105,,,
1735024812500,0.20725,0.16314,9.78977,0.004034,0.001028,-0.010681,,,
1735024812520,-0.17436,0.13505,9.62724,0.002009,0.006521,0.007527,,,
1735024812540,0.05539,-0.18011,9.89106,-0.001383,-0.009776,-0.019888,,,
1735024812560,0.06768,-0.23287,9.5539,0.017479,-0.012014,-0.0042,,,
1735024812580,0.01077,0.01053,9.6571,-0.007083,0.008057,-0.002788,,,
1735024812600,-0.00347,-0.32439,9.72395,0.008574,-0.007292,-0.009515,,,
1735024812620,0.05624,0.0898,9.86006,-0.005664,0.007496,0.01629,,,
1735024812640,0.17549,-0.2345,10.24942,-0.013256,-0.012259,0.003044,,,
1735024812660,-0.01415,0.0542,10.00675,0.009305,-0.008935,0.000721,,,
1735024812680,0.15168,0.15794,9.97867,0.008175,0.007079,-0.005135,,,
1735024812700,-0.19773,0.06336,9.7419,0.012445,-0.008726,-0.003812,,,
1735024812720,-0.06421,0.14505,9.92272,0.000228,0.00292,0.016148,,,
1735024812740,-0.2644,0.11221,9.972,0.012143,0.008025,-0.007739,,,
1735024812760,-0.08086,0.09933,9.72161,-0.001983,-0.015052,-0.011924,,,
1735024812780,0.052,-0.0639,9.69619,-0.001878,0.003014,-0.002612,,,
1735024812800,0.02589,0.01327,9.77227,-0.000114,-0.008873,-0.005016,,,
1735024812820,-0.27556,-0.17496,9.63194,-0.003989,0.011303,-9e-05,,,
1735024812840,0.02257,-0.14137,9.85307,0.016958,-0.000872,-0.008247,,,
1735024812860,-0.17488,0.03944,9.6688,0.007134,-0.010123,-0.016561,,,
1735024812880,0.07199,-0.19406,9.90092,0.010374,-0.005928,0.002083,,,
1735024812900,0.20882,-0.06972,10.04977,-0.003286,-0.009377,0.000975,,,
1735024812920,0.03377,0.17015,9.94296,0.003695,0.006562,0.001809,,,
1735024812940,0.11882,-0.07781,9.64781,0.002086,0.026892,0.008077,,,
1735024812960,-0.105,0.20909,9.53033,-0.002519,0.003974,-0.006732,,,
1735024812980,-0.08913,-0.0255,9.72862,-0.007841,-0.010842,-0.015601,,,
1735024813000,-0.14496,-0.01523,9.96096,-0.006634,-0.012117,0.016054,12.9730069,77.5945578,5.0
1735024813020,-0.14046,-0.10784,9.86798,0.004612,0.01271,0.006688,,,
1735024813040,0.0231,0.09369,9.65546,0.012105,0.005327,0.004898,,,
1735024813060,0.08978,-0.22196,9.63991,0.001323,0.001449,0.00575,,,
1735024813080,0.01599,-0.02768,9.99867,0.003496,0.007467,0.011952,,,
1735024813100,0.18959,0.04765,9.91887,0.00266,0.010725,0.022806,,,
1735024813120,-0.15673,-0.11291,10.04755,0.001861,-0.004299,-0.006941,,,
1735024813140,0.14061,0.08405,10.11116,-0.000912,0.009016,0.016539,,,
1735024813160,-0.21509,-0.15801,9.85071,-0.005726,-0.004215,-0.006609,,,
1735024813180,-0.02219,-0.1356,9.61804,0.003852,0.001248,0.009789,,,
1735024813200,0.07829,0.06359,9.92293,-0.009149,-0.004985,0.002749,,,
1735024813220,0.14023,0.09698,9.7782,-0.001863,0.002499,-0.011564,,,
1735024813240,0.12728,0.11584,9.94936,0.009934,0.009979,-0.018841,,,
1735024813260,0.03379,-0.21448,9.6671,-0.001328,0.01183,0.003312,,,
1735024813280,0.03472,0.26784,9.84615,-0.009497,-0.013939,-0.008729,,,
1735024813300,0.01678,-0.2311,9.87574,0.003089,-0.0072,0.001041,,,
1735024813320,0.07747,-0.09479,9.91992,-0.007167,0.005875,0.014576,,,
1735024813340,0.04831,-0.19102,9.82331,0.000811,-0.008612,-0.012595,,,
1735024813360,-0.05724,0.13025,9.93268,0.011999,-0.000449,0.019646,,,
1735024813380,-0.12692,0.06612,9.77376,0.014914,0.000323,-0.010321,,,
1735024813400,0.03628,-0.1683,9.67916,0.009264,-0.000203,0.008556,,,
1735024813420,-0.13105,0.19452,9.7837,-0.019574,-0.008957,-0.013975,,,
1735024813440,-0.21957,0.07657,9.86485,0.005908,-0.007373,0.005317,,,
1735024813460,-0.22021,-0.07243,9.78619,-0.005703,0.001005,-0.000227,,,
1735024813480,0.07067,0.04553,9.95329,-0.004802,0.006515,0.002775,,,
1735024813500,0.03646,0.02006,9.48653,0.019175,-0.009153,-0.007964,,,
1735024813520,-0.04834,-0.1965,10.07188,-0.006197,-0.006838,-0.008297,,,
1735024813540,0.06556,0.20938,9.85091,-0.007742,0.013228,0.002836,,,
1735024813560,-0.10836,-0.0108,9.8297,0.002371,1.6e-05,0.000239,,,
1735024813580,0.27942,0.42506,9.83595,-0.009172,-0.010502,0.008131,,,
1735024813600,-0.24361,-0.02727,9.86924,0.001817,-0.004047,0.018378,,,
1735024813620,0.11944,-0.07063,9.92749,-0.001839,-0.005163,-0.004076,,,
1735024813640,0.17738,-0.08386,9.7993,0.0102,0.003041,0.002404,,,
1735024813660,-0.0998,0.34963,9.93274,-0.023685,0.013042,-0.012861,,,
1735024813680,-0.20581,-0.10469,9.99868,-0.002724,0.002106,-0.0167,,,
1735024813700,0.16132,-0.04009,9.61661,0.003248,0.004899,0.00085,,,
1735024813720,0.19371,0.08754,10.03533,-0.000548,0.001096,0.008642,,,
1735024813740,0.1738,-0.04997,10.09288,0.001154,4.8e-05,0.004418,,,
1735024813760,-0.12836,-0.2469,10.11836,0.010643,-0.00924,0.001371,,,
1735024813780,0.09353,-0.07319,10.02497,-0.004945,0.009924,-0.006304,,,
1735024813800,0.07608,0.23248,9.88116,-0.004881,0.002217,0.007249,,,
1735024813820,-0.06421,-0.05924,10.0743,0.01397,-0.006633,-0.013183,,,
1735024813840,-0.19251,-0.16722,9.76741,-0.000757,-0.013838,0.001546,,,
1735024813860,-0.43548,0.02097,10.05117,-0.012151,-0.028797,0.001665,,,
1735024813880,0.1051,-0.06126,9.84431,0.012911,0.016894,0.00598,,,
1735024813900,-0.1854,0.02541,9.65996,-0.000156,-0.002414,-0.00571,,,
1735024813920,0.22967,-0.03415,9.58786,0.003795,0.006861,0.00051,,,
1735024813940,-0.11623,-0.06486,9.72168,-0.005047,-0.007018,-0.00221,,,
1735024813960,-0.20337,0.03702,9.69265,0.008771,0.003813,0.015058,,,
1735024813980,-0.20464,0.21168,9.79251,0.006189,0.008898,0.009612,,,
1735024814000,0.00924,0.06819,9.79625,0.007276,-0.008918,0.004046,12.9731834,77.5946568,5.0
1735024814020,0.16021,0.2192,9.88854,0.010538,0.01945,-0.000543,,,
1735024814040,-0.23816,-0.02555,9.8379,-0.008239,-0.011979,-0.00493,,,
1735024814060,-0.1845,0.1369,10.0657,0.006754,-0.013946,0.002071,,,
1735024814080,-0.12874,0.04196,9.68653,0.009828,0.007023,-0.003206,,,
1735024814100,0.07567,0.00948,10.06911,-0.019016,0.004129,0.01243,,,
1735024814120,-0.05502,-0.07486,9.8366,-0.009197,-0.005366,-0.010242,,,
1735024814140,-0.02663,-0.3138,9.71958,0.005585,-0.003785,-0.004119,,,
1735024814160,0.13484,0.23667,9.69942,0.012049,-0.017505,-0.008458,,,
1735024814180,0.08037,0.03865,9.82787,0.008649,-0.002027,0.007625,,,
1735024814200,-0.07335,-0.09412,9.52876,0.006764,-0.008678,0.010075,,,
1735024814220,0.15145,-0.03333,9.82309,0.001978,-0.00205,-0.014586,,,
1735024814240,0.21686,-0.08517,9.88942,0.002914,0.002897,0.002189,,,
1735024814260,0.13681,-0.13061,9.95881,0.001659,0.000392,-0.004151,,,
1735024814280,-0.00681,0.08687,9.63421,-0.017206,-0.002748,0.007021,,,
1735024814300,-0.04486,0.20568,10.0044,0.014025,0.014523,0.002636,,,
1735024814320,0.08504,-0.10231,9.40717,0.004054,-0.007717,-0.002012,,,
1735024814340,-0.37281,0.13463,9.77974,-0.005907,-0.011549,-0.008126,,,
1735024814360,-0.12703,-0.14566,9.59804,-0.002098,-0.003381,0.008594,,,
1735024814380,-0.26273,-0.06687,9.6763,0.003409,-0.000524,0.00849,,,
1735024814400,0.27573,0.00016,9.8895,-0.007496,-0.001268,0.000249,,,
1735024814420,0.32083,-0.17093,9.78989,0.000195,-0.007543,0.003524,,,
1735024814440,0.00213,0.01793,9.70167,0.007346,-0.009305,-0.003721,,,
1735024814460,0.1271,0.20968,9.69747,0.006228,-0.000853,0.01044,,,
1735024814480,0.01672,0.25456,10.03989,-0.009732,-0.003268,-0.007505,,,
1735024814500,-0.01212,-0.27259,9.55895,0.010198,0.003407,0.007535,,,
1735024814520,-0.1357,-0.15766,9.78097,0.013828,0.000754,0.00183,,,
1735024814540,0.17667,0.05695,9.8373,0.004274,-0.001907,0.015734,,,
1735024814560,-0.01565,-0.10808,9.91224,0.009467,-0.004718,0.00724,,,
1735024814580,0.16148,-0.50276,9.5513,0.004005,-0.009306,0.016864,,,
1735024814600,0.04861,-0.01524,9.81926,-0.003799,-0.006419,0.001218,,,
1735024814620,0.15044,-0.23206,9.84612,-0.004496,0.000861,-0.007518,,,
1735024814640,0.02158,-0.16083,9.80696,-0.002603,-0.016653,0.004183,,,
1735024814660,-0.42178,-0.05635,9.58641,0.00257,-0.00336,0.00817,,,
1735024814680,-0.03032,-0.03195,9.97809,-0.004648,-0.000297,0.014263,,,
1735024814700,0.09929,0.29743,9.87886,-0.005296,0.010741,0.009223,,,
1735024814720,-0.04097,0.08102,9.79764,0.004981,0.000326,-0.001299,,,
1735024814740,0.25332,0.06843,9.61042,0.002084,-0.002992,0.00313,,,
1735024814760,0.03599,0.05494,9.55524,-0.015679,0.014006,-0.000266,,,
1735024814780,0.20072,0.07914,9.73004,-0.016885,0.005119,0.005173,,,
1735024814800,0.26268,-0.03038,9.82142,-0.018081,-0.006069,0.002459,,,
1735024814820,-0.05262,-0.13109,10.02266,0.016027,-0.010681,0.000989,,,
1735024814840,-0.06427,0.22272,9.84562,0.005973,-0.00935,0.013275,,,
1735024814860,-0.04484,0.27944,9.97387,-0.00651,0.005269,0.002434,,,
1735024814880,-0.03319,0.11248,9.80618,0.000281,-0.006315,-0.007444,,,
1735024814900,0.01149,0.0268,9.97138,-0.013546,0.001125,0.015939,,,
1735024814920,-0.10171,-0.15652,9.67101,0.007915,-0.012662,0.000195,,,
1735024814940,-0.10038,-0.08632,9.76406,-0.003746,-0.003676,-0.00054,,,
1735024814960,0.04034,-0.06803,9.88059,-0.004796,-0.004541,0.000419,,,
1735024814980,-0.25743,-0.12315,9.7098,-0.010228,-0.002316,-0.007332,,,
1735024815000,-0.13668,0.1524,10.12237,0.009939,0.002981,0.01124,12.9732098,77.5946116,5.0
1735024815020,0.01673,-0.05038,9.47928,-0.008414,-0.00829,0.004836,,,
1735024815040,-0.07215,-0.26996,9.80571,0.002867,0.007693,0.003643,,,
1735024815060,0.35859,-0.13011,10.00758,0.00921,-0.006354,-0.001281,,,
1735024815080,-0.11192,-0.01859,9.74354,-0.004449,-5.2e-05,-0.010358,,,
1735024815100,0.16868,0.13172,9.70571,0.008627,-0.010514,-0.01784,,,
1735024815120,0.04723,0.08198,9.6991,0.005262,0.019605,0.030124,,,
1735024815140,-0.13094,0.049,9.62571,0.028315,-0.004358,0.0086,,,
1735024815160,0.01417,-0.15856,9.77897,-0.013536,-0.006399,-0.002681,,,
1735024815180,0.03374,-0.34076,9.80016,0.02553,-0.009517,0.003259,,,
1735024815200,-0.06347,-0.42333,9.66069,-0.006835,0.00847,-0.000351,,,
1735024815220,-0.03305,0.10098,9.82937,-0.001649,0.006682,-0.013762,,,
1735024815240,-0.03094,0.188,9.48898,-0.007907,0.001563,0.002291,,,
1735024815260,-0.05045,0.06449,9.67702,0.009794,0.001947,0.018152,,,
1735024815280,0.12699,0.08274,10.02241,-0.008032,-0.002932,-0.017502,,,
1735024815300,0.13057,0.24812,9.73718,-0.012171,0.011248,-0.007373,,,
1735024815320,-0.07566,0.23093,9.75619,-0.001864,0.016119,0.005909,,,
1735024815340,-0.1596,0.22579,9.5488,0.010075,0.004902,-0.005234,,,
1735024815360,-0.11683,-0.16686,10.06935,0.001244,-0.006306,0.005739,,,
1735024815380,0.18069,0.04783,9.91455,0.00954,0.000588,0.003166,,,
1735024815400,-0.01731,-0.14885,9.61995,0.004506,-0.007084,-0.000211,,,
1735024815420,-0.03716,0.14554,9.85199,0.003065,-0.002865,-0.00138,,,
1735024815440,-0.05099,0.03744,9.55139,-0.000198,0.003676,0.003933,,,
1735024815460,-0.16162,-0.06317,9.75288,-0.0054,-0.012169,-0.010864,,,
1735024815480,0.00136,0.05782,9.8322,-0.008715,0.00385,-0.001988,,,
1735024815500,-0.07433,-0.13879,9.7336,0.00717,-0.00184,-0.001231,,,
1735024815520,-0.15015,0.41856,9.47026,-0.020279,-0.005248,0.001994,,,
1735024815540,0.26603,0.07707,9.85512,0.009196,0.000951,-0.019551,,,
1735024815560,0.03823,0.03259,10.13545,-0.00721,0.012574,-0.013602,,,
1735024815580,0.22992,0.01989,9.93555,0.007038,0.006778,0.000975,,,
1735024815600,-0.0984,-0.02395,9.69519,-0.001127,-0.016089,0.001722,,,
1735024815620,0.14659,0.18029,10.00707,0.001525,-0.001542,-0.002552,,,
1735024815640,0.05885,0.10757,9.86072,-0.013454,0.013781,0.004775,,,
1735024815660,0.1486,0.00779,9.77085,0.019375,-0.010698,-0.016881,,,
1735024815680,0.29937,0.03606,9.74574,-0.00585,-0.020061,0.018673,,,
1735024815700,0.10584,0.0765,9.9337,-0.009147,0.004584,0.010857,,,
1735024815720,-0.33074,0.08939,9.92206,0.001015,-0.008856,-0.001656,,,
1735024815740,-0.06873,0.05443,9.73019,0.007644,-0.005183,-0.005198,,,
1735024815760,0.17528,-0.02411,9.88974,-0.012974,0.015209,-0.014522,,,
1735024815780,0.01454,-0.03368,9.69554,-0.002744,0.012351,0.017389,,,
1735024815800,-0.0355,-0.05362,9.52831,0.017151,-0.010661,-0.009099,,,
1735024815820,0.01572,0.11011,10.03849,0.021746,0.007538,-0.004802,,,
1735024815840,-0.09852,-0.02678,9.93067,0.009549,0.006169,-0.018944,,,
1735024815860,-0.08492,0.2185,9.73004,-0.000803,0.027268,-0.000739,,,
1735024815880,0.21351,0.27581,9.92373,-0.004349,-0.0228,-0.008589,,,
1735024815900,0.0965,0.08879,9.98584,-0.011059,0.001994,-0.020501,,,
1735024815920,-0.13242,0.0794,9.48266,0.008167,0.018306,-0.014361,,,
1735024815940,-0.03883,0.25777,9.8851,0.003973,0.001075,-0.013718,,,
1735024815960,-0.02053,0.193,9.82305,0.007217,-0.003617,-0.008714,,,
1735024815980,-0.06468,-0.15795,9.60565,-0.000199,-0.002288,-0.009404,,,
1735024816000,0.10441,-0.13974,9.87384,0.004984,0.01666,0.003421,12.9733296,77.5946291,5.0
1735024816020,-0.21108,0.12836,10.06191,-0.001243,0.020938,0.009239,,,
1735024816040,0.30015,-0.02718,9.6773,0.00056,-0.007262,0.001985,,,
1735024816059,-0.03625,0.02468,9.79649,-0.009743,-0.005294,0.012691,,,
1735024816080,-0.00953,-0.20112,9.50748,-0.003224,0.002788,-0.011802,,,
1735024816100,-0.2681,0.08412,10.28912,0.00872,-0.009966,-0.001177,,,
1735024816120,-0.01783,-0.19077,9.59938,-0.001428,0.007902,0.002529,,,
1735024816140,-0.10249,0.07641,9.88819,-0.009827,-0.012178,0.006452,,,
1735024816160,0.17043,0.06081,9.98688,0.01467,-0.015283,0.004786,,,
1735024816180,0.19739,0.17004,10.02408,-0.005876,0.006817,0.007763,,,
1735024816200,-0.08973,0.0286,9.61024,-0.008488,0.003276,0.010514,,,
1735024816219,-0.00012,0.23012,10.0334,-0.009828,-0.001014,-0.005034,,,
1735024816240,0.12349,0.10772,9.69094,0.009241,-0.013207,0.011778,,,
1735024816260,-0.36588,-0.02687,9.70381,0.006759,0.002526,-0.021915,,,
1735024816280,-0.20181,-0.08807,9.98757,0.016313,0.00682,0.014229,,,
1735024816300,-0.11297,0.06249,9.82905,-0.010798,-0.003504,-0.003568,,,
1735024816320,0.06841,0.07431,9.72773,-0.005319,-0.019006,0.005053,,,
1735024816340,-0.01551,-0.00435,9.89187,-0.004954,-0.009638,-0.00602,,,
1735024816360,-0.05155,0.03265,9.71912,-0.004408,-0.013296,-0.004076,,,
1735024816379,-0.26206,-0.09912,9.89099,0.001714,-0.001562,-0.002246,,,
1735024816400,0.13504,-0.17676,9.87634,-0.007165,0.002782,-0.001521,,,
1735024816420,-0.08148,0.04685,9.71307,-0.012129,-0.00483,-0.012547,,,
1735024816440,0.02178,-0.09119,9.62042,0.003643,0.004018,-0.001845,,,
1735024816460,-0.04384,0.13699,9.76932,0.002581,-0.01135,0.005576,,,
1735024816480,-0.02144,0.07774,9.76903,-0.00753,-0.01202,-0.002063,,,
1735024816500,-0.06891,-0.19458,9.99763,0.010256,-0.020346,-0.02139,,,
1735024816520,-0.22794,0.02348,10.21196,-0.011818,-0.003172,0.013329,,,
1735024816540,-0.0743,0.16738,9.95012,-0.000292,0.008821,0.009359,,,
1735024816560,-0.21043,-0.02619,9.71563,0.000297,-0.012137,-0.009965,,,
1735024816580,0.00837,-0.0011,10.01784,0.002104,0.014324,0.013104,,,
1735024816600,0.17068,-0.53022,9.69405,0.004635,-0.013232,-0.005279,,,
1735024816620,0.10029,0.00713,9.75767,0.017325,-0.004221,0.011113,,,
1735024816640,-0.00745,0.01487,9.75622,-0.008406,-0.002216,-0.013657,,,
1735024816660,0.09167,0.01696,9.74399,0.007944,-0.010422,-0.019676,,,
1735024816680,0.06321,-0.20662,9.6007,0.00163,0.009663,-0.007786,,,
1735024816700,-0.13383,0.22594,9.59813,0.008479,0.004299,-0.007257,,,
1735024816720,-0.02046,-0.12899,9.71008,-0.001528,-0.007069,-0.016476,,,
1735024816740,0.10685,-0.09065,9.92949,-0.00154,0.028128,0.005581,,,
1735024816760,-0.20195,-0.20582,9.67554,-0.004286,-0.016526,-0.01126,,,
1735024816780,0.00227,-0.23446,9.79501,0.00233,-0.010049,0.00604,,,
1735024816800,0.01276,0.164,9.90971,-0.002126,-0.001575,0.004618,,,
1735024816820,0.05666,-0.25392,9.94898,-0.00561,0.01134,0.001791,,,
1735024816840,-0.09744,-3e-05,10.02607,-0.007496,-0.017096,-0.002557,,,
1735024816860,0.18891,0.23822,9.96491,-0.021203,-0.002371,-0.004781,,,
1735024816880,-0.02647,-0.16424,9.76875,-0.011841,0.023201,0.000599,,,
1735024816900,-0.07763,-0.18593,9.95368,0.005835,0.01162,0.003466,,,
1735024816920,-0.07027,-0.10919,9.69534,-0.004051,0.006853,-0.005516,,,
1735024816940,0.04264,0.11294,9.74189,0.009785,0.004203,0.003832,,,
1735024816960,-0.00389,0.02601,9.68094,-0.008385,0.002503,0.008944,,,
1735024816980,-0.03457,0.07532,9.77537,-0.007828,0.000125,0.003843,,,
1735024817000,-0.10331,-0.0891,9.73572,0.00183,-0.01475,0.002743,12.9734421,77.5946096,5.0
1735024817020,-0.08433,0.04199,9.64451,-0.007612,0.00799,-0.013286,,,
1735024817040,-0.09668,-0.08666,9.90744,-0.014401,-0.00589,-0.010854,,,
1735024817060,0.24842,-0.04146,9.7321,0.001137,0.00864,-0.02073,,,
1735024817080,-0.16214,0.03275,9.71553,-0.014424,-0.007089,0.001566,,,
1735024817100,0.04885,0.29401,9.56412,-0.014811,-0.012078,0.009729,,,
1735024817120,-0.13439,-0.22783,9.93185,-0.007401,0.011153,0.002147,,,
1735024817140,-0.09928,0.13407,9.93238,0.01502,-0.004136,-0.003185,,,
1735024817160,0.22081,0.16673,9.84857,-0.0085,-0.010473,-0.01431,,,
1735024817180,-0.14862,-0.03102,9.63123,0.007207,-0.025786,-0.008012,,,
1735024817200,-0.10203,0.09131,9.8884,-0.012308,0.002287,-0.010444,,,
1735024817220,0.04372,-0.18297,9.82921,0.014686,0.020402,0.010867,,,
1735024817240,-0.15474,-0.07785,9.67002,-0.006102,-0.017478,-0.006303,,,
1735024817260,0.16767,0.33516,9.8752,0.002032,0.00673,-0.015806,,,
1735024817280,-0.12686,0.12078,9.77504,-0.003681,0.008542,-0.019067,,,
1735024817300,0.17509,-0.12181,9.8945,7e-06,0.007285,0.009923,,,
1735024817320,-0.15179,0.1256,9.88597,0.014254,-0.005281,0.011876,,,
1735024817340,0.1093,-0.06631,9.96017,-0.003723,0.009132,-0.001004,,,
1735024817360,0.01622,0.01019,9.9621,-0.000867,0.005807,0.005997,,,
1735024817380,-0.12889,0.1386,10.03094,0.005108,0.004058,-0.008518,,,
1735024817400,0.1934,-0.23008,9.83162,0.015499,-0.00689,0.005395,,,
1735024817420,-0.10895,0.09877,9.59774,-0.004123,-0.006378,0.001015,,,
1735024817440,-0.25518,0.22613,9.85651,-0.004888,0.01489,-0.000238,,,
1735024817460,0.03847,0.04324,10.04862,0.001575,-0.010677,0.000894,,,
1735024817480,0.06297,-0.00388,9.71255,-0.008082,-0.016969,0.004811,,,
1735024817500,-0.12517,-0.09638,9.88643,0.010792,-0.010356,-0.003513,,,
1735024817520,-0.05909,0.07588,9.654,-0.008023,0.0042,-0.006032,,,
1735024817540,-0.15429,-0.00168,9.67255,-0.002735,0.012838,-0.001767,,,
1735024817560,-0.02056,-0.07058,9.58182,0.001773,0.010169,0.012626,,,
1735024817580,0.42801,-0.04432,9.84026,-0.011,0.01852,0.009915,,,
1735024817600,0.14411,0.0895,9.7901,-0.025379,0.012501,0.006677,,,
1735024817620,0.03865,-0.12397,9.94013,0.002987,0.002006,-0.011069,,,
1735024817640,-0.1683,-0.01342,9.79408,-0.0104,0.017346,-0.004386,,,
1735024817660,-0.00981,0.03902,10.03082,-0.007751,-0.001857,-0.012745,,,
1735024817680,0.15733,0.06392,9.83377,0.002844,0.01816,-0.001101,,,
1735024817700,-0.08758,-0.08683,9.96465,0.005881,0.004802,-0.006484,,,
1735024817720,0.08197,0.09013,9.82591,-0.001318,0.004735,0.003995,,,
1735024817740,-0.07199,-0.04681,9.55272,0.005975,-0.001097,0.015495,,,
1735024817760,-0.26765,0.02544,9.89895,-0.006986,0.00483,0.002832,,,
1735024817780,0.07943,-0.035,9.33348,0.000809,0.000941,-0.007312,,,
1735024817800,-0.19879,0.07844,9.86947,0.015793,-0.008065,0.011855,,,
1735024817820,0.00257,-0.07444,9.88488,0.008765,-0.005252,0.015704,,,
1735024817840,0.00282,-0.18496,9.6392,0.01072,-0.005529,0.00089,,,
1735024817860,0.01589,-0.01687,9.9569,-0.004819,-0.011097,-0.023014,,,
1735024817880,-0.01777,-0.03961,9.99574,-0.007041,0.010232,-0.00289,,,
1735024817900,0.2581,-0.14606,9.74983,0.006786,0.011884,0.008439,,,
1735024817920,-0.20027,0.16325,9.80861,-0.016281,-0.005588,-0.003484,,,
1735024817940,-0.11988,0.19589,9.89053,0.011394,-0.008802,-0.016701,,,
1735024817960,0.06782,0.00511,9.93949,0.006602,0.001559,0.008012,,,
1735024817980,0.0115,0.03077,10.10677,0.012897,-0.010519,-0.01582,,,
1735024818000,0.20359,-0.06546,9.79025,-0.004881,0.003271,-0.004139,12.9734784,77.5945561,5.0
1735024818020,-0.35879,-0.15813,9.99371,-0.009377,-0.000235,0.011215,,,
1735024818040,0.19708,-0.08355,9.9167,-0.003755,-0.019384,0.009574,,,
1735024818060,0.01652,-0.13156,9.8409,0.003336,0.001665,-0.009682,,,
1735024818080,-0.0262,0.04583,9.92307,-0.002159,-0.010832,0.004244,,,
1735024818100,0.18555,-0.08933,9.88588,0.010483,0.010583,0.013446,,,
1735024818120,0.0425,0.21116,10.01285,-0.008274,0.0031,0.002352,,,
1735024818140,-0.10268,-0.04938,9.5088,0.007104,0.008489,0.011509,,,
1735024818160,0.2023,-0.09074,9.786,0.015436,0.010797,-0.007375,,,
1735024818180,-0.35406,-0.03433,9.64973,0.000626,0.009709,-0.014471,,,
1735024818200,0.04122,-0.18237,10.18236,0.000516,0.004752,-0.01044,,,
1735024818220,-0.31991,-0.14383,9.66649,0.011726,-0.011476,0.00827,,,
1735024818240,0.06322,-0.01673,9.43703,-0.005497,0.009707,0.005373,,,
1735024818260,0.02244,-0.21554,9.82891,0.002537,-0.004861,0.004331,,,
1735024818280,-0.10654,-0.30116,9.71352,-0.006903,0.01219,0.007195,,,
1735024818300,-0.00758,-0.08202,9.89374,0.014941,-0.009671,-0.006391,,,
1735024818320,0.17261,0.07213,9.74423,0.011553,0.005516,-0.009428,,,
1735024818340,0.0412,-0.00108,10.0579,0.006074,0.004835,0.001333,,,
1735024818360,0.07814,-0.20837,9.59184,0.003893,0.003997,-0.004035,,,
1735024818380,-0.29971,-0.16317,9.89067,0.001269,-0.006414,-0.00929,,,
1735024818400,0.03997,-0.02263,9.7861,-0.005044,0.001503,0.002827,,,
1735024818420,-0.09395,0.2494,9.72168,0.001663,-0.015516,-0.00999,,,
1735024818440,0.13807,0.10896,9.8422,-0.006725,0.003536,-0.009929,,,
1735024818460,0.16051,-0.39434,9.75225,-0.007972,0.012949,-0.00198,,,
1735024818480,0.18561,0.21685,9.87821,-0.01638,-0.007538,-0.004992,,,
1735024818500,0.06007,0.05695,9.61056,0.007846,-0.010147,-0.003539,,,
1735024818520,0.03861,-0.01947,10.04533,0.011394,-0.01319,-0.011257,,,
1735024818540,0.17247,0.01699,9.90425,0.000251,0.012306,0.007717,,,
1735024818560,0.11797,-0.10151,9.90111,-0.016102,-0.002408,-0.006354,,,
1735024818580,-0.11651,-0.14052,9.50886,0.012384,-0.002128,-0.001772,,,
1735024818600,0.07518,0.15978,10.01052,-0.004316,0.00188,-0.009053,,,
1735024818620,0.10992,0.00316,9.94637,0.008273,0.007817,0.005362,,,
1735024818640,0.01305,-0.1864,9.85936,0.016834,-0.004339,-0.006774,,,
1735024818660,0.09271,0.25115,9.65384,-0.024159,-0.006148,0.000997,,,
1735024818680,-0.02142,-0.03904,9.7346,-0.006469,-0.008272,0.0036,,,
1735024818700,0.08587,-0.2378,10.04729,0.004415,0.00554,-0.002829,,,
1735024818720,0.03822,-0.16854,10.04751,0.014149,-0.002395,-0.013187,,,
1735024818740,-0.04588,0.08869,9.75093,-0.007956,0.001609,-0.008738,,,
1735024818760,0.20029,0.14183,9.90957,-0.007079,0.002068,0.011094,,,
1735024818780,-0.31397,0.03086,10.02093,0.018115,-0.009506,0.002762,,,
1735024818800,0.15665,0.18088,9.53405,-0.020096,0.001543,0.004983,,,
1735024818820,-0.01869,-0.04918,10.0017,0.014775,-0.005922,0.001577,,,
1735024818840,-0.17353,0.26032,9.59936,-0.010701,-0.008898,-0.010485,,,
1735024818860,0.19163,0.34825,9.8491,-0.003361,0.007217,-0.00907,,,
1735024818880,0.20066,-0.00547,9.87308,-0.006913,-0.002044,-0.016196,,,
1735024818900,0.00281,0.13354,9.53227,-0.010098,-0.004762,-0.003097,,,
1735024818920,-0.01354,-0.00676,9.85256,-0.000355,-0.016819,0.003137,,,
1735024818940,0.18051,0.03871,9.54398,0.002323,0.004753,-0.009893,,,
1735024818960,0.01143,0.19147,10.05261,0.001265,0.005075,-0.001651,,,
1735024818980,-0.06148,0.20775,9.95437,0.00617,-0.005265,0.014673,,,
1735024819000,0.15607,-0.19375,9.97329,0.001683,0.002785,-0.020171,12.9736859,77.594546,5.0
1735024819020,-0.11505,0.12187,9.61093,-0.014752,0.019108,0.009094,,,
1735024819040,-0.01925,0.03356,9.70371,0.00356,0.011794,-0.004155,,,
1735024819060,0.07284,-0.25383,10.08023,0.010046,-0.0003,-0.003344,,,
1735024819080,0.21165,-0.07572,9.86546,-0.003139,-0.009227,0.010388,,,
1735024819100,-0.06183,0.06963,9.7579,-0.001345,-0.001711,-0.006549,,,
1735024819120,0.11,-0.01302,9.93941,0.007468,0.012223,-0.004915,,,
1735024819140,0.09956,-0.02616,9.80664,-0.007144,-0.004744,0.006302,,,
1735024819160,-0.0513,-0.10942,9.93725,0.003568,-0.012185,0.001057,,,
1735024819180,0.16923,0.16443,9.72943,-0.011107,-0.003656,0.013441,,,
1735024819200,0.11156,-0.34405,9.93881,-0.022178,0.019326,0.008454,,,
1735024819220,-0.05919,0.01604,9.90915,-0.004934,0.004635,-0.001295,,,
1735024819240,-0.03762,0.22875,9.50419,0.00047,-0.013931,-0.001821,,,
1735024819260,-0.10622,0.38194,9.73287,-0.00137,-0.006184,0.008894,,,
1735024819280,-0.07652,-0.09825,10.09056,0.007809,0.00269,0.024124,,,
1735024819300,-0.09495,-0.12189,9.69098,0.012032,-0.006188,0.011903,,,
1735024819320,-0.09441,-0.2722,9.68976,0.002871,0.011923,0.013013,,,
1735024819340,0.05496,0.10261,9.41334,0.002627,0.000385,-0.00309,,,
1735024819360,-0.09989,0.13196,9.98089,0.019646,-0.001948,-0.007961,,,
1735024819380,0.28279,-0.04806,9.73191,-0.013872,0.004201,0.006057,,,
1735024819400,0.12654,0.03347,9.89162,0.005543,0.005144,0.011784,,,
1735024819420,0.12787,0.02832,9.72942,0.00803,-0.005771,-0.001477,,,
1735024819440,-0.10743,0.31994,9.66432,0.006639,0.006763,0.008762,,,
1735024819460,-0.00594,0.01258,9.78048,-0.02718,-0.007642,0.01364,,,
1735024819480,-0.12244,0.02025,10.20564,-0.009682,-0.005046,-0.002521,,,
1735024819500,-0.29977,-0.13024,9.5957,0.005439,-0.002471,-0.021325,,,
1735024819520,0.12152,0.14581,9.75575,0.009467,0.005874,-0.009144,,,
1735024819540,0.04219,0.0277,9.68473,-0.010266,0.004079,0.023067,,,
1735024819560,-0.00559,0.03154,9.65183,-0.002596,-0.002023,-0.003767,,,
1735024819580,-0.09837,-0.0073,9.72556,0.012415,0.020499,-0.007613,,,
1735024819600,-0.05454,0.06504,9.89746,-0.007635,-0.005708,0.005866,,,
1735024819620,-0.24575,0.33226,9.85522,-0.003041,-0.001503,-0.010734,,,
1735024819640,0.27038,-0.01259,9.74474,0.01757,0.010319,-0.001944,,,
1735024819660,0.06544,-0.04982,9.75567,-0.00221,0.002974,0.010949,,,
1735024819680,0.29663,-0.32589,10.15835,0.010244,0.000165,-0.0043,,,
1735024819700,-0.28021,0.17916,9.64581,0.006519,-0.004147,-0.016257,,,
1735024819720,0.06276,0.07295,9.66963,0.008594,0.018054,0.004907,,,
1735024819740,0.06471,-0.11007,9.65409,-0.004061,0.00069,0.000117,,,
1735024819760,-0.02983,0.37376,9.89567,-0.009763,-0.012006,-0.017386,,,
1735024819780,-0.15143,0.08681,9.76721,-0.006929,0.005896,0.005492,,,
1735024819800,0.05571,-0.00198,9.80449,-0.013186,-0.018452,-0.008064,,,
1735024819820,-0.1183,-0.12284,9.78402,-0.00474,-0.013046,-0.001029,,,
1735024819840,0.0504,-0.07388,9.93286,0.003155,0.003894,-0.003735,,,
1735024819860,0.06202,0.10237,9.52061,0.010683,-0.005111,0.006506,,,
1735024819880,-0.34595,-0.06512,9.55515,-0.001484,0.001815,0.00407,,,
1735024819900,0.0031,-0.18788,10.00541,-0.013453,-0.003363,-0.007767,,,
1735024819920,-0.09038,-0.21046,9.97284,0.007461,0.000716,-0.001443,,,
1735024819940,-0.144,-0.01651,9.6738,0.000864,0.003937,-0.002471,,,
1735024819960,0.05985,0.08754,9.9307,0.019748,-0.014277,-0.012338,,,
1735024819980,-0.18247,-0.02967,9.57083,-0.005304,0.008381,0.007293,,,
1735024820000,0.24593,0.75636,9.96195,-0.00529,-0.003581,0.061149,12.9736893,77.5946317,5.0
1735024820020,-0.20829,0.48164,9.681,0.013174,0.018059,0.055659,,,
1735024820040,0.05111,0.91961,9.8773,0.00559,0.003727,0.056103,,,
1735024820060,0.20236,0.73727,9.8228,-0.003931,0.0026,0.035733,,,
1735024820080,0.06911,0.64723,9.85812,-0.011567,0.004687,0.054191,,,
1735024820100,-0.00105,0.68385,9.68555,-0.014564,0.004541,0.030342,,,
1735024820120,0.08925,0.93845,9.86562,0.008537,0.016277,0.062802,,,
1735024820140,0.34155,0.49765,9.75882,0.004833,-0.016149,0.052296,,,
1735024820160,0.01001,0.82301,9.97008,0.007663,0.006968,0.052974,,,
1735024820180,0.04383,0.74224,9.96176,-0.007191,0.004496,0.051607,,,
1735024820200,0.03983,0.80148,9.77241,-0.00922,-0.00911,0.046628,,,
1735024820220,0.09143,0.60346,9.72029,0.007728,0.0016,0.059366,,,
1735024820240,0.32895,0.91051,9.86173,0.003389,0.011137,0.065139,,,
1735024820260,-0.05372,0.44456,9.93944,0.002251,0.006102,0.057789,,,
1735024820280,-0.10476,0.55181,9.9707,-0.001616,-0.007815,0.049606,,,
1735024820300,0.05965,0.55179,10.07061,0.008123,-0.014902,0.054655,,,
1735024820320,0.23534,1.12276,9.73938,0.000247,-0.013563,0.057922,,,
1735024820340,0.07183,0.6708,9.64737,0.007813,0.018282,0.065947,,,
1735024820360,0.05434,0.62071,9.94475,-0.001411,-0.025291,0.035181,,,
1735024820380,0.20523,0.82786,9.79119,-0.007982,-0.003003,0.039499,,,
1735024820400,-0.03809,0.89037,9.71616,-0.007944,-0.013439,0.054417,,,
1735024820420,-0.14249,0.72588,9.76371,0.016813,0.005913,0.05713,,,
1735024820440,-0.21102,0.63193,9.85557,0.003429,0.003554,0.053586,,,
1735024820460,-0.17516,0.2673,9.64257,0.010139,0.008003,0.063784,,,
1735024820480,0.04922,0.66237,9.81259,-0.017082,0.001782,0.045884,,,
1735024820500,-0.09136,0.48008,9.79992,0.009152,0.007998,0.042652,,,
1735024820520,0.03634,0.61716,9.50832,0.009401,-0.00647,0.058163,,,
1735024820540,-0.11867,0.74501,9.99726,0.002615,0.005431,0.045825,,,
1735024820560,-0.04755,0.46048,9.96791,0.011863,-0.004798,0.052739,,,
1735024820580,-0.10001,0.43196,9.73279,-0.011972,-0.019405,0.05532,,,
1735024820600,-0.14935,0.62204,9.41132,0.000887,-0.006921,0.046106,,,
1735024820620,0.13058,0.60997,9.85487,0.000535,0.004812,0.044444,,,
1735024820640,-0.00175,0.59333,9.91634,-0.005765,0.007533,0.057644,,,
1735024820660,-0.08716,0.7373,9.75012,-0.0064,-0.008006,0.041615,,,
1735024820680,0.04669,0.59885,9.76395,0.008541,0.008817,0.053457,,,
1735024820700,-0.2903,0.70109,9.51618,-0.008926,-0.001608,0.067707,,,
1735024820720,-0.37226,0.39862,9.70269,0.006912,-0.016321,0.044359,,,
1735024820740,0.18192,0.76059,9.71881,0.010138,0.000852,0.043291,,,
1735024820760,-0.10702,0.53417,9.64819,0.004588,0.0101,0.037958,,,
1735024820780,0.09996,0.47164,9.79911,0.003035,0.010138,0.05212,,,
1735024820800,0.03731,0.87271,10.05229,0.010532,0.007505,0.057442,,,
1735024820820,0.24589,0.73891,9.70832,0.001062,0.004108,0.038433,,,
1735024820840,-0.08668,0.88493,9.63944,0.005099,0.003131,0.06201,,,
1735024820860,-0.11658,0.5118,9.81799,-0.006289,0.015483,0.054178,,,
1735024820880,0.12796,0.4789,9.89853,0.024896,-0.000549,0.04115,,,
1735024820900,0.1708,0.55715,9.61673,-0.011276,-0.011818,0.057587,,,
1735024820920,-0.12749,0.49798,9.7542,0.004259,0.008901,0.064689,,,
1735024820940,-0.04983,0.78077,9.69189,0.017107,0.006202,0.055017,,,
1735024820960,-0.23823,0.77443,9.73982,-0.006114,-0.008209,0.046298,,,
1735024820980,0.07404,0.69241,9.81779,0.018732,-0.012487,0.05522,,,
1735024821000,-0.19925,0.71286,9.896,0.001358,0.005061,0.058206,12.9738161,77.5946209,5.0
1735024821020,0.13162,0.89063,9.97856,-0.002602,0.01966,0.054832,,,
1735024821040,0.17586,0.73073,10.02642,-0.015922,-0.007928,0.057603,,,
1735024821060,-0.03585,0.57379,10.03558,-0.005611,0.003093,0.056125,,,
1735024821080,-0.03395,0.28127,9.53078,-0.002585,0.022011,0.045158,,,
1735024821100,-0.00354,0.94,9.81573,0.005093,0.003117,0.043983,,,
1735024821120,-0.12868,0.55295,9.80888,-0.007336,-0.004939,0.054961,,,
1735024821140,0.17993,0.9823,9.7033,0.002844,-0.009824,0.046171,,,
1735024821160,-0.25804,0.88731,9.7461,0.009597,-0.010546,0.028911,,,
1735024821180,0.25624,0.38597,9.65494,0.012027,0.000895,0.0505,,,
1735024821200,0.20024,0.58594,9.93014,-0.012366,0.014273,0.046797,,,
1735024821220,0.02681,0.52056,9.68798,-0.002798,0.009174,0.049911,,,
1735024821240,0.02918,0.55756,10.00858,-0.01465,-0.016766,0.066503,,,
1735024821260,-0.32419,0.88646,9.80773,0.004347,0.003232,0.045784,,,
1735024821280,0.07768,0.93392,9.993,-0.007123,0.012399,0.040638,,,
1735024821300,-0.03275,0.65019,9.99656,-0.013852,0.010507,0.048238,,,
1735024821320,-0.24577,0.77795,9.74754,-0.020035,0.007967,0.035495,,,
1735024821340,-0.05669,0.45935,9.68839,0.01089,0.00635,0.03728,,,
1735024821360,-0.03381,0.63854,10.01347,0.004606,-0.0121,0.039449,,,
1735024821380,0.09959,0.74286,9.71989,-0.006261,0.005096,0.055255,,,
1735024821400,-0.39451,0.58761,9.93352,-0.014841,0.008707,0.039882,,,
1735024821420,0.03484,0.50143,9.56773,0.002209,-0.001023,0.067577,,,
1735024821440,0.12474,0.39008,9.8592,0.009813,0.008486,0.070964,,,
1735024821460,0.29298,0.52233,9.86824,0.024013,0.012781,0.045655,,,
1735024821480,-0.22872,0.39488,9.90841,-0.001076,-0.001833,0.046563,,,
1735024821500,-0.12905,0.72081,9.80587,0.00431,-0.016373,0.070258,,,
1735024821520,0.17682,0.78891,9.50047,0.008905,-0.014336,0.056651,,,
1735024821540,0.17442,0.78907,9.91894,0.018527,0.001652,0.044286,,,
1735024821560,-0.07917,0.63122,9.93581,-0.010628,0.008153,0.052114,,,
1735024821580,-0.06897,0.48822,9.73928,0.003054,-0.001947,0.059904,,,
1735024821600,-0.24174,0.40785,9.65446,0.011093,-0.001391,0.052734,,,
1735024821620,0.08877,0.72675,9.72991,-0.014273,-0.003585,0.037074,,,
1735024821640,-0.01006,0.51334,9.85312,0.001961,-0.00364,0.058707,,,
1735024821660,0.42553,0.35157,10.17401,-0.009728,-0.013545,0.042747,,,
1735024821680,0.11008,0.66068,9.717,-0.005797,-0.007596,0.058275,,,
1735024821700,0.18824,0.59002,9.7081,-0.003762,-0.023076,0.051817,,,
1735024821720,0.05744,0.57294,9.73429,0.011212,0.003134,0.056236,,,
1735024821740,0.07546,0.64981,10.00704,-0.013696,-0.000312,0.029528,,,
1735024821760,-0.06307,0.92882,9.61731,-0.011032,-0.000748,0.060993,,,
1735024821780,0.10203,0.54676,10.06464,-0.00058,0.011385,0.068294,,,
1735024821800,-0.14746,0.40408,9.89038,0.001862,0.000341,0.055041,,,
1735024821820,-0.01507,0.86253,9.3584,0.012708,0.002589,0.051085,,,
1735024821840,-0.14623,0.81317,9.63593,0.001082,0.011375,0.03581,,,
1735024821860,0.04741,0.67494,9.87402,-0.004651,0.005855,0.062746,,,
1735024821880,-0.04506,0.94083,9.63954,-0.006786,0.012026,0.050193,,,
1735024821900,-0.14053,0.56134,10.03719,0.007939,-0.009264,0.033627,,,
1735024821920,0.22384,0.66516,9.74661,-0.009076,-0.020724,0.039146,,,
1735024821940,0.04505,0.55426,10.05682,0.00919,-0.005922,0.043088,,,
1735024821960,0.19353,0.57236,10.20654,0.000965,-0.01365,0.031953,,,
1735024821980,-0.11033,0.84513,9.77293,-0.025002,-0.006251,0.049459,,,
1735024822000,0.20548,0.69321,9.7875,0.003029,0.022243,0.06295,12.9739979,77.5945846,5.0
1735024822020,0.16979,0.97774,9.85303,-0.003233,0.003576,0.047587,,,
1735024822040,0.02264,0.50757,9.81351,-0.014569,0.00844,0.060346,,,
1735024822060,-0.24762,0.74039,9.72594,0.014128,0.010044,0.06323,,,
1735024822080,0.08867,0.47185,9.49843,0.001356,-0.012727,0.054258,,,
1735024822100,-0.22324,0.7455,9.88738,-0.012795,-0.009647,0.056599,,,
1735024822120,0.13277,0.6628,9.7059,0.001619,-0.002264,0.047014,,,
1735024822140,-0.2113,0.63453,9.68717,-0.00128,-0.020138,0.060723,,,
1735024822160,-0.08425,0.64025,10.03502,0.015536,0.006619,0.042149,,,
1735024822180,-0.01322,0.67333,9.8504,0.001405,0.008204,0.058944,,,
1735024822200,0.18285,0.75172,9.70578,-0.003189,-0.000126,0.056488,,,
1735024822220,-0.07376,0.62672,9.76023,-0.005345,0.004128,0.061459,,,
1735024822240,0.26586,0.78172,9.75115,0.012711,-0.014304,0.056516,,,
1735024822260,-0.08386,0.5457,10.10716,-0.004204,0.00246,0.058266,,,
1735024822280,-0.00381,0.42417,9.85921,-0.003423,-0.001058,0.052128,,,
1735024822300,0.06843,0.68994,9.58223,0.002198,0.017641,0.033283,,,
1735024822320,-0.13894,0.52484,9.5121,-0.018301,-0.009594,0.063849,,,
1735024822340,-0.0551,0.4884,9.78481,0.004889,0.004854,0.052784,,,
1735024822360,0.39624,0.668,9.87502,-0.005307,-0.008615,0.040715,,,
1735024822380,-0.1935,0.71092,9.83429,-0.006305,-0.003509,0.062952,,,
1735024822400,-0.03109,0.63344,9.8534,0.00497,-0.007562,0.027724,,,
1735024822420,-0.29258,0.6813,9.7235,-0.003422,-0.017172,0.044354,,,
1735024822440,0.0179,0.63425,9.64818,-0.011547,0.01927,0.049862,,,
1735024822460,-0.01637,0.42707,9.69283,-0.002774,-0.011503,0.053265,,,
1735024822480,-0.17343,0.51666,9.69027,-0.016601,-0.015783,0.053562,,,
1735024822500,-0.15458,0.60053,9.78815,0.003317,0.008124,0.045883,,,
1735024822520,-0.17283,0.65755,9.93837,-0.003453,-0.000664,0.05042,,,
1735024822540,-0.02318,0.72354,9.74938,0.00604,0.004144,0.073863,,,
1735024822560,-0.1082,0.80084,9.93043,-0.012228,0.005661,0.058477,,,
1735024822580,-0.09137,0.25916,9.92185,-0.012962,-0.001724,0.034614,,,
1735024822600,0.08901,0.35293,9.72188,-0.005646,-6.9e-05,0.037529,,,
1735024822620,0.06891,0.70087,9.75553,-0.002844,-0.02753,0.068412,,,
1735024822640,-0.03401,0.72537,9.83745,0.000557,0.006888,0.045965,,,
1735024822660,0.15287,0.8646,9.84013,-0.001569,0.009775,0.056493,,,
1735024822680,-0.05625,0.5771,9.82877,0.00762,-0.005036,0.06026,,,
1735024822700,0.29438,0.71722,9.80058,0.005691,-0.004421,0.041165,,,
1735024822720,-0.1138,0.42289,9.95418,-0.004774,-0.018505,0.057468,,,
1735024822740,0.05442,0.67388,9.60882,-0.011177,0.017619,0.046313,,,
1735024822760,0.06835,0.64677,9.60214,-0.014743,0.004954,0.049259,,,
1735024822780,-0.04235,0.78459,9.56655,-0.000602,0.011714,0.060791,,,
1735024822800,-0.0414,0.69872,9.90366,-0.008756,-0.014777,0.061005,,,
1735024822820,0.00803,0.9012,9.71344,0.00996,0.008302,0.057286,,,
1735024822840,0.00432,0.48651,9.76621,-0.004936,0.000231,0.041896,,,
1735024822860,0.03688,0.89565,9.67831,0.005311,-0.018908,0.057373,,,
1735024822880,0.03932,0.49171,9.89268,0.001043,0.018082,0.053492,,,
1735024822900,0.05922,0.60643,9.64168,0.026018,0.001826,0.055418,,,
1735024822920,0.01272,0.4083,9.60599,-0.016752,0.01321,0.057381,,,
1735024822940,-0.05029,0.41369,9.68536,-0.001038,-0.012338,0.061089,,,
1735024822960,-0.1206,0.58608,9.79493,-0.021883,0.008092,0.052762,,,
1735024822980,-0.33238,0.56968,9.7599,-0.010345,0.003488,0.064404,,,
1735024823000,0.052,0.41666,9.70834,-0.019782,0.002006,0.042377,12.9741089,77.5946367,5.0
1735024823020,0.13173,0.65948,9.77163,-0.016215,0.021813,0.07445,,,
1735024823040,-0.01401,0.69303,9.63747,-0.00388,0.000261,0.04646,,,
1735024823060,0.2636,0.67499,9.71682,-0.004081,0.002435,0.036442,,,
1735024823080,0.07233,0.62238,9.94477,0.003554,-0.006533,0.045662,,,
1735024823100,0.20792,0.69262,9.89936,0.005938,-0.000906,0.04141,,,
1735024823120,0.26984,0.5993,10.00324,-0.000892,0.011072,0.043697,,,
1735024823140,-0.19743,0.58641,9.73764,0.00661,0.003435,0.036895,,,
1735024823160,-0.1112,0.41851,9.69771,-0.00093,-0.006209,0.064025,,,
1735024823180,0.06276,0.50091,10.00312,0.009108,0.001956,0.048717,,,
1735024823200,0.29051,0.748,9.64875,0.001616,-0.008328,0.061308,,,
1735024823220,-0.15428,0.53279,9.71736,0.004804,-0.010494,0.052437,,,
1735024823240,-0.3226,0.75586,9.40715,0.001767,0.002498,0.047366,,,
1735024823260,0.16491,0.79769,9.971,0.011342,0.003274,0.048564,,,
1735024823280,0.03951,0.79353,9.80207,-0.024009,-0.016784,0.070384,,,
1735024823300,-0.12347,0.5367,9.95168,0.008967,0.005585,0.053805,,,
1735024823320,-0.31833,0.9611,9.75317,0.010896,0.001418,0.047007,,,
1735024823340,-0.04006,0.60303,10.05764,-0.01293,0.003968,0.070422,,,
1735024823360,-0.07644,0.63371,9.63385,0.016456,-0.011336,0.058819,,,
1735024823380,-0.29499,0.49898,9.84334,-0.011136,-0.002554,0.038958,,,
1735024823400,0.01334,0.45099,9.65091,0.002657,-0.019044,0.05867,,,
1735024823420,-0.12247,0.86787,9.73119,-0.00882,0.001081,0.062333,,,
1735024823440,-0.36534,0.53208,9.99865,-0.010398,-0.012196,0.036449,,,
1735024823460,-0.05191,0.43992,9.87725,-0.015023,-0.004767,0.050436,,,
1735024823480,-0.09133,0.59259,9.6655,-0.0089,0.012286,0.056599,,,
1735024823500,0.06336,0.7866,9.87055,-0.003056,0.005796,0.049903,,,
1735024823520,0.26183,0.65968,9.81695,0.015632,0.008249,0.045329,,,
1735024823540,0.07175,0.43632,9.77288,0.001756,0.001404,0.050705,,,
1735024823560,-0.14331,0.68819,9.89333,-0.006746,-0.000222,0.05729,,,
1735024823580,0.07386,0.68151,9.88118,0.006042,0.007239,0.05693,,,
1735024823600,-0.07626,0.67857,9.7099,-0.005845,0.003422,0.05295,,,
1735024823620,-0.10148,0.71234,9.69663,0.00461,-0.013305,0.065579,,,
1735024823640,0.07315,0.69785,9.81267,-0.01328,-0.016692,0.053097,,,
1735024823660,-0.05565,0.67735,9.9657,0.004158,-0.0096,0.058703,,,
1735024823680,-0.09148,0.68842,9.89967,-0.005194,0.014602,0.048949,,,
1735024823700,0.00442,0.81907,9.83806,-0.008316,-0.003488,0.054675,,,
1735024823720,-0.06653,0.55209,9.95207,-0.001936,0.017381,0.050751,,,
1735024823740,-0.15314,0.59152,9.94967,-0.005788,0.011179,0.05243,,,
1735024823760,0.05929,0.51946,9.81487,-5.8e-05,0.010486,0.047705,,,
1735024823780,-0.23436,0.4628,9.70816,0.006364,-0.008946,0.042565,,,
1735024823800,-0.04567,0.62535,9.79689,-0.012839,-0.003138,0.061887,,,
1735024823820,0.05891,0.68575,9.69612,-0.002813,-0.012496,0.058053,,,
1735024823840,0.12664,0.5936,9.75314,-0.008339,-0.001192,0.069033,,,
1735024823860,-0.10777,0.66131,9.94637,-0.000974,-0.013099,0.055741,,,
1735024823880,0.22901,0.65124,9.80418,-0.000509,-0.021294,0.055523,,,
1735024823900,-0.07229,0.49135,9.995,-0.009534,0.000973,0.039968,,,
1735024823920,0.05042,0.41717,9.84324,0.001174,0.00736,0.039378,,,
1735024823940,-0.0657,0.50472,9.91807,-0.017307,-0.003919,0.057223,,,
1735024823960,0.02611,0.39798,9.97696,0.00059,0.009986,0.048131,,,
1735024823980,0.00534,0.65782,9.74424,0.022124,-0.002722,0.055743,,,
1735024824000,-0.09646,0.54494,9.78798,-0.007157,-0.00949,0.052729,12.9742625,77.5946315,5.0
1735024824020,-0.02744,0.52931,9.90248,0.017499,-0.016043,0.06463,,,
1735024824040,-0.15884,0.55466,9.60127,-0.004694,-0.013873,0.046283,,,
1735024824060,-0.0506,0.60637,9.8481,0.002646,-0.000785,0.065326,,,
1735024824080,0.02519,0.8091,9.8297,-0.006393,-0.013579,0.02443,,,
1735024824100,-0.0649,0.45498,9.80647,0.012814,-0.022594,0.05909,,,
1735024824120,-0.22723,0.35022,10.14586,0.007566,-0.029733,0.065774,,,
1735024824140,-0.03408,0.85223,9.67104,0.001974,0.001175,0.031645,,,
1735024824160,0.01928,0.74783,9.66649,0.005255,0.006576,0.052573,,,
1735024824180,0.17012,0.72438,10.0522,0.002596,0.010402,0.050919,,,
1735024824200,0.10156,0.67961,9.87624,0.007412,-0.00317,0.049151,,,
1735024824220,-0.27038,0.66253,9.63412,-0.007705,-0.003836,0.058912,,,
1735024824240,0.08624,0.69771,9.7829,0.002816,-0.008914,0.067742,,,
1735024824260,0.24323,0.53824,9.62368,-0.011601,-0.00928,0.043039,,,
1735024824280,0.0456,0.65549,9.9372,0.001803,0.002112,0.049362,,,
1735024824300,0.23405,0.86995,9.6913,0.003023,-0.002589,0.049732,,,
1735024824320,-0.0844,0.45585,9.76905,0.009414,0.013762,0.061818,,,
1735024824340,0.02149,0.83012,9.79823,-0.001232,-0.013277,0.064227,,,
1735024824360,0.1519,0.48557,9.62141,0.019918,0.00226,0.041592,,,
1735024824380,-0.04627,0.7148,9.97117,0.008088,0.016086,0.059628,,,
1735024824400,0.06791,0.81191,9.73496,-0.005847,-0.014122,0.060008,,,
1735024824420,-0.10526,0.66649,9.82543,-0.00338,-0.004043,0.062267,,,
1735024824440,0.24335,0.56541,9.69294,0.019289,0.000901,0.046785,,,
1735024824460,-0.04954,0.75655,9.79702,0.000935,-0.012894,0.044576,,,
1735024824480,0.16698,0.6912,9.96134,-0.017017,-0.005819,0.055462,,,
1735024824500,0.10064,0.94054,9.84014,-0.008918,-0.007603,0.03896,,,
1735024824520,0.20169,0.60531,9.71378,0.011472,0.013467,0.049177,,,
1735024824540,-0.07787,0.67196,9.55615,0.004997,0.006793,0.054204,,,
1735024824560,0.10653,0.63079,9.83593,0.013878,0.001123,0.068609,,,
1735024824580,0.12869,0.58881,9.80367,-0.006766,0.012169,0.080118,,,
1735024824600,-0.03822,0.67288,9.88289,0.000928,-0.001658,0.058723,,,
1735024824620,-0.21934,0.49732,9.84543,0.000669,0.001992,0.058217,,,
1735024824640,0.17962,0.47073,9.70798,0.010745,0.000905,0.054238,,,
1735024824660,0.18166,0.35321,10.03369,0.001979,-0.012746,0.064493,,,
1735024824680,0.26971,0.85423,9.7723,0.006972,0.00537,0.038668,,,
1735024824700,0.3844,0.47936,10.11987,-0.000299,0.002655,0.049816,,,
1735024824720,0.20976,0.89676,9.83724,-0.006266,-0.006983,0.059068,,,
1735024824740,-0.33397,0.38712,9.81158,0.003074,-0.004829,0.048047,,,
1735024824760,-0.25829,0.56978,9.78673,0.002922,0.005741,0.032879,,,
1735024824780,0.23474,0.31156,9.88745,-0.004504,0.009836,0.057881,,,
1735024824800,-0.02841,0.5813,9.56013,-0.000902,-0.007308,0.04293,,,
1735024824820,-0.16758,0.62981,9.7467,0.008708,-0.005418,0.037455,,,
1735024824840,-0.11851,0.6322,9.53527,0.013141,-0.00236,0.050985,,,
1735024824860,0.01923,0.72752,9.90829,-0.007607,-0.007222,0.072031,,,
1735024824880,-0.31648,0.47605,9.67661,0.008993,0.002784,0.055491,,,
1735024824900,-0.13122,0.67602,9.66498,-0.005633,-0.007631,0.045092,,,
1735024824920,-0.15064,0.65947,9.85399,-0.008225,-0.00465,0.056598,,,
1735024824940,0.02196,0.84318,9.77062,0.003211,0.00659,0.042341,,,
1735024824960,-0.16316,0.4216,9.87114,-0.002025,0.002518,0.053571,,,
1735024824980,0.03049,0.72278,9.74917,0.007461,0.006074,0.03846,,,
1735024825000,-0.03592,0.86014,10.34833,-0.000452,0.000246,0.035952,,,
1735024825020,0.01674,0.61805,9.72471,0.017698,0.002102,0.042409,,,
1735024825040,-0.16393,0.73859,9.71498,-0.00936,-0.01687,0.051017,,,
1735024825060,0.08931,0.75008,9.84604,0.016456,-0.011889,0.054286,,,
1735024825080,0.0566,0.3822,9.78132,-0.010959,0.002256,0.043992,,,
1735024825100,0.09792,0.86617,9.77695,-0.006495,-0.01216,0.056313,,,
1735024825120,-0.13897,0.76781,10.05876,0.017296,0.018203,0.053468,,,
1735024825140,0.06907,0.51035,9.61059,0.007402,-0.014263,0.062268,,,
1735024825160,-0.12956,0.59712,10.07034,0.002553,0.005099,0.049645,,,
1735024825180,0.1284,0.58894,9.67028,-0.009899,-0.015648,0.039769,,,
1735024825200,0.1006,0.61572,9.6666,0.007844,0.001812,0.0568,,,
1735024825220,-0.14897,0.55877,9.86237,-0.002717,0.010059,0.060093,,,
1735024825240,0.22463,0.67419,9.71382,0.00046,0.023269,0.063219,,,
1735024825260,-0.02304,0.73513,9.77925,-0.003211,0.011311,0.05663,,,
1735024825280,0.14022,0.89046,9.73572,0.003105,0.009518,0.060309,,,
1735024825300,-0.05609,0.63603,10.09869,-0.005579,0.004648,0.057305,,,
1735024825320,-0.21483,0.7258,9.60847,0.002147,0.012347,0.047395,,,
1735024825340,-0.22792,0.62477,9.80708,0.001207,0.00227,0.0552,,,
1735024825360,-0.21954,0.78944,9.48493,-0.003552,0.008059,0.04472,,,
1735024825380,-0.21773,0.51542,9.73697,0.02005,-0.014943,0.056569,,,
1735024825400,-0.03008,0.50592,9.60272,-0.011882,0.003431,0.059108,,,
1735024825420,0.19725,0.48494,9.4917,0.005758,0.005266,0.06421,,,
1735024825440,-0.28405,0.85282,9.82962,0.020178,-0.002093,0.066268,,,
1735024825460,-0.08692,0.95091,9.73299,-0.015165,0.002383,0.063778,,,
1735024825480,0.19009,0.61922,9.86983,-0.000117,0.013463,0.062833,,,
1735024825500,-0.0755,0.77419,9.8069,0.011875,-0.003789,0.053278,,,
1735024825520,-0.08533,0.39368,9.62776,0.011244,0.0062,0.044447,,,
1735024825540,0.07387,0.63331,9.92583,-0.004428,-9.6e-05,0.040844,,,
1735024825560,0.17203,0.70695,9.82777,0.02445,0.01179,0.066658,,,
1735024825580,0.04992,0.55134,9.8786,0.000521,-0.003387,0.064256,,,
1735024825600,-0.04665,0.6665,9.82924,-0.014987,0.005366,0.060097,,,
1735024825620,0.00826,0.66717,9.7625,-0.00622,-0.00625,0.034384,,,
1735024825640,0.08093,0.42944,9.743,-0.020849,-0.006637,0.057807,,,
1735024825660,0.01373,0.63301,9.84594,-0.016903,0.008737,0.048169,,,
1735024825680,0.00472,0.69382,9.41178,0.014231,-0.0034,0.057938,,,
1735024825700,-0.05163,0.53586,10.00786,-0.012035,0.002936,0.047055,,,
1735024825720,0.07743,0.76317,9.91411,0.005574,-0.005997,0.049896,,,
1735024825740,0.04988,0.80894,9.88058,-0.0019,0.002119,0.061509,,,
1735024825760,0.07024,0.76328,9.74979,0.009082,-0.003573,0.053307,,,
1735024825780,0.08642,0.4289,9.77192,0.002738,0.001663,0.060667,,,
1735024825800,-0.34846,0.37891,9.95917,0.0074,0.01946,0.051201,,,
1735024825820,0.17962,0.96226,9.46718,-0.016576,-0.004982,0.038156,,,
1735024825840,0.22728,0.58846,9.70496,0.012358,0.006525,0.046532,,,
1735024825860,0.1025,0.4901,9.70531,0.011784,-0.008449,0.047361,,,
1735024825880,-0.06923,0.544,9.42818,-0.015592,0.00151,0.066119,,,
1735024825900,0.10275,0.55044,9.79085,-0.016778,-0.002566,0.049957,,,
1735024825920,-0.08871,0.71756,9.86876,0.005512,0.022028,0.057708,,,
1735024825940,-0.29564,0.41894,9.80097,-0.008907,-0.002525,0.066501,,,
1735024825960,0.01199,0.44675,10.02463,-0.00203,-0.000524,0.054486,,,
1735024825980,0.07698,0.51795,9.81909,0.012435,0.012317,0.044173,,,
1735024826000,0.00239,0.85704,9.7709,-0.013436,-0.006478,0.05833,,,
1735024826020,-0.01544,0.63417,9.84908,-0.002779,0.005017,0.065628,,,
1735024826040,0.06387,0.70706,9.97853,0.007306,0.01132,0.032137,,,
1735024826060,0.0052,0.68861,9.78972,-0.008533,-0.001327,0.044982,,,
1735024826080,0.05062,0.72991,9.77396,0.010638,-0.005245,0.046365,,,
1735024826100,0.01197,0.56824,9.95894,-0.001729,0.005331,0.061743,,,
1735024826120,-0.2443,0.62019,9.828,-0.018468,0.000541,0.050434,,,
1735024826140,-0.21631,0.82784,9.82883,-0.022526,-0.004759,0.049117,,,
1735024826160,-0.01691,0.51387,9.64936,0.002489,-0.00966,0.062002,,,
1735024826180,0.07315,0.66384,9.72465,0.001113,0.000595,0.053853,,,
1735024826200,-0.24114,0.62726,9.46847,0.001224,0.024698,0.042632,,,
1735024826220,-0.12156,0.75275,9.68363,-0.010321,-0.002365,0.053886,,,
1735024826240,0.13028,0.55839,9.71968,-0.002633,-0.007071,0.055351,,,
1735024826260,0.20518,0.50362,9.6366,-0.000699,-0.00582,0.038057,,,
1735024826280,-0.19989,0.34988,9.79995,-0.00742,0.017887,0.0563,,,
1735024826300,-0.15326,0.46314,9.74,-0.013621,-0.000784,0.063358,,,
1735024826320,-0.04823,0.52402,9.51413,-0.014742,0.000857,0.051038,,,
1735024826340,0.02834,0.41449,9.94091,-0.005023,-0.018431,0.041278,,,
1735024826360,-0.09638,0.61704,9.56018,0.008759,-0.000153,0.060842,,,
1735024826380,0.21536,0.58398,9.71465,0.005763,-0.017375,0.063142,,,
1735024826400,-0.00906,0.56424,9.63968,-0.013073,-0.003102,0.056962,,,
1735024826420,-0.00276,0.28239,9.70682,0.005133,0.01835,0.050861,,,
1735024826440,0.05708,0.62888,9.74943,-0.011514,-0.009175,0.038946,,,
1735024826460,0.06951,0.75596,9.78163,-0.006368,0.010094,0.074525,,,
1735024826480,-0.26216,0.7123,9.83058,0.003206,0.006922,0.067749,,,
1735024826500,-0.019,0.95126,9.63303,0.007613,-0.014291,0.038172,,,
1735024826520,0.06284,0.73631,9.72317,0.005594,-0.007264,0.063471,,,
1735024826540,-0.22206,0.65936,9.85292,0.002101,1.4e-05,0.051156,,,
1735024826560,-0.38622,0.4082,9.95961,0.006949,0.013578,0.05298,,,
1735024826580,0.25306,0.60744,9.96463,-0.004683,-0.005509,0.061409,,,
1735024826600,-0.21694,0.85707,10.08638,-6.4e-05,0.013786,0.047001,,,
1735024826620,-0.0372,0.66394,9.727,0.007039,0.008932,0.058865,,,
1735024826640,-0.07694,0.39982,9.87253,-0.003539,-0.016168,0.040314,,,
1735024826660,-0.04281,0.85687,9.86715,-0.008797,-0.010795,0.042431,,,
1735024826680,-0.15299,0.65235,9.97687,0.027066,0.017654,0.047536,,,
1735024826700,0.14099,0.6431,10.07114,0.005148,-0.004953,0.062002,,,
1735024826720,-0.11879,0.53405,9.76303,-0.002678,-0.02082,0.062492,,,
1735024826740,0.40054,0.44243,10.01294,-0.016975,-0.000823,0.044059,,,
1735024826760,0.02821,0.70679,9.61616,-0.001637,0.00737,0.043077,,,
1735024826780,0.18593,0.82105,9.73888,0.014182,-0.019436,0.046213,,,
1735024826800,0.08031,0.77027,9.97525,0.009796,0.000394,0.059245,,,
1735024826820,0.0045,0.40811,9.94562,0.005693,-0.001261,0.046586,,,
1735024826840,0.29205,0.48857,9.82083,-0.007019,-0.000545,0.063721,,,
1735024826860,0.06149,0.58216,9.93202,0.009316,-0.00067,0.048058,,,
1735024826880,-0.10878,0.34432,10.04264,-0.007087,-0.011591,0.043863,,,
1735024826900,-0.17075,0.79481,9.79708,-0.009767,-0.008058,0.042353,,,
1735024826920,0.16868,0.41405,9.8223,0.00489,0.003682,0.054622,,,
1735024826940,-0.02087,0.27601,9.80748,-0.004965,-0.013208,0.066832,,,
1735024826960,0.18861,0.57232,9.86361,3.8e-05,-0.018898,0.04806,,,
1735024826980,0.13059,0.6117,9.66037,0.011311,0.003493,0.040763,,,
1735024827000,-0.08538,0.56495,9.66242,0.007601,-0.005421,0.05373,,,
1735024827020,0.26761,0.52795,9.64454,1.2e-05,-0.004513,0.049017,,,
1735024827040,-0.13676,0.39591,9.75095,-0.012931,-0.011016,0.080759,,,
1735024827060,0.36345,0.98482,9.76384,-0.010984,0.005547,0.04207,,,
1735024827080,-0.04145,0.48848,9.94408,-0.001064,0.003233,0.04629,,,
1735024827100,-0.02975,0.35639,9.79489,-0.003128,0.004166,0.04766,,,
1735024827120,-0.14913,0.64005,10.02905,-0.001437,0.017823,0.027343,,,
1735024827140,-0.12997,0.58794,9.61006,-0.027382,0.000483,0.042411,,,
1735024827160,-0.1205,0.60702,9.77733,-0.006218,0.006194,0.044503,,,
1735024827180,0.1705,0.81196,9.57261,-0.00875,0.009228,0.039627,,,
1735024827200,-0.08652,0.65197,9.96026,0.011738,-0.001428,0.057768,,,
1735024827220,0.04956,0.87253,9.80813,-0.001349,-0.001971,0.039415,,,
1735024827240,-0.19511,0.22482,10.03055,0.01961,-0.017221,0.060848,,,
1735024827260,0.06025,0.59809,9.90315,-0.001017,0.026512,0.061432,,,
1735024827280,-0.11818,0.46544,10.01685,-0.002655,-0.002166,0.053852,,,
1735024827300,0.00998,0.80175,9.66832,-0.023001,-0.005564,0.044412,,,
1735024827320,-0.09555,0.37881,9.66857,-0.014556,0.009579,0.04148,,,
1735024827340,-0.03444,0.84388,9.75902,0.003744,0.010064,0.058112,,,
1735024827360,-0.08747,0.47203,10.00364,0.001881,-0.007179,0.048835,,,
1735024827380,-0.00778,0.36166,9.88241,0.010445,-0.006557,0.043951,,,
1735024827400,-0.06186,0.59853,10.11254,0.008503,0.001793,0.046222,,,
1735024827420,0.01153,0.60067,9.63542,-0.004278,0.004411,0.041653,,,
1735024827440,-0.19746,0.60476,9.75015,-0.017213,0.011893,0.064117,,,
1735024827460,0.31282,0.5598,9.89559,0.012258,0.005421,0.063868,,,
1735024827480,0.02399,0.55529,9.88034,0.00492,0.006807,0.063269,,,
1735024827500,0.02383,0.59614,9.98677,-0.001494,-0.008207,0.061841,,,
1735024827520,-0.32009,0.79638,9.93684,5e-06,0.011422,0.048346,,,
1735024827540,0.04504,0.4129,9.62488,0.00445,-0.004112,0.040915,,,
1735024827560,0.13922,0.61606,9.71,-0.001632,0.015044,0.063148,,,
1735024827580,0.00784,0.72483,9.72285,0.017993,0.013094,0.048771,,,
1735024827600,0.02996,0.76659,9.95473,0.010082,0.00685,0.055816,,,
1735024827620,-0.23902,0.84778,9.75939,0.00245,-0.000276,0.062882,,,
1735024827640,-0.06349,0.45364,10.0301,0.006968,0.015443,0.051909,,,
1735024827660,0.05105,0.76374,9.6571,-0.01548,-0.008246,0.045969,,,
1735024827680,0.26723,1.01363,9.77858,0.000928,-0.003196,0.049926,,,
1735024827700,0.05132,0.6794,9.75713,-0.001105,-0.006044,0.045038,,,
1735024827720,-0.06004,0.73204,9.88289,-0.00525,0.009712,0.052963,,,
1735024827740,0.14352,0.59979,10.08021,0.013973,0.007263,0.066778,,,
1735024827760,-0.09685,0.88932,9.62634,0.0008,-0.006134,0.033295,,,
1735024827780,-0.19447,0.56304,9.88308,-0.003703,0.00938,0.049083,,,
1735024827800,-0.13887,0.83218,9.99104,-0.00246,-0.016126,0.041457,,,
1735024827820,-0.07754,0.63967,9.98976,0.000716,0.002908,0.056668,,,
1735024827840,-0.17704,0.7971,10.03799,0.005243,0.015479,0.049858,,,
1735024827860,0.00115,0.8338,9.78441,-0.006127,0.017832,0.050815,,,
1735024827880,-0.1205,0.62663,9.4886,0.010453,0.01348,0.039921,,,
1735024827900,-0.10071,0.90701,9.95495,-0.003312,-0.001669,0.056373,,,
1735024827920,0.21308,0.74455,9.89476,-0.00204,0.015433,0.058182,,,
1735024827940,-0.16477,0.56998,10.08033,-0.018169,-0.010588,0.05784,,,
1735024827960,-0.02064,0.45811,9.28448,-0.003314,0.011802,0.042354,,,
1735024827980,-0.17206,0.74451,10.02039,-0.008792,-0.003477,0.03718,,,
1735024828000,-0.00023,0.51607,9.78453,-0.02449,0.009166,0.033905,,,
1735024828020,-0.20242,0.59219,9.50714,-0.01615,-0.00944,0.03397,,,
1735024828040,-0.10595,0.61255,10.06551,0.008696,-0.024594,0.05024,,,
1735024828060,-0.12952,0.69666,9.75856,0.003504,0.006502,0.048462,,,
1735024828080,-0.24812,0.56607,9.90335,0.005689,-0.00187,0.059025,,,
1735024828100,-0.01463,0.4343,9.83597,0.00835,0.013103,0.046504,,,
1735024828120,0.01845,0.5925,9.60755,0.00319,-0.009352,0.053051,,,
1735024828140,-0.10013,0.53945,9.80074,0.000808,0.004951,0.048275,,,
1735024828160,-0.04234,0.68323,9.74695,0.00021,-0.005754,0.051841,,,
1735024828180,0.12351,0.75005,9.93256,0.012126,0.001501,0.062278,,,
1735024828200,-0.04834,0.77941,9.92327,0.016636,0.008335,0.059141,,,
1735024828220,0.04745,0.55287,9.71292,0.008481,-0.012814,0.068001,,,
1735024828240,0.03094,0.72052,9.95549,0.002507,-0.000821,0.030869,,,
1735024828260,0.05338,0.71279,9.58996,0.001919,-0.001036,0.062764,,,
1735024828280,-0.25581,0.54498,9.78044,-0.008642,0.001866,0.03178,,,
1735024828300,-0.34013,0.62435,9.89217,-0.008275,0.003687,0.055399,,,
1735024828320,0.08645,0.63988,9.55382,-0.0,0.001276,0.067367,,,
1735024828340,-0.2247,0.97208,9.79737,-0.010641,-0.002831,0.063543,,,
1735024828360,0.00775,0.5154,9.91321,0.00979,5.7e-05,0.069422,,,
1735024828380,0.31676,0.26521,9.81462,0.018535,0.004987,0.067202,,,
1735024828400,0.08576,0.41153,9.71517,-9.3e-05,0.013361,0.051734,,,
1735024828420,-0.07188,0.54733,9.83828,0.002066,0.022965,0.050973,,,
1735024828440,-0.1858,0.72108,9.85081,0.001749,-0.007144,0.057066,,,
1735024828460,-0.07284,0.54745,9.72169,0.009789,-0.014342,0.05147,,,
1735024828480,-0.03975,0.74028,9.78338,0.009128,-0.007642,0.056682,,,
1735024828500,0.04142,0.64108,10.04471,0.005317,0.002675,0.063342,,,
1735024828520,0.05801,0.59072,9.95535,0.022331,-0.005577,0.0588,,,
1735024828540,0.02041,0.64255,9.52713,-0.00636,-0.008032,0.066709,,,
1735024828560,-0.16783,0.82763,9.66778,-0.001738,-0.004028,0.046798,,,
1735024828580,-0.23381,0.83695,9.97862,0.012044,0.009668,0.06148,,,
1735024828600,0.18619,0.5137,9.89565,0.014537,0.003521,0.05058,,,
1735024828620,-0.13162,0.58866,9.74004,-0.029871,0.004745,0.067612,,,
1735024828640,0.09418,0.65492,9.70127,-0.00238,0.014037,0.038684,,,
1735024828660,0.3398,0.40301,9.93925,-0.006691,-0.004483,0.030833,,,
1735024828680,0.14238,0.69283,9.97132,-0.004951,0.013394,0.054213,,,
1735024828700,-0.0259,0.55388,9.99601,0.00364,0.004236,0.037569,,,
1735024828720,-0.0088,0.47758,9.68907,-0.018532,0.00592,0.05129,,,
1735024828740,0.00068,0.48062,9.83786,-0.00995,-0.000859,0.05868,,,
1735024828760,0.05634,0.71709,9.70869,-0.019417,0.002785,0.041692,,,
1735024828780,-0.04802,0.45168,9.77515,0.006662,-0.003287,0.040118,,,
1735024828800,0.0218,0.66864,9.81313,0.002816,0.012386,0.068995,,,
1735024828820,0.10689,0.57575,9.86431,-0.013877,0.000116,0.070982,,,
1735024828840,-0.00775,0.62661,9.69246,0.011156,-0.002837,0.055415,,,
1735024828860,-0.0523,0.44632,9.78318,-0.010088,-0.006774,0.046649,,,
1735024828880,0.2583,0.72548,9.85728,-0.006291,0.006088,0.051008,,,
1735024828900,0.18329,0.59527,10.06801,-0.002309,0.000904,0.047702,,,
1735024828920,-0.00391,0.48121,9.63783,-0.016624,-0.008409,0.042906,,,
1735024828940,0.04319,0.53161,9.78667,0.01311,0.005933,0.036727,,,
1735024828960,0.06086,0.71865,9.78864,-0.009484,0.003624,0.049802,,,
1735024828980,0.04003,0.71552,9.87296,-0.004924,-0.016142,0.053323,,,
1735024829000,-0.01857,0.60357,9.85882,0.005343,-0.010769,0.0608,,,
1735024829020,0.05257,0.65284,9.8198,0.021892,0.004517,0.05151,,,
1735024829040,-0.23822,0.58786,9.88269,-0.012705,-0.001473,0.05378,,,
1735024829060,0.11785,0.40253,9.78239,-0.002357,4.4e-05,0.056538,,,
1735024829080,0.13164,0.79292,10.19929,0.002206,0.004575,0.051112,,,
1735024829100,-0.01187,0.4925,9.78336,-0.006485,-0.012767,0.053938,,,
1735024829120,-0.0841,0.659,9.76729,0.005046,0.014412,0.057638,,,
1735024829140,-0.0535,0.57312,9.84169,-0.004151,-0.003465,0.063818,,,
1735024829160,0.0429,0.5573,9.83816,-0.001156,-0.005065,0.054856,,,
1735024829180,-0.06013,0.5394,9.91713,-0.006792,0.013894,0.039989,,,
1735024829200,0.06956,0.68766,9.8635,0.002956,0.009044,0.049785,,,
1735024829220,-0.05626,0.57828,10.10866,-0.010411,0.010793,0.044051,,,
1735024829240,0.08056,0.79425,9.62663,-0.008836,0.008703,0.064374,,,
1735024829260,-0.08809,0.89062,9.76928,0.003818,0.012731,0.044963,,,
1735024829280,0.24971,0.51629,9.79561,-0.003869,0.023255,0.052678,,,
1735024829300,0.13029,0.80446,9.74622,0.008999,-0.003143,0.035096,,,
1735024829320,-0.05549,0.63588,9.47457,-0.011902,-0.000775,0.056645,,,
1735024829340,0.09499,0.6252,9.7113,0.0058,-0.01365,0.059441,,,
1735024829360,-0.22842,0.76546,9.6748,0.015582,-0.004264,0.046174,,,
1735024829380,-0.1534,0.71434,9.62918,-0.002597,0.004274,0.043481,,,
1735024829400,-0.13714,0.55184,9.60639,-0.007228,-0.000168,0.036777,,,
1735024829420,0.00106,0.63963,9.83788,-7.1e-05,-0.023471,0.043343,,,
1735024829440,0.04622,0.60325,9.6396,0.015771,0.012381,0.038628,,,
1735024829460,-0.0232,0.70873,10.05226,-0.021283,0.006366,0.048484,,,
1735024829480,0.02389,0.58342,10.05863,0.019482,-0.002777,0.043028,,,
1735024829500,0.38295,0.6923,9.64856,0.011221,-0.00204,0.049019,,,
1735024829520,0.15836,0.36967,9.95045,0.001797,0.003522,0.054267,,,
1735024829540,-0.24942,0.51251,9.8661,0.005128,-0.000672,0.035768,,,
1735024829560,-0.0402,0.50831,9.69441,0.004787,0.003021,0.037243,,,
1735024829580,-0.02,0.71333,9.83813,-0.001736,8.4e-05,0.04053,,,
1735024829600,0.28298,0.64767,9.67934,-0.018482,-0.017732,0.046082,,,
1735024829620,0.15473,0.54218,9.77022,-0.010158,0.014864,0.074773,,,
1735024829640,-0.41047,0.57253,9.88313,0.004883,-0.005153,0.047579,,,
1735024829660,0.10049,0.85541,9.54175,-0.006989,0.004566,0.042087,,,
1735024829680,-0.08312,0.82656,9.852,-0.005309,0.004744,0.038738,,,
1735024829700,0.02445,0.69588,9.99005,0.006385,0.001361,0.050401,,,
1735024829720,-0.03765,0.81184,9.99546,0.00538,0.000352,0.043767,,,
1735024829740,-0.20276,0.56005,9.92634,0.001599,0.012761,0.050475,,,
1735024829760,-0.24412,0.52497,9.93504,0.002461,0.001224,0.051906,,,
1735024829780,-0.07589,0.72409,9.73078,0.003932,0.000186,0.036277,,,
1735024829800,0.23048,0.59011,9.93559,0.005875,-0.000248,0.047752,,,
1735024829820,0.03025,0.54827,9.68434,-0.00511,-0.016741,0.042266,,,
1735024829840,-0.02145,0.71159,9.50625,0.00478,0.013264,0.061167,,,
1735024829860,0.20357,0.44749,9.66466,-0.014108,0.013654,0.074191,,,
1735024829880,-0.24103,0.60355,9.60901,-0.018787,-0.009531,0.067088,,,
1735024829900,-0.07524,0.7485,9.90837,-0.008351,0.013339,0.041421,,,
1735024829920,-0.07812,0.69493,9.76445,-0.002524,0.008091,0.063857,,,
1735024829940,-0.27108,0.63254,9.99943,0.015788,-0.025204,0.044669,,,
1735024829960,0.01258,0.5655,9.91806,0.004837,0.005433,0.049971,,,
1735024829980,-0.02681,0.76831,9.88983,0.003342,0.001061,0.044709,,,
1735024830000,-0.11374,0.64761,9.96535,-0.010143,0.003268,0.056333,,,
1735024830020,-0.03872,0.61047,9.90606,-0.00784,0.0139,0.034898,,,
1735024830040,0.09882,0.73221,10.01749,-0.0204,-0.010618,0.063155,,,
1735024830060,-0.11706,0.62395,9.97122,-0.010676,-0.010437,0.042483,,,
1735024830080,-0.00632,0.51609,9.8182,-0.001139,0.004999,0.04575,,,
1735024830100,0.08258,0.75526,9.94334,0.004388,-0.004307,0.0534,,,
1735024830120,-0.21022,0.67409,9.94578,-0.006566,0.013921,0.06069,,,
1735024830140,0.29463,0.46017,9.82143,-0.006627,-0.004147,0.06005,,,
1735024830160,0.17309,0.62444,9.75963,-0.010865,-0.000496,0.05511,,,
1735024830180,0.09435,0.76855,9.72614,-0.006777,0.013295,0.055011,,,
1735024830200,-0.25715,0.86894,9.70746,0.008107,-0.003288,0.052914,,,
1735024830220,0.25023,0.35512,9.76184,-0.007252,-0.00275,0.049214,,,
1735024830240,0.13862,0.69276,9.7392,0.015061,0.008422,0.043536,,,
1735024830260,-0.05624,0.52657,9.84203,-0.003852,0.007457,0.047058,,,
1735024830280,0.00179,0.5384,9.71868,0.00846,-0.015099,0.054703,,,
1735024830300,0.1233,0.82449,9.66908,0.01216,-0.001084,0.053266,,,
1735024830320,0.04173,0.4304,10.00665,0.006974,-0.006579,0.046448,,,
1735024830340,0.35343,0.59797,9.79897,-0.016321,-0.002318,0.05758,,,
1735024830360,-0.0819,0.65008,9.85847,-0.003698,0.010032,0.050445,,,
1735024830380,-0.01277,0.62665,9.54001,0.005779,0.007689,0.060119,,,
1735024830400,0.06668,0.61536,9.89169,0.027263,-0.011021,0.058403,,,
1735024830420,0.07348,0.75455,9.59606,0.020136,0.012909,0.050044,,,
1735024830440,0.2739,0.65312,10.12793,0.002164,-0.020114,0.052096,,,
1735024830460,-0.06795,0.4222,9.66167,0.002806,-0.00749,0.062374,,,
1735024830480,-0.25261,0.59128,9.88059,0.004065,-0.005619,0.055074,,,
1735024830500,-0.15528,0.52295,9.59689,0.013082,-0.00404,0.042422,,,
1735024830520,-0.0433,0.83255,10.07371,-0.008939,0.018101,0.051832,,,
1735024830540,0.17264,0.76018,9.69499,-0.006868,-0.016688,0.052737,,,
1735024830560,0.06169,0.59797,9.62417,0.004539,0.008101,0.054045,,,
1735024830580,-0.09355,0.67926,9.66899,0.002755,0.003777,0.062969,,,
1735024830600,0.27878,0.90515,9.94277,-0.005308,0.006679,0.038262,,,
1735024830620,-0.00103,0.60981,9.73464,0.005046,-0.004312,0.07248,,,
1735024830640,-0.02606,0.91356,9.85344,-0.009937,0.001139,0.073798,,,
1735024830660,-0.02281,0.64189,9.89288,0.007955,0.007537,0.035443,,,
1735024830680,-0.10966,0.5487,10.26594,-0.007976,0.001382,0.07927,,,
1735024830700,0.07605,0.83018,9.93776,-0.015833,-0.004637,0.049892,,,
1735024830720,-0.27054,0.31645,9.95981,0.019217,-0.010662,0.051198,,,
1735024830740,0.21854,0.78621,9.59814,-0.000378,0.004113,0.03356,,,
1735024830760,-0.08114,0.54478,9.46443,-0.007953,0.001268,0.0566,,,
1735024830780,-0.19509,0.70924,9.78032,-0.001314,-0.005929,0.030646,,,
1735024830800,0.12959,0.69827,9.80618,-0.005283,-0.013537,0.056412,,,
1735024830820,-0.06977,0.71472,9.91088,-0.005023,-0.007317,0.050704,,,
1735024830840,0.04941,0.36957,9.83812,-0.014554,-0.003652,0.075452,,,
1735024830860,-0.14895,0.47474,9.74844,-0.002234,-0.01302,0.055779,,,
1735024830880,0.09558,0.70448,9.8622,-0.002713,-0.009465,0.052702,,,
1735024830900,0.07868,0.50139,9.77844,0.000119,0.022641,0.063642,,,
1735024830920,0.20294,0.73384,9.71784,0.006124,0.015248,0.042454,,,
1735024830940,0.00914,0.64769,9.89412,0.011666,-0.001981,0.05079,,,
1735024830960,0.47236,0.55629,9.60409,0.001392,-0.005624,0.050669,,,
1735024830980,-0.01788,0.28597,9.82291,0.002293,0.011849,0.054087,,,
1735024831000,0.17345,0.8746,9.88878,0.004618,-0.003298,0.058585,,,
1735024831020,-0.04957,0.27614,9.79104,0.011393,0.008861,0.049678,,,
1735024831040,-0.11875,0.5885,9.8047,-0.011698,-0.010075,0.051557,,,
1735024831060,0.03237,0.71491,9.68925,-0.019283,-0.001939,0.062159,,,
1735024831080,-0.2213,0.49997,9.70937,0.016464,0.011083,0.049046,,,
1735024831100,0.11672,0.52259,9.80494,-0.018394,-0.009794,0.04282,,,
1735024831120,-0.17528,0.71173,9.66087,0.010073,0.005564,0.054737,,,
1735024831140,0.17549,0.66611,9.70314,-0.004327,0.00667,0.039605,,,
1735024831160,0.13645,0.59795,9.90281,0.001178,-0.007801,0.068238,,,
1735024831180,-0.03649,0.67373,9.73015,-0.008043,0.000942,0.04734,,,
1735024831200,-0.00928,0.6485,9.73018,0.009845,0.006002,0.031817,,,
1735024831220,-0.13709,0.5724,9.66268,-0.007307,0.006442,0.057224,,,
1735024831240,-0.24218,0.43328,9.84768,-0.00304,0.008175,0.045824,,,
1735024831260,0.00511,0.49724,9.76761,0.005994,0.003822,0.041248,,,
1735024831280,0.15658,0.61872,9.87536,0.004308,-0.004563,0.061061,,,
1735024831300,-0.10898,0.57156,9.62702,-0.015457,0.021966,0.050694,,,
1735024831320,-0.0617,0.90961,9.54863,0.012195,0.002459,0.050968,,,
1735024831340,-0.03495,0.5834,10.03334,0.010135,-0.00134,0.044459,,,
1735024831360,0.00352,0.47666,9.68807,-0.00301,-0.00761,0.045875,,,
1735024831380,-0.05452,0.47241,10.0378,-0.021273,0.006995,0.059047,,,
1735024831400,-0.02698,0.60362,9.83071,0.000428,0.006973,0.057778,,,
1735024831420,-0.06131,0.48004,9.85697,0.005712,0.007842,0.046832,,,
1735024831440,0.37134,0.36866,10.08637,-0.008096,-0.001067,0.069859,,,
1735024831460,0.27909,0.86159,9.92945,0.00406,-0.013894,0.040455,,,
1735024831480,-0.01144,0.71927,9.91805,0.008462,0.013956,0.066544,,,
1735024831500,0.00598,0.31463,9.96135,-0.0022,-0.004826,0.054037,,,
1735024831520,-0.19405,0.59434,9.59282,-0.023222,-0.007074,0.066936,,,
1735024831540,0.01776,0.74436,9.79214,0.003983,-0.018953,0.04506,,,
1735024831560,-0.13171,0.42226,9.82654,0.003877,0.003471,0.051738,,,
1735024831580,0.10433,0.63694,9.85039,-0.005864,0.005418,0.056537,,,
1735024831600,-0.15479,0.52937,9.96975,-0.01313,-0.004167,0.062542,,,
1735024831620,0.10084,0.77471,9.90043,-0.00361,-0.017795,0.072894,,,
1735024831640,0.12148,0.49542,9.82815,-0.006338,-0.001042,0.058258,,,
1735024831660,-0.10644,0.91191,9.75954,-0.004533,0.011778,0.040758,,,
1735024831680,0.01884,0.94562,9.82392,0.002222,-0.005772,0.043021,,,
1735024831700,-0.03353,0.9698,9.94769,0.005356,0.006905,0.061942,,,
1735024831720,-0.04952,0.62585,9.80037,0.004492,-0.009652,0.039314,,,
1735024831740,-0.11065,0.68683,9.64507,0.007708,-0.011465,0.050205,,,
1735024831760,-0.20733,0.72026,9.58019,-0.020099,0.000628,0.055604,,,
1735024831780,0.11506,0.65456,9.87339,0.001856,0.00205,0.066123,,,
1735024831800,-0.03188,0.48214,10.00629,0.009672,0.005745,0.046932,,,
1735024831820,0.07233,0.88148,9.73883,0.006739,-0.013382,0.043103,,,
1735024831840,0.14723,0.72735,9.75772,-0.010835,-0.007419,0.072836,,,
1735024831860,0.00932,0.75849,9.89756,0.002723,0.004472,0.049105,,,
1735024831880,0.16964,0.64192,9.76274,0.0054,-0.000347,0.056347,,,
1735024831900,-0.12642,0.36313,9.48078,-0.014716,-0.010032,0.046583,,,
1735024831920,0.00113,0.70051,9.89148,-0.011748,0.01896,0.051216,,,
1735024831940,-0.08963,0.61397,9.8503,0.003536,-0.005491,0.067733,,,
1735024831960,-0.23365,0.70001,9.92547,-0.000494,-0.009484,0.053167,,,
1735024831980,0.13938,0.64022,9.7317,-0.020414,0.003027,0.032873,,,
1735024832000,0.16493,0.51189,9.98331,0.009901,-0.000279,0.050332,,,
1735024832020,0.29279,0.58878,9.7653,-0.004655,-0.007485,0.052462,,,
1735024832040,-0.02279,0.2252,9.65277,0.012765,0.008601,0.075714,,,
1735024832060,-0.25044,0.33045,9.97199,-0.010512,0.008805,0.045897,,,
1735024832080,0.17726,0.58079,9.78828,0.015007,0.007594,0.045915,,,
1735024832100,-0.41609,0.86637,9.79417,0.002698,-0.009098,0.051206,,,
1735024832119,-0.12168,0.52457,9.43178,0.007321,0.002169,0.044401,,,
1735024832140,0.1731,0.5947,9.74375,-0.0103,0.0153,0.073483,,,
1735024832160,-0.1579,0.47279,9.76909,0.007783,0.000546,0.050673,,,
1735024832180,0.11833,0.65946,9.76865,-0.001825,-0.003645,0.062322,,,
1735024832200,-0.00287,0.62378,9.80875,0.009285,-0.004107,0.071723,,,
1735024832220,-0.13024,0.40706,9.84574,0.003508,-0.004295,0.085248,,,
1735024832240,0.06537,0.81627,9.90216,0.003414,-0.009226,0.05393,,,
1735024832259,0.08074,0.43061,9.46381,0.012208,0.006349,0.05686,,,
1735024832280,-0.04155,0.75087,9.60188,-0.005891,-0.005779,0.06416,,,
1735024832299,-0.04071,0.5369,9.93548,0.009572,-0.001334,0.056374,,,
1735024832320,-0.19279,0.54248,9.67033,-0.002758,0.007622,0.044826,,,
1735024832340,0.10435,0.75224,9.67429,0.021551,-0.002617,0.041428,,,
1735024832360,-0.14079,0.6971,9.77996,0.001266,-0.02343,0.043269,,,
1735024832380,-0.22143,0.74839,9.71462,-0.00562,0.000553,0.064329,,,
1735024832400,0.13088,0.76299,9.69546,-0.003337,0.000335,0.042379,,,
1735024832420,-0.01344,0.63771,9.91808,-0.019074,-0.003239,0.053187,,,
1735024832439,0.26582,0.72344,9.7305,-0.007283,0.006782,0.05712,,,
1735024832460,-0.13366,0.64395,10.03858,0.006129,-0.007499,0.037776,,,
1735024832480,0.09604,0.66155,9.96203,0.012924,-0.00711,0.05257,,,
1735024832500,-0.13206,0.36638,9.76931,0.008192,0.001135,0.052282,,,
1735024832520,-0.22785,0.64992,9.81095,5.6e-05,-0.004037,0.049277,,,
1735024832540,0.0832,0.6863,9.53019,0.003106,-0.003175,0.05353,,,
1735024832560,0.11015,0.73414,10.08627,-0.00201,0.006855,0.041812,,,
1735024832580,0.09876,0.42409,9.9418,-0.010715,-0.012955,0.058224,,,
1735024832600,0.11037,0.88253,9.75958,-0.005114,-0.000658,0.039798,,,
1735024832619,-0.12276,0.64685,9.62217,-0.021965,-0.014829,0.053016,,,
1735024832640,-0.17987,0.77487,9.93169,0.006486,-0.002121,0.053444,,,
1735024832660,-0.18634,0.67982,9.93708,0.000588,-0.012953,0.035638,,,
1735024832680,-0.0323,0.59803,10.13107,-0.014146,-0.0157,0.055569,,,
1735024832700,-0.07141,1.04673,9.62505,0.015341,-0.009261,0.052173,,,
1735024832720,-0.04055,0.48463,10.01229,0.005613,-0.009519,0.065143,,,
1735024832740,-0.12649,0.82961,9.83769,-0.007863,0.000672,0.043891,,,
1735024832759,-0.26252,0.83479,9.72073,-0.007686,-0.014438,0.05495,,,
1735024832780,-0.30509,0.47035,9.8391,-0.012054,0.006082,0.05879,,,
1735024832800,0.13329,0.58977,9.69715,-0.006843,0.018775,0.057805,,,
1735024832820,0.03651,0.6852,10.08487,0.014441,-0.016707,0.054854,,,
1735024832840,0.27087,0.59639,9.79801,-0.007305,0.004998,0.048719,,,
1735024832860,0.19655,0.4708,9.76204,0.001756,-0.003762,0.049172,,,
1735024832880,0.03334,0.58043,9.82717,-0.01361,0.012232,0.033265,,,
1735024832900,-0.10046,0.83783,9.48665,0.020856,-0.005971,0.049375,,,
1735024832920,-0.00252,0.78921,9.7874,0.006531,0.009621,0.06797,,,
1735024832940,0.03533,0.53687,9.62623,-0.006948,-0.0033,0.046475,,,
1735024832960,0.11683,0.33329,9.71242,0.007908,-0.003701,0.051245,,,
1735024832980,0.09597,0.85127,9.9923,-0.007607,-0.018895,0.052814,,,
1735024833000,-0.15362,0.55559,9.68538,0.011122,-0.005081,0.050396,,,
1735024833020,0.14453,0.6932,9.76905,0.002692,0.015401,0.060594,,,
1735024833040,-0.02242,0.70004,9.83477,0.013464,-0.003467,0.058581,,,
1735024833060,0.31572,0.50473,9.80797,0.015588,0.018438,0.060748,,,
1735024833080,0.05796,0.61655,9.54849,-0.008932,0.010711,0.047468,,,
1735024833100,-0.0413,0.65863,9.78645,-0.004587,-0.021962,0.05641,,,
1735024833120,-0.00303,0.6652,9.74872,0.006616,-0.008618,0.067028,,,
1735024833140,0.12099,0.77325,9.77554,-0.022596,-0.010631,0.034805,,,
1735024833160,0.00527,0.68645,10.11778,-0.006953,-0.004948,0.036061,,,
1735024833180,0.41209,0.72142,10.0026,-0.00418,-0.003118,0.049699,,,
1735024833200,-0.34432,0.51302,9.80437,0.002896,0.011607,0.055,,,
1735024833220,-0.09343,0.49915,9.71379,0.018387,0.002049,0.051989,,,
1735024833240,0.24307,0.71644,9.87973,-0.011454,0.00967,0.040715,,,
1735024833260,-0.01442,0.43865,10.05194,0.005482,-0.003562,0.042378,,,
1735024833280,-0.07319,0.66456,9.51408,0.008106,0.009517,0.051311,,,
1735024833300,0.05571,0.77902,9.91186,0.002587,-0.006094,0.048566,,,
1735024833320,-0.00498,0.31427,9.86209,-0.012483,0.00173,0.052261,,,
1735024833340,-0.05173,0.35872,9.87921,0.00241,0.001263,0.05507,,,
1735024833360,-0.1283,0.80568,9.81451,0.008312,-0.008969,0.0453,,,
1735024833380,0.0431,0.67002,9.80977,0.012526,-0.016294,0.052879,,,
1735024833400,-0.20741,0.88902,9.854,0.015529,0.016242,0.046097,,,
1735024833420,-0.05788,0.83894,9.69331,-0.001325,-0.003814,0.041159,,,
1735024833440,0.30383,0.73555,9.75227,-0.013405,-0.001255,0.058989,,,
1735024833460,0.26669,0.93912,9.84012,0.016336,0.002355,0.06172,,,
1735024833480,0.03362,0.55243,10.04,-0.002142,-0.006469,0.043467,,,
1735024833500,0.13283,0.7443,9.92835,0.001699,-0.013991,0.064824,,,
1735024833520,0.10465,0.68976,9.67465,-0.007441,0.006413,0.044877,,,
1735024833540,0.09787,0.65636,9.8738,0.009732,0.008077,0.055112,,,
1735024833560,-0.13399,0.59252,10.01276,0.002227,0.017719,0.038287,,,
1735024833580,0.22853,0.4781,9.59771,-0.009102,-0.010168,0.068175,,,
1735024833600,-0.14504,0.69208,9.77816,-0.016168,0.004503,0.054049,,,
1735024833620,-0.18292,0.78334,9.68028,-0.017785,0.010323,0.04812,,,
1735024833640,-0.17454,0.54267,9.72128,-0.000706,-0.012154,0.063589,,,
1735024833660,0.071,0.59195,10.07772,0.001708,0.00403,0.051078,,,
1735024833680,8e-05,0.81599,9.73145,0.008541,-0.007086,0.046069,,,
1735024833700,-0.14145,0.4078,9.88588,-0.012716,0.009207,0.061487,,,
1735024833720,-0.05072,0.7344,9.88234,0.010049,-0.010419,0.056492,,,
1735024833740,0.16767,0.59182,9.86873,-0.005814,0.022056,0.060866,,,
1735024833760,-0.03406,0.83142,9.78863,0.003348,0.007276,0.067772,,,
1735024833780,-0.04946,0.92671,9.95753,0.010114,0.008371,0.063422,,,
1735024833800,0.0704,0.65099,10.03119,0.003639,0.008431,0.042242,,,
1735024833820,0.23022,0.69045,10.03039,0.005904,-0.000439,0.060063,,,
1735024833840,-0.12878,0.36169,9.66563,0.012679,-0.007486,0.046879,,,
1735024833860,0.1436,0.70433,9.69994,-0.00051,-0.004417,0.060923,,,
1735024833880,0.06861,0.4887,9.6175,-0.015892,0.005534,0.05932,,,
1735024833900,0.03218,0.49671,9.62737,0.007928,-0.026491,0.057295,,,
1735024833920,-0.0639,0.56684,10.1427,0.006385,0.001935,0.051164,,,
1735024833940,-0.21103,0.45588,9.54923,-0.001181,-0.013181,0.051682,,,
1735024833960,-0.05813,0.71496,9.82876,-0.00225,-0.001456,0.042673,,,
1735024833980,0.06063,0.62749,10.1206,0.010932,0.001882,0.064043,,,
1735024834000,-0.16879,0.54307,9.5978,0.008001,0.00705,0.042342,,,
1735024834020,0.16083,0.68218,9.65012,-0.00165,-0.002286,0.071237,,,
1735024834040,-0.02999,0.73644,9.82115,0.017069,-0.007136,0.060772,,,
1735024834060,-0.00085,0.55404,9.8237,0.016221,0.006919,0.045881,,,
1735024834080,-0.10644,0.77105,9.99768,-0.007438,-0.008617,0.045657,,,
1735024834100,-0.16994,0.72335,9.84601,-0.004583,-0.016828,0.048307,,,
1735024834120,-0.1663,0.73738,9.88529,0.005925,-0.001994,0.060807,,,
1735024834140,0.1367,0.70516,10.00541,-0.001376,-0.011573,0.03962,,,
1735024834160,0.24801,0.44783,9.88575,0.000494,-0.001068,0.065033,,,
1735024834180,0.22377,0.52324,9.83768,0.001878,-0.013907,0.058753,,,
1735024834200,0.07978,0.62327,10.03516,-0.016626,0.007712,0.047066,,,
1735024834220,-0.15646,0.73855,9.79213,-0.004892,0.017094,0.039513,,,
1735024834240,-0.17434,0.5154,9.85561,-0.000112,-0.000661,0.043019,,,
1735024834260,-0.14595,0.67686,9.53941,0.005892,-0.002783,0.063402,,,
1735024834280,0.06333,0.6998,9.84344,-0.022164,0.003856,0.050738,,,
1735024834300,0.15951,0.50555,9.66146,0.010562,-0.007804,0.059746,,,
1735024834320,-0.19948,0.61744,9.87369,-0.001536,-0.002678,0.061093,,,
1735024834340,-0.2944,0.50282,9.55644,-0.009269,-0.007909,0.056285,,,
1735024834360,-0.03928,0.71376,9.98107,0.014364,-0.002903,0.022405,,,
1735024834380,0.04439,0.80432,9.6253,-0.006287,0.00664,0.05715,,,
1735024834400,0.08822,0.70966,9.52052,0.007793,-0.005351,0.074058,,,
1735024834420,0.2504,0.61068,10.00774,-0.006768,0.004306,0.057633,,,
1735024834440,0.13316,0.41493,10.12892,0.00369,0.012065,0.049251,,,
1735024834460,0.00526,0.61179,9.82699,-0.001985,0.006921,0.075183,,,
1735024834480,-0.21952,0.52305,9.52957,-0.002469,-0.001343,0.056988,,,
1735024834500,-0.07846,0.34963,9.66003,0.003642,-0.001638,0.072287,,,
1735024834520,0.24307,0.61774,9.91428,0.006243,0.015611,0.060823,,,
1735024834540,-0.01893,0.49614,9.68954,-0.000356,-0.008175,0.043585,,,
1735024834560,0.03974,0.39673,9.67488,0.020885,-0.021207,0.061795,,,
1735024834580,0.03594,0.50223,9.92991,-0.01235,0.001935,0.050486,,,
1735024834600,-0.01259,0.61412,9.90508,0.007363,0.014015,0.047131,,,
1735024834620,-0.00824,0.71388,9.9053,-0.014972,-0.001353,0.058875,,,
1735024834640,0.26176,0.36939,9.96562,-0.013007,0.003731,0.052435,,,
1735024834660,-0.09591,0.59191,9.87814,0.009364,-0.000803,0.06211,,,
1735024834680,-0.18473,0.52079,9.59166,0.001447,0.003594,0.060005,,,
1735024834700,0.01415,0.7522,9.54341,0.001673,-0.007325,0.058251,,,
1735024834720,-0.06711,0.63639,10.04546,0.013384,0.000256,0.044134,,,
1735024834740,0.13063,0.60286,9.77108,-0.004229,-0.00855,0.054286,,,
1735024834760,0.17527,0.78,9.73758,-0.016548,-0.01798,0.054203,,,
1735024834780,-0.15423,0.63883,9.82181,0.008255,-0.020979,0.051372,,,
1735024834800,0.01088,0.57631,9.82595,-0.007715,-0.004108,0.061439,,,
1735024834820,-0.14134,0.68228,9.91104,-0.004136,-0.001245,0.043332,,,
1735024834840,0.05378,0.51123,9.64501,0.006999,0.003403,0.058243,,,
1735024834860,-0.25735,0.37004,9.70842,-0.005843,-0.001585,0.051131,,,
1735024834880,-0.0469,0.36229,10.00762,0.00839,0.014535,0.043419,,,
1735024834900,-0.20684,0.55693,9.66874,-0.001109,0.00186,0.0579,,,
1735024834920,-0.28985,0.56219,9.84492,0.017826,0.007597,0.047582,,,
1735024834940,0.05228,0.86653,9.84781,-0.000998,0.023558,0.05534,,,
1735024834960,0.12082,0.71906,9.72274,0.000554,-0.002297,0.059215,,,
1735024834980,0.01587,0.51637,9.79916,0.005087,0.003099,0.038098,,,
1735024835000,0.16732,0.18087,9.80208,0.00418,0.014309,0.007166,,,
1735024835020,0.01208,-0.15495,10.09129,0.001742,-0.004538,-0.003514,,,
1735024835040,-0.02359,-0.26502,9.88019,0.012815,-0.003369,0.008178,,,
1735024835060,-0.03257,-0.00253,9.7948,0.006654,-0.001308,0.014551,,,
1735024835080,-0.12246,0.02225,10.13654,0.01441,-0.010659,-0.004297,,,
1735024835100,0.15486,-0.1015,9.81095,0.001862,-0.010001,0.000186,,,
1735024835120,-0.13149,0.13528,9.89305,0.004482,0.009942,-0.001562,,,
1735024835140,0.01616,0.14324,9.61148,-0.005546,-0.009019,0.015826,,,
1735024835160,0.06639,-0.01017,9.9558,0.017486,-0.007569,0.000485,,,
1735024835180,0.13103,0.16111,9.57296,0.002654,-0.006645,-0.002957,,,
1735024835200,0.01248,-0.11363,9.7587,0.008412,0.005149,0.007145,,,
1735024835220,-0.14051,-0.06113,10.03956,0.000536,0.000563,-0.017786,,,
1735024835240,-0.12468,-0.03672,9.73365,-0.007195,-0.003072,-0.011621,,,
1735024835260,0.29707,-0.36535,9.87162,0.002307,-0.003043,-0.009218,,,
1735024835280,0.00386,-0.08913,9.80895,-0.006029,-0.024702,0.010214,,,
1735024835300,0.15288,0.03829,9.93921,0.015839,-0.016573,0.001336,,,
1735024835320,-0.14489,-0.04416,9.76356,0.010236,-0.006195,0.02172,,,
1735024835340,-0.08107,-0.16337,9.7016,-0.006379,-0.003241,-0.004474,,,
1735024835360,-0.10037,-0.01477,9.63087,-0.010396,-0.007551,-0.000924,,,
1735024835380,-0.34238,0.08133,10.02469,-0.007059,0.003235,-0.004315,,,
1735024835400,-0.2788,-0.04304,9.96535,0.00064,0.002183,0.003019,,,
1735024835420,0.12833,-0.0187,9.89811,0.014225,-0.008716,-0.002106,,,
1735024835440,0.15641,0.06319,9.88727,0.007731,-0.00667,-0.0026,,,
1735024835460,-0.23732,-0.249,9.76722,0.018321,0.008956,-0.009769,,,
1735024835480,-0.07205,0.1972,9.71557,0.004379,-0.014191,-0.003741,,,
1735024835500,0.07624,0.04035,9.79526,-0.008046,-0.000377,0.004631,,,
1735024835520,0.05794,-0.19097,9.82352,-0.008907,0.001844,-0.013266,,,
1735024835540,-0.04636,0.26823,9.96395,-0.010747,-0.005983,0.001009,,,
1735024835560,0.09383,-0.44102,10.03719,0.009791,0.003634,0.004777,,,
1735024835580,0.09352,-0.09397,9.84899,-0.001991,-0.010734,-0.000791,,,
1735024835600,-0.06808,-0.11486,9.73507,-1.2e-05,-0.009047,-0.003591,,,
1735024835620,-0.12801,0.1121,9.74104,0.011247,-0.020343,-0.003971,,,
1735024835640,0.20475,-0.31303,10.07758,-0.00636,-0.004603,-0.018579,,,
1735024835660,-0.16167,-0.06458,9.86529,-0.014754,-0.009993,-0.003805,,,
1735024835680,-0.01964,0.0277,9.69833,0.008371,-0.007776,-0.014152,,,
1735024835700,0.04335,0.1872,10.16516,-0.000312,-0.004644,0.004228,,,
1735024835720,-0.00033,-0.02197,9.63871,0.004349,0.008616,0.000304,,,
1735024835740,0.11948,0.08022,9.802,0.022557,-0.002046,-0.001624,,,
1735024835760,-0.02673,0.16912,10.03257,0.004202,-0.000267,0.014009,,,
1735024835780,0.27471,-0.05037,10.03434,-0.01736,0.014142,-0.000246,,,
1735024835800,-0.16958,0.01035,9.98669,-0.011789,0.000985,-0.002611,,,
1735024835820,0.31277,0.0573,9.94993,0.013397,0.003659,-0.003852,,,
1735024835840,-0.2538,0.14041,10.01057,0.004914,0.004186,0.001729,,,
1735024835860,-0.41309,-0.11744,9.88111,0.012958,0.018952,0.001993,,,
1735024835880,0.07573,-0.10671,9.72756,-0.021026,-0.020542,-0.012473,,,
1735024835900,-0.35451,-0.03653,9.57527,0.0109,-0.001773,-0.003208,,,
1735024835920,0.0804,-0.15768,9.80172,-0.004152,-0.007526,0.002796,,,
1735024835940,0.05641,0.16883,9.92569,0.014671,0.000421,-0.000684,,,
1735024835960,-0.02074,0.13785,9.70435,0.010878,-0.004279,-0.012195,,,
1735024835980,-0.07257,0.01718,10.01436,0.008714,0.005261,0.012297,,,
1735024836000,0.25003,-0.05463,9.83532,-0.006798,-0.002903,0.00292,,,
1735024836020,-0.01817,-0.11144,9.92216,-0.012235,0.005304,-0.003779,,,
1735024836040,0.00293,-0.08,10.03163,0.005145,0.002405,0.004948,,,
1735024836060,-0.04297,0.09838,9.9277,0.019197,0.003696,0.007499,,,
1735024836080,-0.03805,-0.11126,9.61317,0.000835,-0.00834,0.011653,,,
1735024836100,-0.20131,0.06587,9.83016,-0.002383,0.00501,-0.008506,,,
1735024836120,-0.10026,-0.02437,9.76903,-0.008818,0.006661,-0.016548,,,
1735024836140,0.06147,0.22439,9.52777,-0.000445,0.001198,-0.004194,,,
1735024836160,0.01699,-0.11468,9.77286,0.00051,0.010975,0.009712,,,
1735024836180,0.03202,0.07584,9.68625,-0.005007,-0.009592,0.009248,,,
1735024836200,0.22792,0.04922,9.60211,-0.014661,0.010448,0.000519,,,
1735024836220,-0.10999,0.18674,10.07802,0.013017,-0.003884,0.010522,,,
1735024836240,0.01228,0.02896,9.87022,-0.010286,-0.009491,-0.004909,,,
1735024836260,-0.22931,0.16808,9.80765,0.009665,-0.007903,0.012827,,,
1735024836280,-0.12362,0.37905,9.99276,-0.011817,0.009659,-0.006938,,,
1735024836300,-0.22749,0.12324,9.9555,-0.002886,0.01179,0.002138,,,
1735024836320,0.27646,-0.14671,10.16035,-0.005184,0.008527,0.025406,,,
1735024836340,0.00092,-0.07912,9.62015,0.021981,0.008453,-0.001595,,,
1735024836360,0.02677,-0.26841,9.72283,0.001542,0.005649,3e-05,,,
1735024836380,0.09419,-0.08521,9.90636,0.003552,0.001257,0.004162,,,
1735024836400,0.00754,0.22778,9.89214,-0.007986,-0.009101,0.001304,,,
1735024836420,-0.22472,0.0417,9.70519,-0.020956,-0.009251,-0.016444,,,
1735024836440,-0.06914,-0.24498,9.87484,0.00297,0.000438,-0.005336,,,
1735024836460,0.04668,-0.31711,9.91312,-0.014659,-0.008904,0.004566,,,
1735024836480,0.15634,0.07556,9.79802,-0.013265,0.002423,0.013479,,,
1735024836500,0.01611,-0.14307,9.66059,0.015728,-0.012823,-0.010685,,,
1735024836520,0.18568,-0.11046,9.8726,0.004922,0.002579,0.010377,,,
1735024836540,-0.11663,0.18483,9.70028,0.003686,-0.014059,0.012113,,,
1735024836560,0.3694,0.08215,9.73098,0.002822,-0.007819,-0.017271,,,
1735024836580,-0.06079,0.01362,9.78288,-0.004256,0.011714,-0.013721,,,
1735024836600,0.13111,0.01009,9.6783,-0.004451,-0.011075,0.003241,,,
1735024836620,0.14724,-0.03788,9.82705,-0.00842,-0.00077,0.01416,,,
1735024836640,-0.21486,-0.16373,9.67212,0.002969,-0.008909,0.001495,,,
1735024836660,-0.13947,-0.0312,9.90324,-0.027409,-0.009641,-0.001947,,,
1735024836680,-0.03901,-0.07624,9.62789,0.019919,-0.005599,-0.003561,,,
1735024836700,0.09305,-0.22331,9.76456,0.00088,-0.001008,0.00499,,,
1735024836720,-0.14317,0.00935,9.98525,-0.009769,-0.000133,0.009073,,,
1735024836740,-0.07931,0.26584,9.71924,-0.001665,-0.00117,0.001472,,,
1735024836760,-0.09637,0.19023,9.69375,-0.005323,0.015951,0.003736,,,
1735024836780,0.00054,0.06285,10.01022,0.009019,-0.007127,-0.007875,,,
1735024836800,-0.06195,0.39601,9.76803,-0.006938,0.008678,-0.016881,,,
1735024836820,-0.01983,-0.18158,9.75217,0.001031,-0.003928,0.004039,,,
1735024836840,0.21152,-0.03099,9.91854,-0.006623,0.00402,-0.000501,,,
1735024836860,0.22402,-0.10985,9.78179,0.000995,0.007334,-0.002365,,,
1735024836880,-0.17801,-0.25463,9.89299,-0.009112,0.004854,0.004357,,,
1735024836900,-0.00879,0.1272,9.51676,-0.001729,0.000703,0.017898,,,
1735024836920,-0.11946,0.12061,9.82082,-0.010694,-0.000341,-0.017354,,,
1735024836940,-0.03758,0.22062,9.54957,-0.013401,-0.003479,-0.007182,,,
1735024836960,-0.02434,0.01606,9.7421,0.002703,-0.001446,0.013443,,,
1735024836980,0.12977,-0.0198,9.81513,0.001879,-0.00164,0.003237,,,
1735024837000,-0.05573,0.23003,9.90288,-0.011788,-0.005914,-0.006689,,,
1735024837020,-0.26512,0.22203,9.94646,0.00072,-0.006171,0.008914,,,
1735024837040,-0.24008,0.05852,9.8668,0.014998,-0.003575,-0.006803,,,
1735024837060,0.28736,0.05907,10.01758,-0.002846,-0.008529,-0.003459,,,
1735024837080,0.11446,0.41892,9.72516,0.006085,-0.00598,0.013738,,,
1735024837100,0.20644,0.03879,9.87977,0.008064,-0.030086,0.013806,,,
1735024837120,0.39954,0.05919,9.64658,-0.004034,0.002161,0.022437,,,
1735024837140,0.13876,0.15096,9.84971,-0.00366,0.006158,0.030513,,,
1735024837160,-0.08496,-0.04046,9.95056,0.014587,-0.000987,-0.010078,,,
1735024837180,-0.21002,0.13604,9.63337,0.00665,-0.004013,0.008611,,,
1735024837200,0.24562,0.1921,10.05618,-0.004188,-0.005117,0.01128,,,
1735024837220,-0.23136,0.18613,9.64259,0.000362,0.00503,-0.009699,,,
1735024837240,0.08329,-0.04316,9.76578,0.011977,-0.005628,0.009647,,,
1735024837260,0.15349,0.28889,9.64777,0.009735,0.010143,-0.001656,,,
1735024837280,-0.13639,-0.1575,9.94443,0.010637,0.013529,-9.3e-05,,,
1735024837300,-0.0405,-0.35956,9.75834,0.006757,-0.010246,-0.004767,,,
1735024837320,0.12134,0.07804,9.79626,-0.020716,-0.007182,-0.010442,,,
1735024837340,0.19117,-0.22117,9.88608,0.008148,0.004379,-0.004399,,,
1735024837360,0.31225,-0.13017,9.75489,0.007473,0.005367,-0.004193,,,
1735024837380,-0.10914,0.02716,9.44837,-0.01828,0.007775,-0.0257,,,
1735024837400,-0.07282,-0.0001,9.70316,-0.005454,0.005165,-0.002833,,,
1735024837420,-0.37356,0.0904,9.84842,0.000111,-0.008909,-0.018006,,,
1735024837440,0.29851,-0.00838,9.95086,0.004445,-0.000999,0.015835,,,
1735024837460,0.18821,0.17894,9.69829,-0.009865,0.011323,0.0017,,,
1735024837480,-0.01874,-0.12349,9.58608,0.011077,0.001118,-0.009437,,,
1735024837500,-0.03738,-0.17563,9.71642,-0.008545,0.003996,0.003949,,,
1735024837520,-0.02198,0.2793,9.81164,-0.004868,0.005031,0.009011,,,
1735024837540,-0.17732,0.28005,9.83908,-0.006588,0.011747,0.008215,,,
1735024837560,0.28716,0.14421,9.69777,0.000396,-0.000525,0.00835,,,
1735024837580,-0.24816,0.08992,9.74942,-0.012315,-0.014034,-0.009464,,,
1735024837600,0.07397,0.0992,9.83615,0.009468,-0.005397,0.006302,,,
1735024837620,0.08282,-0.02994,9.69646,-0.008467,-0.00777,0.003084,,,
1735024837640,-0.0091,-0.23101,9.88551,0.00662,-0.010629,0.009463,,,
1735024837660,0.10185,0.01811,9.74509,0.012522,-0.000945,0.015954,,,
1735024837680,-0.01426,-0.4996,9.63716,0.007742,0.004405,0.008061,,,
1735024837700,0.16365,0.24368,9.7529,0.008905,0.007643,-0.008625,,,
1735024837720,0.08909,0.15995,9.95454,0.019027,0.024137,0.002164,,,
1735024837740,-0.07076,0.10792,9.82947,0.007972,0.00309,-0.017375,,,
1735024837760,-0.08279,-0.11395,9.48951,0.005583,0.015921,-0.010631,,,
1735024837780,0.14842,-0.2162,9.70323,-0.001087,0.004342,0.014122,,,
1735024837800,-0.05498,0.04075,9.7832,0.003274,-0.011684,-0.004065,,,
1735024837820,-0.01672,-0.30405,9.86004,-0.000627,-0.006896,-0.003072,,,
1735024837840,-0.00938,0.24583,9.72952,-0.013477,0.000472,0.01529,,,
1735024837860,-0.04136,0.01172,9.66289,-0.008024,0.005452,0.003525,,,
1735024837880,0.02642,-0.04756,9.95965,-0.006952,0.006667,0.002682,,,
1735024837900,-0.16993,-0.10148,9.62854,0.002762,0.001718,-0.008593,,,
1735024837920,-0.06611,-0.07396,9.85659,0.002787,0.004058,0.011827,,,
1735024837940,0.03783,0.16919,9.63045,-0.005571,0.003127,-0.003725,,,
1735024837960,0.19667,-0.17008,9.90231,0.017026,-0.008307,-0.00727,,,
1735024837980,0.25142,0.00078,9.66952,-0.006927,0.005299,0.010653,,,
1735024838000,-0.36748,-0.03287,9.7175,0.019127,4.9e-05,0.008025,,,
1735024838020,-0.11948,-0.04841,9.42637,0.010118,0.010897,-0.003869,,,
1735024838040,-0.17104,0.36823,9.72201,0.0011,0.009747,0.004258,,,
1735024838060,-0.11501,0.32173,9.60967,0.00498,-0.006166,-0.001525,,,
1735024838080,0.04579,-0.25032,9.85056,0.01149,-0.005236,0.011125,,,
1735024838100,0.10112,0.07634,9.65926,-0.008263,0.00329,0.004815,,,
1735024838120,0.02708,-0.26193,9.93347,-0.010983,0.013806,0.020913,,,
1735024838140,0.21686,-0.0258,9.8729,-0.016882,-0.002823,0.023069,,,
1735024838160,-0.29087,0.05174,9.78225,0.005282,-0.004693,0.008083,,,
1735024838180,-0.00493,-0.16387,9.67621,0.004524,-0.014703,0.008433,,,
1735024838200,-0.32523,0.22379,9.64554,0.014392,0.01686,-0.002672,,,
1735024838220,0.23242,0.02859,9.87126,0.015348,-0.002686,0.00929,,,
1735024838240,-0.11577,0.2388,9.72201,0.011392,0.002173,0.00661,,,
1735024838260,-0.29547,-0.00547,9.89767,0.004643,-0.00522,0.010169,,,
1735024838280,-0.03035,-0.16625,9.85528,-0.000554,-0.008223,-0.012853,,,
1735024838300,0.14569,-0.09389,9.77142,0.013417,-0.003271,0.00327,,,
1735024838320,-0.07707,-0.09272,9.57798,0.016586,0.004116,0.00345,,,
1735024838340,-0.00015,-0.13288,9.83448,-0.010205,0.003305,0.004656,,,
1735024838360,-0.03028,0.09552,9.90575,0.00394,-0.015223,-0.007485,,,
1735024838380,-0.01242,0.18417,9.80189,0.002031,0.000519,-0.003717,,,
1735024838400,0.05289,-0.23049,9.69502,0.018036,0.008991,-0.006102,,,
1735024838420,0.07162,-0.06347,9.64657,0.002197,-0.007498,0.013047,,,
1735024838440,-0.03279,-0.11042,9.80952,-0.002164,0.007533,0.007003,,,
1735024838460,-0.13768,0.105,9.9856,0.003644,0.010236,-0.00623,,,
1735024838480,0.16,0.01634,9.98409,0.002372,0.005278,-0.016864,,,
1735024838500,-0.19593,0.00985,9.64775,-0.012173,-0.024804,-0.010791,,,
1735024838520,0.0353,-0.18138,9.89726,-0.018458,0.019266,0.011845,,,
1735024838540,-0.36377,-0.30106,9.81307,-0.01707,-0.007306,0.003385,,,
1735024838560,-0.29485,0.09317,9.79489,-0.014464,0.012953,0.006399,,,
1735024838580,-0.09826,0.15525,9.71192,-0.017333,-0.001899,0.000859,,,
1735024838600,-0.0151,-0.00766,9.82382,-0.001721,0.001636,0.010428,,,
1735024838620,-0.00592,0.10636,9.74909,-0.007912,-0.014279,0.003882,,,
1735024838640,0.02449,-0.19454,9.62111,0.016309,0.003866,-0.004263,,,
1735024838660,0.01467,-0.10086,9.82441,0.002096,-0.015476,-0.011532,,,
1735024838680,0.03441,-0.18376,9.93822,-0.002503,-0.002886,0.006631,,,
1735024838700,0.03262,0.12319,9.70396,0.003642,0.006446,-0.002727,,,
1735024838720,-0.05011,0.06431,9.93994,-0.006387,0.004892,-0.008373,,,
1735024838740,-0.23241,0.0854,9.8007,-0.009765,-0.009536,0.003311,,,
1735024838760,0.04039,0.14113,9.83611,-0.004057,0.010027,0.01971,,,
1735024838780,-0.01218,-0.07544,9.81315,-0.00506,-0.013595,0.000932,,,
1735024838800,-0.00026,-0.13095,9.96773,0.027045,0.002907,-0.008987,,,
1735024838820,-0.00243,0.07307,9.79256,0.000322,0.00333,-0.009549,,,
1735024838840,0.08778,-0.10957,10.07905,-0.006365,-0.017767,0.007801,,,
1735024838860,-0.18946,0.57457,9.99583,0.007269,-0.008686,0.007214,,,
1735024838880,0.11464,-0.03621,9.73032,-0.007062,0.004797,0.005853,,,
1735024838900,-0.07212,-0.03098,9.93903,0.012788,0.000274,-0.003543,,,
1735024838920,0.09726,-0.28478,9.73324,-0.008171,-0.005037,0.002984,,,
1735024838940,0.16487,0.311,10.05106,-0.00356,0.002342,-0.005882,,,
1735024838960,0.05235,-0.04973,9.90207,0.009999,-0.004834,0.013151,,,
1735024838980,0.09902,-0.06373,9.69671,0.015773,-0.01028,0.018266,,,
1735024839000,0.29716,0.0649,9.84963,-0.001595,-0.009674,0.00943,,,
1735024839020,-0.08692,-0.01388,10.12854,0.001999,0.024942,0.0163,,,
1735024839040,0.12968,0.11063,10.10377,-0.002054,-0.00523,-0.001229,,,
1735024839060,-0.17011,-0.12902,9.74642,0.010431,0.004293,-0.003002,,,
1735024839080,-0.07941,-0.11904,9.63002,-0.010393,-0.016459,0.002312,,,
1735024839100,0.05927,-0.0795,9.82516,0.005176,0.006685,-0.002536,,,
1735024839120,0.05821,0.03305,9.55226,0.011861,0.005653,0.004398,,,
1735024839140,0.0879,0.20183,9.61788,0.023781,-0.005945,-0.010555,,,
1735024839160,-0.27523,-0.14499,9.81495,-0.005304,-0.012982,0.006924,,,
1735024839180,-0.30768,-0.16756,10.12869,0.004641,-0.002354,0.002074,,,
1735024839200,0.03059,0.09008,9.83462,0.002061,0.00165,-0.005709,,,
1735024839220,-0.08602,0.17549,9.673,0.00093,-0.012724,-0.013332,,,
1735024839240,-0.14556,-0.07672,9.85581,0.013597,-0.004801,-0.001424,,,
1735024839260,-0.04698,0.25227,9.93079,-0.004174,0.005993,-0.0048,,,
1735024839280,0.06077,-0.1624,9.59905,-0.004462,-0.004511,-0.007967,,,
1735024839300,-0.05378,-0.00648,9.66733,0.010731,0.005068,-0.001141,,,
1735024839320,0.02376,0.16417,9.95529,0.00813,-0.005759,0.019495,,,
1735024839340,-0.05632,0.15038,9.87213,-0.00041,0.007949,-0.008795,,,
1735024839360,-0.28568,0.21433,9.90876,-6e-05,0.003796,-0.00598,,,
1735024839380,0.24257,0.02558,9.68646,0.010765,0.011475,0.016169,,,
1735024839400,-0.2659,-0.04219,9.73941,0.005499,0.011632,-0.00401,,,
1735024839420,-0.04856,0.04889,9.91757,0.012238,-0.014183,-0.013017,,,
1735024839440,0.0006,-0.08615,10.00233,-0.004873,0.005082,-0.006279,,,
1735024839460,0.35379,-0.09308,9.7171,0.020593,0.020848,-0.003705,,,
1735024839480,-0.07951,0.0162,9.81369,-0.000101,-0.000106,0.012738,,,
1735024839500,-0.12824,0.31458,9.52236,-0.016507,0.009575,0.003737,,,
1735024839520,0.1726,0.21906,9.83491,-0.018062,0.007101,-0.002262,,,
1735024839540,0.0489,-0.21059,9.73384,0.004147,0.001933,-0.0033,,,
1735024839560,0.11743,-0.02752,9.87014,-0.003206,-0.001561,-0.023985,,,
1735024839580,0.09391,0.13246,9.69095,-0.01493,0.004984,0.000338,,,
1735024839600,-0.02617,0.06471,9.69298,-0.008157,-0.004496,-0.007126,,,
1735024839620,0.17497,0.17467,9.75502,0.001081,0.02178,-0.002892,,,
1735024839640,-0.06493,0.10038,9.95662,-0.000741,0.003792,-0.003093,,,
1735024839660,-0.19455,0.04153,9.97392,-0.010759,0.004647,-0.016203,,,
1735024839680,0.0111,0.06907,10.01396,-0.000205,-0.007711,-0.005532,,,
1735024839700,0.15119,-0.1623,10.00982,-0.021983,-0.012565,0.006736,,,
1735024839720,0.08054,-0.09116,9.79044,-0.007928,-0.000125,0.011907,,,
1735024839740,-0.24977,0.13804,9.87213,-0.000442,0.014575,0.010749,,,
1735024839760,0.00799,0.17515,9.62335,-0.008016,0.013838,0.010591,,,
1735024839780,-0.04956,-0.18589,9.88603,-0.008281,-0.022614,-0.002708,,,
1735024839800,-0.1506,0.13689,9.58532,-0.009551,0.012552,-0.003726,,,
1735024839820,0.18857,0.17153,9.66636,0.011472,0.008613,-0.00595,,,
1735024839840,-0.19454,0.15337,9.65832,0.014426,0.007819,-0.010451,,,
1735024839860,-0.35239,-0.05075,9.89155,-0.012972,0.002569,-0.014648,,,
1735024839880,0.19155,0.03113,10.1682,0.003651,0.018312,0.013095,,,
1735024839900,0.07765,-0.22964,9.87709,-0.006203,0.003825,-0.008349,,,
1735024839920,0.11188,-0.01874,9.76573,0.001042,-0.029633,0.007966,,,
1735024839940,-0.02203,0.26558,9.875,0.016609,-0.008428,-0.00258,,,
1735024839960,-0.11302,0.08069,9.92576,-0.01769,0.005597,-0.007064,,,
1735024839980,-0.1832,-0.16441,9.86559,-0.006157,0.002193,-0.004068,,,
1735024840000,-0.03758,-0.21094,9.74225,0.010822,0.003833,0.009043,,,
1735024840020,-0.02166,0.23416,9.64953,0.014609,0.013298,-0.010211,,,
1735024840040,0.12813,-0.03349,9.96144,0.008512,0.013045,-0.008413,,,
1735024840060,-0.23423,-0.09357,9.66323,-0.002398,-0.002229,-0.00627,,,
1735024840080,0.1706,0.10909,9.91932,-0.007113,-0.001331,0.015808,,,
1735024840100,-0.14762,-0.03089,9.87175,-0.002221,0.017663,-0.005003,,,
1735024840120,0.09513,-0.0813,9.7538,-0.001766,0.010811,-3.8e-05,,,
1735024840140,0.18286,0.0479,9.75057,-0.006949,-0.018916,0.000655,,,
1735024840160,0.11193,-0.01181,9.84278,0.014282,0.000335,0.001545,,,
1735024840180,0.00122,0.03071,9.59208,-0.012364,-0.010877,0.006476,,,
1735024840200,-0.14073,-0.06416,9.92416,-0.010771,-0.014603,-0.015023,,,
1735024840220,0.24648,-0.03251,9.69593,-0.027289,0.002577,-0.007385,,,
1735024840240,-0.22071,0.23436,9.93156,-0.003391,-0.015696,0.0197,,,
1735024840260,0.1974,0.22247,9.92254,-0.00065,-0.005099,-0.001251,,,
1735024840280,0.26082,-0.03127,9.63972,-0.000532,-0.007048,0.016721,,,
1735024840300,-0.18998,-0.14563,9.76631,-0.014093,-0.027342,-0.009664,,,
1735024840320,-0.19138,0.04242,10.0068,0.004557,-0.010704,0.000193,,,
1735024840340,0.08801,-0.02667,9.63152,-0.004707,0.008645,0.003269,,,
1735024840360,0.05714,-0.06274,9.78714,-0.003348,-0.002524,-0.01274,,,
1735024840380,0.22885,-0.07859,9.7705,-0.011316,-0.006786,-0.022935,,,
1735024840400,0.10403,-0.00904,9.63187,0.003685,-0.004084,-0.007974,,,
1735024840420,-0.27742,-0.13024,9.88899,-0.001849,-0.014657,-0.003725,,,
1735024840440,-0.00689,0.01608,9.62722,-0.010028,-0.003178,0.003924,,,
1735024840460,0.20484,-0.02934,9.57137,-0.003011,-0.000827,-0.007519,,,
1735024840480,-0.20323,-0.15065,9.85074,0.005711,-0.006906,-0.009431,,,
1735024840500,0.04738,0.04421,9.99485,-0.004337,0.009397,-0.003117,,,
1735024840520,-0.19364,0.12707,9.89867,0.007011,0.007719,0.005307,,,
1735024840540,-0.0818,-0.29727,9.71418,1.3e-05,-0.005838,0.004162,,,
1735024840560,0.21152,-0.01914,9.67619,0.014112,-0.002008,-0.000303,,,
1735024840580,-0.33408,-0.26306,9.94508,0.00351,0.012611,0.022441,,,
1735024840600,-0.01426,-0.00264,9.78339,0.001569,0.010654,-0.007226,,,
1735024840620,0.23756,-0.28953,9.88876,0.0129,0.002917,0.006385,,,
1735024840640,-0.17138,0.25134,9.98315,-0.007062,-0.018837,-0.009447,,,
1735024840660,-0.08357,-0.29716,9.84747,0.005098,0.001043,-0.002253,,,
1735024840680,0.1808,0.04494,10.15423,-0.006196,0.00304,-0.00809,,,
1735024840700,-0.03578,0.13431,9.88678,0.010953,0.009503,-0.006883,,,
1735024840720,-0.41114,-0.31276,10.11982,-0.011355,0.011355,-0.005465,,,
1735024840740,-0.12522,0.10513,9.95197,0.008492,-0.005029,0.008109,,,
1735024840760,0.01833,0.2761,9.86768,0.009424,-0.014026,0.017324,,,
1735024840780,0.24083,-0.13019,10.00836,-0.008431,0.002421,-0.003865,,,
1735024840800,-0.21967,-0.02753,9.73124,0.011059,-0.010976,-0.0056,,,
1735024840820,-0.14843,0.11636,9.85,0.008373,-0.006291,0.002136,,,
1735024840840,0.14853,-0.05427,9.75289,0.001644,0.004642,0.0007,,,
1735024840860,-0.1907,-0.07725,9.64903,0.029288,0.002231,-0.01702,,,
1735024840880,-0.05797,-0.1743,10.16096,0.006264,-0.004674,0.01246,,,
1735024840900,0.15201,-0.11004,9.65434,-0.012695,-0.003038,-0.000665,,,
1735024840920,-0.03164,0.09156,9.85799,-0.000732,0.00928,-0.018103,,,
1735024840940,-0.01315,-0.18229,9.87288,0.008666,-0.006899,-0.020868,,,
1735024840960,0.29882,0.21326,9.99468,-0.009882,0.006051,0.002986,,,
1735024840980,0.0576,0.20666,10.14727,0.00221,0.004171,0.014712,,,
1735024841000,0.013,-0.00669,9.8266,0.018297,0.014104,-0.025164,,,
1735024841020,0.27986,-0.02276,9.61183,0.013756,0.00531,0.001534,,,
1735024841040,0.00536,0.22285,9.92595,-0.007083,-0.018037,-0.008562,,,
1735024841060,-0.07128,-0.07236,9.98722,-0.011281,-0.002168,0.015156,,,
1735024841080,-0.13384,0.07815,9.75336,0.021176,0.004712,-0.010572,,,
1735024841100,-0.17022,-0.12388,9.62668,0.009422,-0.014001,0.004634,,,
1735024841120,0.03612,0.21064,10.05226,0.014289,-0.006348,0.000458,,,
1735024841140,-0.16802,0.31793,9.80074,0.015102,0.009136,-0.004256,,,
1735024841160,-0.11962,-0.02773,9.74497,-0.002044,0.013611,0.012686,,,
1735024841180,0.27411,-0.24466,9.64422,-0.003959,0.022963,0.023581,,,
1735024841200,-0.07082,0.01399,9.84797,0.018753,0.006786,0.015541,,,
1735024841220,0.03873,-0.10466,9.6894,-0.007117,0.008412,0.010535,,,
1735024841240,0.3378,0.08912,9.82022,-0.006436,0.002152,0.008479,,,
1735024841260,-0.33183,-0.15311,9.61037,0.020584,0.008187,-0.004378,,,
1735024841280,0.06579,0.20534,9.74292,0.003638,-0.000942,0.003502,,,
1735024841300,0.03975,0.09024,9.7219,-0.009004,0.002619,-0.002743,,,
1735024841320,0.00488,0.18389,9.73182,-0.001945,0.003331,-0.000763,,,
1735024841340,-0.0614,-0.14131,9.60655,-0.002967,0.011206,0.020358,,,
1735024841360,-0.05729,0.06072,9.89698,0.004428,-0.009443,0.008733,,,
1735024841380,0.10002,-0.23638,9.88814,0.00487,-0.008917,-0.009293,,,
1735024841400,0.19402,0.09721,10.10895,-0.012506,-0.005002,-0.006431,,,
1735024841420,-0.12225,-0.10922,9.80724,-0.015155,-0.006993,-0.005981,,,
1735024841440,0.16479,-0.01247,9.88564,-0.002796,-0.009203,-0.002146,,,
1735024841460,0.13153,0.16827,9.98959,0.023263,0.020671,-0.000112,,,
1735024841480,-0.02085,0.02275,9.83856,-0.005241,-0.015253,0.003923,,,
1735024841500,-0.104,-0.02775,9.57528,0.011037,-0.014376,0.019037,,,
1735024841520,-0.13724,0.07417,9.79313,-0.010775,-0.007265,0.006131,,,
1735024841540,-0.06956,0.1344,9.793,-0.006695,0.001342,0.00637,,,
1735024841560,0.10406,0.28679,9.69762,-0.011696,0.010215,-0.007387,,,
1735024841580,0.01348,-0.15305,9.74577,-0.00545,0.003026,0.003721,,,
1735024841600,-0.07307,-0.1036,9.93883,-0.014973,-0.002305,-0.002265,,,
1735024841620,0.03891,0.18598,9.89171,0.008205,-0.006268,-0.000692,,,
1735024841640,-0.21618,0.08094,9.64225,0.009739,-0.002417,0.016377,,,
1735024841660,-0.08049,-0.03385,9.59643,0.01009,0.003315,0.009745,,,
1735024841680,-0.29602,0.05921,10.04672,0.016924,-0.009397,0.021269,,,
1735024841700,-0.18615,-0.15863,9.9702,-0.010558,0.000975,-0.004121,,,
1735024841720,0.29823,0.01626,10.08755,0.006368,-0.008344,0.019863,,,
1735024841740,0.02494,0.082,9.87622,0.018652,-0.014274,0.016619,,,
1735024841760,-0.24374,-0.14096,9.57893,0.002431,-0.001143,0.004483,,,
1735024841780,-0.29839,-0.12226,9.89973,0.008456,-0.013594,-0.002798,,,
1735024841800,0.10363,0.15946,9.38868,0.005437,-0.007968,-0.020111,,,
1735024841820,0.21901,-0.0331,9.90842,0.008642,0.000192,-0.005395,,,
1735024841840,-0.1074,0.09966,9.82443,0.001762,-0.006997,-0.01708,,,
1735024841860,0.18048,-0.08362,9.94199,0.019272,0.023787,-0.004492,,,
1735024841880,-0.28526,-0.12725,10.122,-0.001596,0.004888,0.002259,,,
1735024841900,-0.04646,0.14266,10.08857,0.025388,0.003785,-0.014379,,,
1735024841920,0.12809,-0.03154,9.7222,-0.023664,0.01178,0.006775,,,
1735024841940,0.0082,-0.02562,9.93086,-0.006577,0.009506,0.017051,,,
1735024841960,0.04334,0.11366,9.47895,-0.002849,-0.021691,0.001418,,,
1735024841980,0.10495,0.03557,9.75295,0.010233,-0.002623,0.001175,,,
1735024842000,-0.0,-0.25333,9.75076,0.001065,-0.005019,-0.001675,,,
1735024842020,0.2079,-0.02859,9.80715,-0.001961,-0.015863,0.014771,,,
1735024842040,-0.02961,0.0278,9.70079,-0.013627,-0.00924,0.015482,,,
1735024842060,0.15919,-0.20892,9.69541,0.005039,0.014922,-0.005595,,,
1735024842080,-0.16445,-0.05617,9.77531,0.021996,0.003673,-0.002056,,,
1735024842100,-0.06601,-0.1136,9.73647,-0.000271,0.006749,-0.016813,,,
1735024842120,0.04614,0.03675,9.74928,0.004131,0.005519,-0.016472,,,
1735024842140,0.01368,-0.01578,10.0811,0.001531,0.0095,-0.010096,,,
1735024842160,0.1169,0.17495,9.92515,-0.008037,0.012294,-0.012543,,,
1735024842180,0.06021,0.04721,9.78157,-0.006397,-0.000102,-0.004113,,,
1735024842200,0.30933,0.20098,10.07558,0.000427,0.00034,0.003185,,,
1735024842220,0.11577,0.06309,9.64234,-0.002084,0.009663,0.028107,,,
1735024842240,-0.07588,-0.05921,9.75664,0.014589,0.002352,-0.002667,,,
1735024842260,0.00671,0.01549,9.85473,0.00593,0.007728,0.009821,,,
1735024842280,0.22934,-0.03969,9.79262,-0.003797,0.003393,0.008126,,,
1735024842300,0.08919,-0.0045,9.6774,-0.010065,-0.009548,-0.007081,,,
1735024842320,-0.0349,0.15429,9.92032,-0.014555,-0.014318,-0.002783,,,
1735024842340,0.11194,-0.02271,9.81148,-0.003655,0.008481,0.003531,,,
1735024842360,-0.02235,-0.20742,9.83527,-0.003719,0.001437,-0.015804,,,
1735024842380,0.24701,0.01866,9.97987,0.007012,0.008193,-0.004753,,,
1735024842400,-0.09478,-0.20503,9.91716,0.003138,0.00585,-0.009254,,,
1735024842420,-0.00842,-0.17145,9.55532,3.3e-05,-0.014541,0.034505,,,
1735024842440,0.07313,0.18566,9.94494,0.002473,-0.01086,0.002431,,,
1735024842460,0.25744,-0.13435,9.97489,-0.001934,0.008839,-0.006499,,,
1735024842480,0.1568,0.19467,9.78078,0.001078,0.005587,0.006705,,,
1735024842500,0.21171,-0.01364,9.78971,0.00099,0.003785,-0.01423,,,
1735024842520,0.09379,0.1779,9.83702,0.004085,-0.004421,0.003597,,,
1735024842540,-0.01638,0.0268,9.71057,0.005329,0.012129,-0.003507,,,
1735024842560,0.02415,0.1715,9.78375,-0.010506,0.005581,-0.001918,,,
1735024842580,0.05167,-0.01016,9.86419,-0.000893,-0.005057,0.010195,,,
1735024842600,-0.02686,0.1065,10.06367,-0.006289,-0.001398,0.000811,,,
1735024842620,-0.03142,0.08236,9.65461,-0.011096,-0.004599,0.0022,,,
1735024842640,0.08388,0.08869,9.76702,-0.017915,0.006311,-0.007241,,,
1735024842660,0.05324,-0.01001,9.66271,0.003391,0.002239,0.008599,,,
1735024842680,0.03159,0.30243,9.68225,0.020548,0.01732,-0.00302,,,
1735024842700,-0.18519,-0.06667,9.76191,0.00574,0.006148,0.006315,,,
1735024842720,-0.26847,-0.29573,9.83655,0.013288,0.001508,0.018447,,,
1735024842740,-0.16853,0.0121,9.98808,0.001454,0.013741,0.009412,,,
1735024842760,-0.04406,-0.0433,9.60655,0.000773,0.019513,-0.015955,,,
1735024842780,-0.01646,0.16306,9.85554,-0.017439,-0.000911,0.005482,,,
1735024842800,0.03016,-0.04276,9.81456,0.014157,-0.008705,0.016512,,,
1735024842820,-0.08381,0.00922,9.79123,0.008693,0.013567,-0.001258,,,
1735024842840,-0.27242,-0.06325,9.58033,-0.019957,-0.004142,-0.002914,,,
1735024842860,-0.02544,-0.24331,9.90109,0.016848,-0.003582,0.01732,,,
1735024842880,-0.24534,0.12893,9.92639,0.000533,0.001398,0.00178,,,
1735024842900,-0.14735,-0.20726,9.95766,0.005308,0.004768,-0.003034,,,
1735024842920,-0.13427,-0.13578,9.59985,-0.009373,0.006232,0.005008,,,
1735024842940,-0.03811,0.23169,9.72437,0.001724,0.017283,0.018069,,,
1735024842960,0.2148,0.21189,9.67388,-0.003112,-0.006366,0.014643,,,
1735024842980,-0.20081,-0.06543,9.71875,-0.00798,-0.008805,0.016857,,,
1735024843000,0.11946,0.02634,9.63181,-0.005195,0.002519,-0.00227,,,
1735024843020,-0.01629,-0.07809,9.86178,0.001465,0.007052,0.009911,,,
1735024843040,0.10212,-0.04034,9.82176,-0.026773,-0.005427,0.008774,,,
1735024843060,0.00093,-0.17469,9.63435,-0.003411,-0.006312,-0.00781,,,
1735024843080,0.15689,0.2308,9.87439,-0.01003,0.016493,0.014586,,,
1735024843100,-0.00749,0.11068,9.69234,-0.010081,0.018203,0.00623,,,
1735024843120,0.00676,0.04363,9.83113,0.00714,0.011612,0.016551,,,
1735024843140,-0.13248,-0.00049,9.81837,-0.014886,0.016908,0.002056,,,
1735024843160,-0.22298,0.0109,9.74817,-0.011947,0.012926,0.00333,,,
1735024843180,0.05072,0.19173,10.04312,0.000699,-0.00835,-0.004699,,,
1735024843200,0.0722,-0.05345,9.85309,0.012059,0.014225,-0.008388,,,
1735024843220,-0.0375,0.1875,9.72167,-0.000403,0.004097,0.013051,,,
1735024843240,-0.06759,0.11513,9.80509,0.005027,-0.000533,0.002359,,,
1735024843260,-0.17343,-0.1317,9.6574,-0.000756,0.001161,0.002676,,,
1735024843280,0.0832,-0.23278,9.88054,-0.004748,-0.014998,-0.007081,,,
1735024843300,0.11183,-0.19484,10.01954,-0.01206,-0.002147,0.002564,,,
1735024843320,-0.13624,-0.13816,9.89551,-0.005066,-0.008592,-0.0006,,,
1735024843340,0.01984,0.09267,9.72117,0.010168,-0.002995,-0.015672,,,
1735024843360,-0.14413,0.03906,9.81819,-0.022515,-0.013373,0.001674,,,
1735024843380,0.06207,-0.21362,9.86578,-0.001531,0.000182,0.000145,,,
1735024843400,0.04714,0.00936,9.9298,0.000564,0.010853,1e-06,,,
1735024843420,-0.05091,-0.379,9.92771,0.005496,-0.016203,-0.021099,,,
1735024843440,-0.00742,-0.1447,9.7691,0.014304,-0.000784,0.002551,,,
1735024843460,0.06045,0.05682,9.47462,0.006203,0.022059,-0.002326,,,
1735024843480,0.15531,0.14644,10.06433,-0.005225,0.016934,-0.015844,,,
1735024843500,0.03346,0.06524,9.78394,-0.010884,0.01165,-0.010085,,,
1735024843520,-0.00464,0.03171,9.75999,-0.001399,-0.002491,-0.006506,,,
1735024843540,-0.1168,0.08765,9.96533,0.002463,-0.00606,0.001326,,,
1735024843560,0.31899,0.02666,9.59974,-0.021082,0.01122,-0.011028,,,
1735024843580,-0.01962,-0.09904,9.78575,0.014828,0.006283,-0.00148,,,
1735024843600,-0.10121,-0.25411,9.85505,-7.9e-05,-0.018187,-0.007629,,,
1735024843620,-0.21787,-0.08459,9.87199,-0.015309,-0.000386,-0.008208,,,
1735024843640,0.12194,0.07569,9.89087,-0.011325,-0.015068,0.0154,,,
1735024843660,-0.02788,-0.18504,9.71793,0.012895,-0.01099,0.007268,,,
1735024843680,-0.29835,0.30939,9.8192,-0.005619,-0.009802,-0.018557,,,
1735024843700,-0.0691,-0.13712,9.87192,-0.001022,-0.000109,0.005441,,,
1735024843720,0.1923,-0.09841,9.63214,0.00379,-0.008901,-0.01902,,,
1735024843740,-0.186,0.27949,9.89348,-0.000607,-0.007707,0.011871,,,
1735024843760,-0.00957,-0.29259,9.44088,-0.012285,0.004899,-0.018007,,,
1735024843780,-0.22217,0.16934,10.14512,-0.02079,-0.011649,-0.003305,,,
1735024843800,-0.10233,-0.05252,9.46958,-0.007445,-0.000981,-0.015148,,,
1735024843820,0.04083,-0.169,9.67963,0.01693,-0.016448,0.016798,,,
1735024843840,-0.27458,-0.04017,9.83694,0.009126,-0.013977,0.009119,,,
1735024843860,0.16834,0.13302,9.53754,0.005444,0.00511,-0.003952,,,
1735024843880,0.26647,0.001,9.73838,-0.000135,0.002385,0.00305,,,
1735024843900,0.10618,-0.03442,9.57718,0.01039,-0.004351,-0.001175,,,
1735024843920,0.0129,-0.03007,9.88476,0.000986,0.006799,0.015908,,,
1735024843940,0.10335,0.0497,9.95966,-0.003172,-0.006351,0.007926,,,
1735024843960,-0.04081,-0.11999,9.73191,0.004433,-0.012024,0.005795,,,
1735024843980,-0.2053,0.02798,9.97841,0.003024,0.008605,0.001727,,,
1735024844000,0.22855,0.04515,9.90492,-0.007535,-0.004406,-0.001102,,,
1735024844020,-0.07855,-0.19339,9.57283,0.021462,-0.00235,0.000143,,,
1735024844040,0.16833,0.04173,9.95133,-0.006328,-0.004006,-0.001129,,,
1735024844060,-0.03828,-0.23477,9.9559,-0.005165,-4.4e-05,-0.007433,,,
1735024844080,0.03946,-0.00398,9.7146,0.016119,0.00427,-0.00553,,,
1735024844100,-0.01826,0.01149,10.01683,0.014388,0.004508,-0.022978,,,
1735024844120,-0.16645,0.0606,9.58434,0.003544,-0.017369,0.014707,,,
1735024844140,-0.02697,-0.03899,9.61064,-0.007935,-0.021532,0.001205,,,
1735024844160,-0.02407,0.0861,9.77629,0.008687,0.004476,0.003688,,,
1735024844180,0.05216,-0.08527,9.79403,9.2e-05,0.00292,-0.017896,,,
1735024844200,0.21385,-0.14453,9.90168,0.001729,-0.008128,0.012795,,,
1735024844220,0.06107,-0.08921,9.59093,0.005293,0.003933,-0.002439,,,
1735024844240,0.15796,0.18902,9.99222,-0.00423,-0.008844,0.003625,,,
1735024844260,-0.00964,-0.029,9.5821,-0.002424,-0.003139,-0.003553,,,
1735024844280,-0.11964,0.01999,9.66294,-0.003689,0.007163,0.003109,,,
1735024844300,0.13385,-0.04474,9.5361,0.013035,0.017,-0.011302,,,
1735024844320,0.06462,0.06146,9.60962,-0.006329,-0.031737,0.011178,,,
1735024844340,-0.08198,0.08374,10.05199,0.007201,0.004071,0.00949,,,
1735024844360,-0.10148,-0.03993,9.8582,0.004274,-0.00045,-0.001431,,,
1735024844380,0.24568,0.09726,9.97867,0.009635,-0.001146,-0.000683,,,
1735024844400,0.05951,-0.05561,10.07159,-0.009483,0.002046,-0.006134,,,
1735024844420,-0.16907,0.02704,9.93075,0.005775,-0.008352,-0.009283,,,
1735024844440,0.02799,-0.07953,9.9351,0.008548,0.002414,-0.002874,,,
1735024844460,-0.44194,-0.03725,9.70662,-0.003042,0.00041,-0.019133,,,
1735024844480,-0.06922,0.08185,9.80588,0.003497,-0.018401,0.008396,,,
1735024844500,0.0068,-0.03488,9.64617,-0.020367,-0.010565,0.008654,,,
1735024844520,0.1671,-0.18496,9.95437,0.00991,0.005271,-0.020283,,,
1735024844540,-0.15299,-0.19992,9.92156,0.011289,-0.004034,0.016744,,,
1735024844560,-0.03428,0.01542,9.86776,0.001705,0.004359,-0.00353,,,
1735024844580,-0.09086,-0.11181,9.67866,0.006946,0.007798,-0.02091,,,
1735024844600,-0.06125,0.17531,9.75005,0.007596,0.011348,-0.003806,,,
1735024844620,-0.22916,0.19925,9.72279,-0.014278,0.012087,-0.006307,,,
1735024844640,-0.10395,-0.16611,9.74569,0.000837,-0.009137,0.000594,,,
1735024844660,-0.21071,-0.02259,9.80881,0.007902,-0.001099,0.008185,,,
1735024844680,-0.12952,-0.01103,10.08146,-0.012165,-0.008472,-0.003731,,,
1735024844700,-0.09721,0.26301,9.65648,-0.001141,-0.000917,0.010461,,,
1735024844720,-0.13866,-0.21582,9.87348,-0.003477,0.001043,-0.008296,,,
1735024844740,-0.0547,-0.13113,9.68272,-0.002337,0.003924,-0.012607,,,
1735024844760,0.11149,0.21353,9.96241,-0.010016,0.00485,0.016987,,,
1735024844780,0.04616,-0.08348,9.7044,-0.009373,0.000316,0.011505,,,
1735024844800,-0.02526,0.19275,9.72794,-0.00131,-0.006,-0.004714,,,
1735024844820,0.26867,-0.05738,9.82207,-8.2e-05,0.008732,0.021627,,,
1735024844840,0.1485,-0.0724,10.00822,-0.00076,-0.002193,0.012759,,,
1735024844860,0.01523,0.04608,9.42872,0.012411,-0.009397,-0.00641,,,
1735024844880,-0.05734,0.04936,9.86959,0.008596,0.001061,-0.003176,,,
1735024844900,0.06932,-0.09906,9.69687,-0.002372,0.004817,-0.02229,,,
1735024844920,-0.03933,-0.09365,9.96046,-0.00816,0.009059,0.000562,,,
1735024844940,-0.0858,-0.08511,9.71181,0.00309,-0.009573,-0.0088,,,
1735024844960,-0.01997,0.1892,9.85645,-0.004828,-0.008235,-0.00289,,,
1735024844980,0.05109,0.26668,9.85596,-0.006002,-0.018511,-0.01659,,,
1735024845000,0.20703,0.13355,9.92787,-0.001059,-0.004468,0.000387,12.9759542,77.596018,5.0
1735024845020,-0.08737,0.02272,9.85891,0.006257,0.005768,0.004614,,,
1735024845040,-0.07096,0.18429,9.68985,-0.005798,0.001049,0.004478,,,
1735024845060,0.20608,0.11668,9.57995,0.005792,-0.010335,0.009172,,,
1735024845080,-0.13664,0.12805,9.76782,0.020474,-0.017631,0.00094,,,
1735024845100,-0.13077,-0.01982,9.60257,8.4e-05,0.007189,-0.011614,,,
1735024845120,-0.16325,0.16748,9.62279,-0.009182,-0.012663,0.012246,,,
1735024845140,0.03467,0.12558,9.71612,0.004247,-0.001832,0.007011,,,
1735024845160,-0.13641,-0.09968,10.1569,0.003555,0.000576,0.015455,,,
1735024845180,-0.25713,0.07955,9.70427,0.005916,-0.00852,0.007903,,,
1735024845200,-0.05307,-0.32425,9.90737,0.004089,0.001284,0.00947,,,
1735024845220,0.17114,-0.00312,9.95403,0.017093,-0.008286,-0.010684,,,
1735024845240,0.10703,-0.26963,9.95163,-0.001243,0.000292,-0.004333,,,
1735024845260,0.05702,-0.03331,9.7938,-0.003018,0.020372,0.011076,,,
1735024845280,-0.11956,0.03629,9.88637,-0.006274,0.006231,-0.003634,,,
1735024845300,-0.06865,0.16842,9.81752,0.004372,0.013806,0.004693,,,
1735024845320,0.07947,-0.36344,9.89709,-0.002235,-0.02279,-0.00708,,,
1735024845340,0.08698,-0.06754,9.84509,-0.006165,-0.000871,-0.003632,,,
1735024845360,0.2222,0.16468,9.84344,0.004641,-0.016449,0.003945,,,
1735024845380,-0.01447,-0.08514,9.91255,-0.003105,0.019637,0.00108,,,
1735024845400,0.01846,-0.17905,9.98626,0.001538,0.005045,0.001883,,,
1735024845420,0.08334,0.02612,10.01109,0.014694,0.006598,-0.011272,,,
1735024845440,-0.02061,0.11077,9.8428,0.004301,0.00016,0.014296,,,
1735024845460,0.00158,-0.05587,9.80635,0.000236,-0.017368,0.004369,,,
1735024845480,-0.06614,-0.13506,9.66257,-0.00262,-0.025269,-0.00401,,,
1735024845500,0.1314,-0.04891,9.6218,-0.009798,-6.9e-05,-0.01669,,,
1735024845520,-0.15185,-0.02256,9.63349,-0.000233,0.0023,-0.006409,,,
1735024845540,-0.11626,-0.08424,9.74878,0.012993,-0.008277,0.005078,,,
1735024845560,-0.09138,0.09298,9.81854,0.001706,-0.01311,0.005621,,,
1735024845580,0.1808,0.23977,9.87284,-0.016096,-0.005024,-0.006831,,,
1735024845600,0.00094,0.02724,9.83316,0.010641,-0.011169,0.00093,,,
1735024845620,-0.30296,0.06731,9.65859,0.00237,0.023042,0.007703,,,
1735024845640,0.27087,-0.2046,9.79605,0.00317,-0.009649,0.002151,,,
1735024845660,-0.09117,-0.13135,9.69549,-0.005418,-0.011352,-0.000898,,,
1735024845680,0.27659,-0.12181,9.67132,0.0012,0.007854,0.021178,,,
1735024845700,0.23519,0.40314,9.95378,0.012509,-0.000275,0.002219,,,
1735024845720,0.03557,0.17851,9.96071,0.001536,0.003333,-0.010594,,,
1735024845740,-0.08861,-0.08509,9.98178,0.003794,0.007677,0.007514,,,
1735024845760,-0.25399,0.01996,10.06406,0.003915,-0.001728,-0.012811,,,
1735024845780,0.35912,0.16158,9.94337,-0.003985,-0.005734,-0.009113,,,
1735024845800,-0.0203,-0.1165,10.01871,0.017303,0.008203,0.005439,,,
1735024845820,-0.03457,0.02703,9.68871,0.023421,0.004435,0.012198,,,
1735024845840,-0.24372,0.13883,9.91938,0.010258,-0.00072,0.022249,,,
1735024845860,0.05553,0.0002,9.88445,-0.006089,-0.003676,0.000402,,,
1735024845880,-0.41451,0.08365,9.9658,-0.005307,0.009723,0.005343,,,
1735024845900,0.16762,-0.12274,10.10005,-0.00251,0.007429,-0.002125,,,
1735024845920,-0.29356,-0.11319,9.86289,-0.008237,-0.00623,-0.010526,,,
1735024845940,-0.14077,-0.24771,9.61796,-0.0081,0.006001,-0.016287,,,
1735024845960,0.00814,0.27541,9.7006,0.003218,0.007861,-0.003116,,,
1735024845980,0.45538,-0.07871,10.00043,0.004239,0.002462,-0.007316,,,
1735024846000,0.08566,-0.17058,9.86899,-0.005827,0.010753,-0.003038,12.9760649,77.5960912,5.0
1735024846020,-0.13748,-0.03734,9.80266,-0.010414,-0.002009,0.00359,,,
1735024846040,0.08984,0.14649,9.86004,-0.001611,-0.008206,0.01931,,,
1735024846060,-0.25335,0.10846,9.90629,0.009326,0.023121,0.0045,,,
1735024846080,0.081,0.07439,9.93656,-0.008013,0.01287,-0.003454,,,
1735024846100,-0.24175,0.16359,9.76321,0.013375,0.003001,0.005067,,,
1735024846120,-0.06798,0.12908,9.86386,0.002059,0.000374,-0.001251,,,
1735024846140,-0.16915,-0.04385,10.14236,0.014518,0.005159,-0.013498,,,
1735024846160,0.00968,-0.0005,9.84529,0.004808,0.009509,-0.000977,,,
1735024846180,-0.11047,-0.25823,9.68806,0.01018,0.020458,0.005312,,,
1735024846200,-0.0204,0.03703,9.42231,-0.014821,-0.013973,-0.01222,,,
1735024846220,0.0325,0.08559,9.44167,0.020091,0.010468,0.00839,,,
1735024846240,-0.13717,-0.1216,9.87034,-0.007125,0.012531,0.005417,,,
1735024846260,-0.0135,0.215,9.78914,-0.004275,-0.011989,-0.00948,,,
1735024846280,0.28737,0.05863,9.69236,-0.013263,0.003485,-0.008759,,,
1735024846300,-0.12488,-0.00697,9.76823,-0.009735,0.002565,-0.006858,,,
1735024846320,0.12845,-0.01247,9.75847,0.006577,0.003452,0.004671,,,
1735024846340,0.1753,0.09559,9.86289,0.003217,-0.005397,0.001794,,,
1735024846360,0.2304,0.11457,9.73472,-0.012164,-0.002093,-0.010484,,,
1735024846380,0.15477,0.15021,9.98788,-0.004474,-0.020061,-0.012323,,,
1735024846400,0.04247,0.16444,9.89555,0.001231,0.001329,0.00345,,,
1735024846420,0.28808,0.05755,9.80868,0.006426,-0.014654,0.000219,,,
1735024846440,-0.18851,0.14155,9.77427,0.00478,-0.01212,0.023098,,,
1735024846460,-0.11521,0.06114,9.97726,-0.006548,-0.000379,-0.001162,,,
1735024846480,0.07718,-0.36454,9.66041,0.00583,0.005648,-0.000414,,,
1735024846500,0.083,-0.0739,9.51105,-0.015244,0.01334,-0.008786,,,
1735024846520,-0.22396,0.12706,9.6498,-0.011596,0.002998,-0.009186,,,
1735024846540,0.17222,0.00296,9.88963,-0.01053,0.002178,0.008724,,,
1735024846560,-0.13301,-0.20575,9.62554,-0.000385,0.02445,-0.020334,,,
1735024846580,-0.15703,-0.13406,9.4733,0.009724,0.003423,-0.010472,,,
1735024846600,-0.03642,-0.18526,9.56558,-0.004052,0.008644,0.002483,,,
1735024846620,-0.17596,0.11585,9.85422,-0.010954,0.016593,-0.015932,,,
1735024846640,0.17629,-0.1056,9.82559,0.008639,-0.009189,-0.005904,,,
1735024846660,-0.06772,0.20717,9.91512,0.001739,0.006317,-0.004329,,,
1735024846680,-0.01779,0.18366,10.16774,0.00621,-0.009551,0.003153,,,
1735024846700,-0.34258,0.16118,9.84877,-0.007567,0.004953,-0.01156,,,
1735024846720,-0.15339,0.08844,10.06514,-0.005221,-0.00545,-0.006589,,,
1735024846740,-0.0393,-0.02864,9.91368,-0.000484,-0.004356,-0.006988,,,
1735024846760,0.08192,0.07303,10.00197,-0.000864,-0.005948,0.011051,,,
1735024846780,0.07011,0.21698,9.99986,0.006925,0.001931,-0.000674,,,
1735024846800,0.17097,0.18179,9.7987,0.014619,-0.00489,-0.009139,,,
1735024846820,0.08417,-0.05646,9.84501,0.003885,0.007827,-0.003579,,,
1735024846840,-0.18256,-0.04972,10.19853,0.011909,0.013692,-0.014001,,,
1735024846860,0.11099,0.00232,9.85779,-0.0175,0.024343,-0.008874,,,
1735024846880,0.12438,0.10741,9.99477,0.011779,0.002065,-0.010998,,,
1735024846900,0.16035,0.15461,9.79894,0.004104,0.002265,-0.009057,,,
1735024846920,-0.07405,0.06294,10.03685,-0.005451,0.011794,-0.007389,,,
1735024846940,0.25113,-0.04885,9.89916,-0.000294,-0.006646,0.010173,,,
1735024846960,-0.03655,-0.09153,10.06203,-0.000939,-0.005424,0.007331,,,
1735024846980,-0.19361,0.16165,9.95304,0.007261,0.002616,-0.006395,,,
1735024847000,0.07848,0.19875,9.84657,-0.016417,0.028769,0.012859,12.9761796,77.5961676,5.0
1735024847020,0.14959,-0.09117,9.82938,-0.009813,-0.004166,-0.005201,,,
1735024847040,0.15905,0.04294,9.95054,0.000219,0.02324,-0.001805,,,
1735024847060,-0.09239,-0.12503,10.01719,-0.022534,0.002731,-0.003218,,,
1735024847080,0.11123,-0.16812,9.74083,-0.001873,0.00768,0.008797,,,
1735024847100,0.24126,-0.00586,9.69665,0.011791,0.018596,0.003849,,,
1735024847120,-0.05307,0.11839,9.86477,-0.007493,0.00212,-0.002608,,,
1735024847140,-0.12003,0.36781,9.88563,0.00586,-0.004191,0.003957,,,
1735024847160,-0.08279,0.13056,9.97477,0.005545,0.007649,0.003904,,,
1735024847180,-0.00991,0.0306,9.94276,-0.001047,-0.004797,-0.019603,,,
1735024847200,0.18523,-0.08516,9.8948,-0.007622,0.006474,0.004409,,,
1735024847220,-0.15784,0.2716,9.85257,0.006299,0.002259,-0.006897,,,
1735024847240,-0.04774,0.2839,9.63197,-0.003874,0.01158,-0.014132,,,
1735024847260,-0.18763,-0.05958,9.76398,-0.007818,-0.007954,-0.002716,,,
1735024847280,0.19833,-0.15319,10.13522,0.005674,-0.012843,0.007042,,,
1735024847300,-0.00586,0.0487,10.14232,0.010213,-0.00404,-0.002504,,,
1735024847320,-0.16707,0.02434,9.6895,0.009572,-0.001198,0.013315,,,
1735024847340,-0.24721,-0.10002,9.88926,0.002992,-0.007726,-0.010424,,,
1735024847360,0.14172,-0.15735,9.91472,0.000742,-0.001583,-0.005883,,,
1735024847380,0.28882,-0.07942,9.35733,-0.001839,0.01216,0.000404,,,
1735024847400,-0.03896,0.26405,9.82588,-0.006358,-0.003344,-0.00103,,,
1735024847420,0.05395,0.21577,9.87498,0.011458,-0.005684,0.008448,,,
1735024847440,-0.27756,-0.17803,9.78339,0.007357,0.003192,-0.004054,,,
1735024847460,-0.19018,0.10421,9.39607,0.000403,-0.0054,0.003643,,,
1735024847480,-0.00145,0.07856,9.89604,0.01311,0.010872,0.010206,,,
1735024847500,0.02893,0.03177,10.05792,-0.000193,-0.001784,-0.015075,,,
1735024847520,0.07059,0.07804,9.99977,-0.003299,-0.009192,-0.012967,,,
1735024847540,0.01203,-0.02188,9.8898,0.004232,0.009888,0.012646,,,
1735024847560,0.06706,-0.29479,9.73982,0.009166,-0.008131,-0.012727,,,
1735024847580,-0.09435,0.03503,9.7425,-0.005107,-0.012196,0.0161,,,
1735024847600,0.13886,-0.17196,9.44462,0.001546,-0.007041,0.002919,,,
1735024847620,-0.08052,0.03588,9.86568,-0.018574,-0.000128,-0.012189,,,
1735024847640,0.02075,0.06953,9.78163,0.007942,0.007574,0.015354,,,
1735024847660,-0.25081,0.04258,9.96142,0.004391,-0.002338,0.006733,,,
1735024847680,0.09091,0.28542,10.01573,-0.021772,-0.001408,0.011355,,,
1735024847700,-0.07431,0.03043,9.85181,-0.014124,-0.021958,0.019462,,,
1735024847720,-0.2037,-0.06867,9.88275,0.006228,-0.005279,0.005563,,,
1735024847740,0.2428,0.1737,9.68142,-0.000891,-0.002966,0.002051,,,
1735024847760,0.06883,-0.01899,9.90198,-0.004527,0.000901,0.025133,,,
1735024847780,0.26821,-0.1234,9.50568,-0.010243,0.012393,-0.006629,,,
1735024847800,0.0122,-0.00174,9.9391,-0.002289,-0.004704,-0.011803,,,
1735024847820,-0.00738,-0.00336,9.83502,0.004492,-0.005892,0.015944,,,
1735024847840,-0.00199,0.27105,9.62903,-0.007258,-0.012278,-0.022279,,,
1735024847860,-0.12927,-0.05615,9.657,0.009588,0.006837,-0.005637,,,
1735024847880,0.08833,-0.10983,9.82037,-0.012312,-0.010607,0.000457,,,
1735024847900,-0.21205,-0.08773,10.06434,0.012846,0.002352,0.019932,,,
1735024847920,0.04319,0.14852,9.86822,-9.9e-05,-0.011475,-0.024772,,,
1735024847940,-0.07557,0.02922,9.80208,-0.007002,0.006316,0.004401,,,
1735024847960,0.134,-0.07565,10.02498,-0.000783,0.016277,-0.0135,,,
1735024847980,0.28315,0.18851,9.75926,-0.002862,-2.7e-05,0.013506,,,
1735024848000,-0.00797,-0.35392,9.81941,0.011352,-0.001024,0.005959,12.9761459,77.5962408,5.0
1735024848020,0.1556,-0.07778,10.07703,-0.000867,0.003492,-0.002983,,,
1735024848040,-0.10824,-0.00252,9.80818,-6.2e-05,-0.007722,-0.022045,,,
1735024848060,0.004,-0.19118,9.93607,0.014069,0.012927,-0.001575,,,
1735024848080,-0.04871,-0.08515,9.8581,-0.006564,0.006036,0.001762,,,
1735024848100,0.04646,-0.08804,9.79512,0.003415,-0.013191,0.004335,,,
1735024848120,0.23657,0.04743,9.78674,-0.009431,0.0007,-0.016907,,,
1735024848140,0.08097,-0.13742,9.70197,-0.017517,0.00527,0.008198,,,
1735024848160,0.01902,0.03532,9.94087,0.017148,-0.003694,0.00202,,,
1735024848180,0.0321,0.0489,9.67209,0.005433,-0.001874,-0.00573,,,
1735024848200,-0.05365,-0.2311,9.94753,-0.008204,0.010873,-0.007805,,,
1735024848220,0.19343,-0.04722,9.73057,0.009625,0.00638,-0.01182,,,
1735024848240,-0.05572,-0.08844,9.72248,0.001934,0.005623,-0.009282,,,
1735024848260,-0.0822,0.18759,10.05008,-0.008002,0.003387,-0.005677,,,
1735024848280,-0.07285,0.24765,9.74606,0.000957,-0.015563,-0.008735,,,
1735024848300,0.03488,0.03566,9.79489,-0.012309,0.007992,-0.010018,,,
1735024848320,-0.17133,0.13358,9.74541,-0.017911,0.005952,0.002052,,,
1735024848340,0.19093,-0.18903,9.81289,0.003222,0.007881,-0.009736,,,
1735024848360,0.16676,0.08388,9.96839,0.006117,0.006475,0.004314,,,
1735024848380,-0.26831,-0.08515,9.97758,0.003171,0.002878,-0.00467,,,
1735024848400,0.05783,-0.22506,9.88181,0.003012,-0.009793,0.003711,,,
1735024848420,-0.04088,-0.0457,9.82062,-0.011094,-0.013126,-0.028515,,,
1735024848440,-0.02038,0.03316,9.84521,0.00017,-0.001128,-0.001905,,,
1735024848460,0.01362,-0.03466,9.69891,0.015118,0.00473,-0.012407,,,
1735024848480,0.08465,0.04838,9.87528,-0.001321,0.002612,-0.012168,,,
1735024848500,-0.18256,0.19068,9.80804,-0.013627,-0.005737,-0.0293,,,
1735024848520,-0.08618,0.20679,9.85923,-0.011379,-0.00206,0.008053,,,
1735024848540,0.1017,0.15865,9.94327,0.011902,-0.00797,-0.002047,,,
1735024848560,-0.25391,-0.03568,9.97362,0.015129,-0.00338,0.013526,,,
1735024848580,0.14135,0.03863,9.96508,0.002681,0.013339,0.00222,,,
1735024848600,0.11672,0.00205,9.81381,0.009201,-0.00515,0.00795,,,
1735024848620,-0.18342,-0.01837,9.65024,0.00722,0.000507,0.005664,,,
1735024848640,-0.01312,0.10707,9.71396,0.01325,-0.012384,0.013833,,,
1735024848660,0.03187,-0.14198,10.03926,0.004117,-0.002334,-0.002335,,,
1735024848680,0.04028,0.14878,9.9285,-0.01005,-0.012954,-0.011876,,,
1735024848700,0.20872,0.02237,9.57775,-0.017842,0.005689,-0.002915,,,
1735024848720,0.10884,0.04671,9.88334,0.001487,-0.014751,0.011944,,,
1735024848740,0.13575,0.1345,9.79528,-0.000183,-0.005451,-0.005491,,,
1735024848760,0.05837,-0.07337,9.97705,-0.003739,0.010924,-0.005065,,,
1735024848780,-0.18367,0.17668,9.75623,-0.000645,-0.000647,0.005765,,,
1735024848800,0.21232,0.09272,9.71805,-0.00569,0.006209,0.011441,,,
1735024848820,-0.1177,-0.2125,9.73628,0.003222,0.000477,0.010423,,,
1735024848840,-0.0296,-0.14068,9.78149,-0.012111,0.001937,0.008387,,,
1735024848860,0.01098,-0.06114,10.00514,-0.013266,-0.00734,0.027421,,,
1735024848880,-0.10811,0.08957,9.81046,-0.016837,0.001962,-0.00219,,,
1735024848900,-0.08883,0.06178,9.7485,-0.008141,-0.0034,-0.007617,,,
1735024848920,0.31949,-0.08371,9.8724,0.000612,-0.007381,0.007173,,,
1735024848940,-0.02313,0.12213,9.56514,-0.008409,-0.022356,-0.000733,,,
1735024848960,0.03354,-0.24068,9.68057,0.009379,-0.00627,-3.8e-05,,,
1735024848980,0.1338,-0.01494,9.97544,-0.001927,0.001751,-0.003104,,,
1735024849000,-0.0157,-0.03841,9.79004,-0.003175,0.004453,-0.005895,12.9762678,77.5963381,5.0
1735024849020,0.01326,-0.13986,9.86485,-0.0068,-0.006246,0.014415,,,
1735024849040,-0.08384,0.06527,9.85391,0.003604,0.011214,0.007578,,,
1735024849060,-0.23652,-0.03931,9.85376,-0.012195,-0.005221,-0.004127,,,
1735024849080,-0.1764,-0.11718,9.84366,0.006621,-0.007305,0.004965,,,
1735024849100,0.04717,0.30674,9.95716,-0.012679,0.021531,-0.006078,,,
1735024849120,-0.1357,-0.11498,9.81705,-0.008895,-0.008546,0.00713,,,
1735024849140,-0.15339,-0.00066,9.52654,-0.006477,0.001139,-0.000921,,,
1735024849160,0.11066,0.25497,9.84664,-4.2e-05,0.013604,0.010794,,,
1735024849180,0.05983,0.05078,9.53078,-0.01303,0.000343,0.009727,,,
1735024849200,-0.23014,0.0405,9.79932,0.008137,0.005006,-0.000664,,,
1735024849220,-0.02453,-0.15351,10.01893,0.000269,0.002166,0.00933,,,
1735024849240,0.02102,-0.07764,9.93104,0.003075,0.004627,0.00221,,,
1735024849260,-0.25446,-0.04188,9.76717,0.012117,0.001521,0.009943,,,
1735024849280,-0.28333,0.0406,9.59424,-0.008698,-0.005107,0.003365,,,
1735024849300,-0.06046,-0.35237,9.67035,-0.00737,0.009808,0.004882,,,
1735024849320,-0.07964,0.1343,10.10246,0.012759,-0.006635,-0.018583,,,
1735024849340,-0.04953,0.17477,9.60232,0.009126,0.006765,-0.012383,,,
1735024849360,0.02384,-0.13401,9.65967,0.00048,-0.016249,0.006986,,,
1735024849380,0.22102,0.06626,9.86859,0.00351,0.00036,-0.00187,,,
1735024849400,0.09479,0.02571,9.99146,-0.000741,0.002886,0.009525,,,
1735024849420,0.04828,-0.04281,9.83434,-0.001702,0.006257,0.009082,,,
1735024849440,-0.10614,0.22418,9.88541,0.00365,0.004183,0.02093,,,
1735024849460,-0.17063,0.21772,9.71467,-0.000363,-0.010366,-0.005041,,,
1735024849480,0.09061,-0.12904,9.51016,-0.008114,-0.020805,-0.019829,,,
1735024849500,0.06081,-0.10835,9.88244,-0.001139,-0.004233,0.011992,,,
1735024849520,0.1183,-0.41885,9.83595,-0.008995,0.001573,0.019871,,,
1735024849540,0.20911,-0.12774,9.65901,-0.001829,0.003408,0.013985,,,
1735024849560,-0.05809,-0.05089,9.92543,0.005776,-0.00069,-0.00178,,,
1735024849580,0.07828,-0.16042,10.00763,-0.000564,0.007589,0.003275,,,
1735024849600,-0.31336,-0.15741,9.7737,-0.010717,-0.000598,0.018138,,,
1735024849620,-0.16591,0.11605,9.48826,-0.010556,-0.012296,0.006686,,,
1735024849640,0.10803,-0.28283,9.65382,-0.015694,-0.010617,-0.013125,,,
1735024849660,-0.00563,-0.2251,9.83048,-0.019577,0.010276,0.00649,,,
1735024849680,0.1606,0.20753,9.62246,-0.0068,-0.00512,-0.002361,,,
1735024849700,-0.11486,-0.05,9.85377,-0.020692,-0.016067,-0.007497,,,
1735024849720,0.23094,-0.29075,9.86551,-0.00304,0.009642,-0.015366,,,
1735024849740,0.04406,0.25749,9.83613,-0.010457,-0.023411,-0.009942,,,
1735024849760,0.19702,0.07061,9.99966,0.001837,0.008037,0.011827,,,
1735024849780,-0.15038,0.04146,9.97702,-0.009024,0.003209,0.006193,,,
1735024849800,-0.44954,-0.18343,9.8381,0.013533,-0.006756,0.0131,,,
1735024849820,0.18198,-0.11895,9.95607,-0.007214,-0.007063,-0.010716,,,
1735024849840,0.27556,0.03042,9.80745,0.000766,-0.005734,0.008473,,,
1735024849860,-0.21908,-0.36303,9.96845,-0.007449,-0.002258,0.000991,,,
1735024849880,0.08832,-0.24734,9.59835,0.00943,-0.005412,-0.001554,,,
1735024849900,-0.03529,-0.05632,9.62415,-0.004079,-0.007909,0.011683,,,
1735024849920,0.09293,-0.04849,9.55748,-0.006886,0.015366,0.010908,,,
1735024849940,0.189,-0.17244,9.8558,-0.008122,-0.011778,0.019397,,,
1735024849960,0.2103,0.19794,9.83575,-0.009939,0.007894,0.010716,,,
1735024849980,0.04232,-0.28898,9.76594,0.021211,0.011553,-0.014964,,,
1735024850000,0.12859,0.2151,10.03266,9.1e-05,-0.013493,-0.001181,12.9763367,77.596425,5.0
1735024850020,0.07475,-0.00073,9.95723,-0.001262,0.001221,0.003931,,,
1735024850040,0.07194,0.19343,9.93454,-0.016666,0.023802,0.003844,,,
1735024850060,-0.03605,0.03596,9.77344,-0.00328,-0.002671,-0.002839,,,
1735024850080,-0.00386,-0.04999,9.73161,0.003419,-0.004534,-0.004801,,,
1735024850100,-0.14104,-0.08041,9.73915,0.00295,-0.000886,-0.007003,,,
1735024850120,-0.00514,0.02714,9.64787,0.000321,-0.00117,0.005835,,,
1735024850140,-0.03641,-0.15968,9.90735,0.007818,0.009726,-0.011313,,,
1735024850160,-0.11339,-0.07843,9.74804,-0.001501,0.011178,-0.011543,,,
1735024850180,0.15605,-0.30154,10.18645,-0.013169,-0.021284,-0.009277,,,
1735024850200,0.23757,0.106,10.1587,0.003344,-0.003561,-0.00695,,,
1735024850220,0.09804,-0.01851,9.74787,0.001235,0.015561,0.017138,,,
1735024850240,-0.21729,0.2699,9.90789,0.021269,-0.009132,0.006521,,,
1735024850260,0.15034,-0.07404,9.94967,0.031988,0.01259,-0.008255,,,
1735024850280,0.07889,0.04247,9.73322,0.004817,-0.016472,0.008801,,,
1735024850300,0.13009,-0.01681,9.62533,0.002531,0.009605,-0.001433,,,
1735024850320,0.05978,0.15207,9.95613,-0.007916,-0.004705,0.012547,,,
1735024850340,-0.01371,-0.09015,9.7687,-0.001487,0.005484,-0.00629,,,
1735024850360,0.26661,0.07384,9.6985,0.003432,0.010364,0.003577,,,
1735024850380,-0.11732,-0.25789,9.66113,0.007368,0.019498,-0.009524,,,
1735024850400,-0.01007,-0.17624,9.47798,-0.001867,0.016875,0.008622,,,
1735024850420,-0.19759,-0.236,9.96749,-0.008222,0.00217,-0.004109,,,
1735024850440,0.06324,0.17022,9.90079,-0.00101,-0.015608,-0.004654,,,
1735024850460,-0.24279,0.01328,9.72412,-0.004528,-0.016726,0.008388,,,
1735024850480,0.13184,-0.13228,10.01802,-0.013585,0.006679,0.013573,,,
1735024850500,-0.01521,0.03317,9.84302,0.016512,0.002085,-0.000539,,,
1735024850520,0.04436,-0.19494,9.77946,-0.010384,-0.01359,-0.029236,,,
1735024850540,-0.22296,0.06695,9.52023,0.013548,0.000899,0.010152,,,
1735024850560,0.01576,-0.08296,9.84764,-0.009195,0.012472,0.000176,,,
1735024850580,0.24806,0.14534,9.89942,0.012762,-0.002769,0.005198,,,
1735024850600,0.22578,-0.01114,9.79604,-0.001457,-0.015277,0.025813,,,
1735024850620,0.21091,-0.08805,9.7392,0.00321,0.013021,0.006416,,,
1735024850640,0.0538,-0.02246,9.68934,-0.003823,-0.008852,0.006609,,,
1735024850660,-0.03532,-0.02373,9.59259,-0.009279,-0.001231,0.010531,,,
1735024850680,-0.09593,-0.07831,9.78408,-0.000522,0.011495,0.017701,,,
1735024850700,0.13069,0.03163,10.00987,0.002883,-0.00188,-0.014615,,,
1735024850720,-0.39316,-0.10698,9.62241,-0.008874,-0.008299,-0.000384,,,
1735024850740,0.21251,0.22627,9.6819,0.013892,-0.014051,-0.00108,,,
1735024850760,-0.07369,-0.09785,9.63013,0.003742,-0.017598,0.004768,,,
1735024850780,0.19749,-0.12031,9.67849,0.003382,0.009159,0.019164,,,
1735024850800,-0.12166,0.08648,9.89549,0.016145,-0.001275,-0.00192,,,
1735024850820,-0.08992,-0.07987,9.88292,-0.02527,0.012956,0.00546,,,
1735024850840,0.17286,-0.02921,9.66524,-0.001979,0.008223,0.011306,,,
1735024850860,0.15347,-0.09035,9.79297,-0.005669,0.004428,-0.007587,,,
1735024850880,-0.15507,-0.08124,9.80961,-0.017681,-0.014821,-0.003034,,,
1735024850900,0.21545,0.00089,9.7003,-0.016154,-0.010463,0.011329,,,
1735024850920,0.16425,-0.14847,9.97979,-0.012395,-0.012438,0.010269,,,
1735024850940,-0.08152,0.14423,10.02781,0.003565,0.010578,0.018659,,,
1735024850960,0.11155,0.22206,9.88118,-0.006322,0.005007,0.0111,,,
1735024850980,-0.14559,0.03671,9.98847,0.014447,-0.004903,-0.004129,,,
1735024851000,0.00783,0.36912,9.71022,-0.014989,0.010083,-0.014492,12.9764102,77.5964853,5.0
1735024851020,0.17558,-0.06874,9.96932,-0.007563,0.008124,0.006148,,,
1735024851040,-0.01535,0.22731,9.89329,-0.003237,0.001156,-0.015969,,,
1735024851060,0.08549,-0.03882,9.95012,-0.003361,0.006022,-0.001203,,,
1735024851080,0.10015,-0.0353,9.76307,-0.008621,-0.01186,-0.009555,,,
1735024851100,0.23837,0.17832,9.87602,-0.001756,-0.002351,-0.009308,,,
1735024851120,0.21332,0.03469,9.43738,-0.002969,0.012154,-0.003985,,,
1735024851140,0.13121,0.01293,9.5842,0.001159,0.003229,-0.006352,,,
1735024851160,0.07252,0.19813,9.97406,0.010268,-0.013078,-0.001014,,,
1735024851180,0.06579,-0.03284,9.63859,0.001355,0.011619,0.003526,,,
1735024851200,-0.05565,-0.19014,9.80501,0.002752,0.003628,-0.005833,,,
1735024851220,-0.04709,0.12444,9.68218,0.002553,-0.002236,0.004205,,,
1735024851240,-0.0189,-0.14198,10.0188,-0.012103,-0.019117,0.002923,,,
1735024851260,-0.10932,-0.01698,9.54791,0.008731,0.024311,0.007194,,,
1735024851280,-0.0287,0.28903,9.73975,-0.013574,0.018972,0.015516,,,
1735024851300,0.01058,-0.03873,9.7094,0.008776,-0.018166,-0.016162,,,
1735024851320,0.14461,0.13928,9.75793,0.000597,-0.000583,-0.005281,,,
1735024851340,-0.1183,0.01645,10.00847,0.01405,-0.019425,-0.0033,,,
1735024851360,-0.05179,0.07289,9.89775,0.006793,0.006607,-0.016966,,,
1735024851380,-0.04681,0.0227,9.69353,0.015369,-0.017715,-0.000717,,,
1735024851400,-0.15408,0.0503,9.78266,0.005776,-0.009071,0.000416,,,
1735024851420,-0.12851,0.21034,9.71907,-0.010915,-0.007106,0.01127,,,
1735024851440,0.26109,-0.05916,9.71275,0.014401,-0.004728,-0.004098,,,
1735024851460,0.26046,0.27353,10.14239,-0.013968,0.004041,-0.009769,,,
1735024851480,-0.04011,0.07054,9.99405,-0.016664,0.017338,0.004787,,,
1735024851500,-0.07539,0.0778,9.74446,-0.005807,0.005123,-0.001368,,,
1735024851520,0.223,-0.21645,9.93516,-0.015861,0.002567,-0.002786,,,
1735024851540,0.13664,0.00478,9.90908,0.001424,-0.008541,-0.009446,,,
1735024851560,0.02853,0.06282,9.71384,0.018435,-0.009709,-0.001525,,,
1735024851580,-0.41883,-0.25282,9.6338,0.000692,0.017983,-0.02464,,,
1735024851600,0.02858,0.16126,9.70479,-0.008194,0.013638,-0.004483,,,
1735024851620,0.00999,0.0137,9.68952,0.008963,-0.000428,-0.006044,,,
1735024851640,-0.06979,0.07542,9.98711,-0.003135,0.002101,-0.005792,,,
1735024851660,-0.26597,-0.07432,9.80207,-0.006478,0.006168,0.002574,,,
1735024851680,0.1789,0.22537,9.9378,0.000379,0.00813,0.005348,,,
1735024851700,0.065,0.00332,9.81386,0.007798,0.008508,0.013434,,,
1735024851720,-0.03234,0.00762,9.8962,0.009725,-0.00424,-0.0005,,,
1735024851740,-0.25377,0.07195,9.9487,-0.006731,-0.007137,0.01496,,,
1735024851760,-0.13764,0.15975,9.66436,0.00099,0.015532,-0.01813,,,
1735024851780,-0.09506,0.18531,9.55133,-0.001186,-0.00531,-0.009627,,,
1735024851800,0.15392,-0.11235,9.79082,-0.009902,-0.00603,-0.001933,,,
1735024851820,-0.07073,0.02824,9.75679,0.000705,-0.002545,-0.006143,,,
1735024851840,0.0561,-0.23556,10.00558,-0.006562,0.024508,-0.005217,,,
1735024851860,0.11909,-0.05966,9.90198,0.011589,-0.012612,-0.005635,,,
1735024851880,-0.01752,-0.30934,10.04417,-0.004499,0.00447,-0.013934,,,
1735024851900,-0.18453,-0.1094,9.82635,0.012602,0.000513,0.006015,,,
1735024851920,-0.13331,-0.19178,9.81678,0.013121,0.005313,-0.004147,,,
1735024851940,-0.12086,-0.04432,9.65879,0.005718,-0.010051,-0.012891,,,
1735024851960,0.07798,-0.07095,9.85441,-0.007726,0.012153,-0.004645,,,
1735024851980,-0.00796,0.11453,9.90652,-0.016027,-0.012303,-0.010337,,,
1735024852000,0.06907,0.14789,9.94497,-0.017696,-0.005961,0.002412,12.9765209,77.5965573,5.0
1735024852020,0.10607,0.03852,9.94711,-0.006547,-0.011567,-0.001981,,,
1735024852040,0.13242,0.11311,9.91565,-0.005436,-0.011219,-0.006129,,,
1735024852060,0.09634,-0.05699,9.97234,0.014747,7.9e-05,-0.004555,,,
1735024852080,0.04049,-0.14537,9.88544,-0.019293,-0.005891,-0.001832,,,
1735024852100,0.08755,-0.07879,9.61688,-0.004563,0.019318,-0.007687,,,
1735024852120,-0.1769,-0.0208,9.68378,-0.00389,0.004023,0.015913,,,
1735024852140,-0.04042,-0.13898,9.71454,-0.000575,-0.006507,-0.007612,,,
1735024852160,0.26544,0.1068,9.81198,-0.034669,0.000782,-0.006672,,,
1735024852180,-0.02237,0.12524,10.00092,-0.006735,0.00777,-0.018058,,,
1735024852200,-0.0646,-0.03233,10.0704,0.007695,0.003569,0.005867,,,
1735024852220,-0.0443,-0.31781,9.83172,-0.001589,0.007765,0.010577,,,
1735024852240,0.0443,-0.23858,9.69138,-0.004804,0.008397,0.001277,,,
1735024852260,-0.21638,0.03014,9.80071,-0.006517,-0.005039,-0.004281,,,
1735024852280,0.1554,0.0048,9.70871,0.001284,-0.003676,-0.002448,,,
1735024852300,0.08226,-0.01708,9.89187,0.001713,0.003944,0.005558,,,
1735024852320,0.16849,0.15444,9.75892,-0.010572,-0.014369,0.003065,,,
1735024852340,0.19322,0.06752,9.80838,-0.004322,0.007711,0.006603,,,
1735024852360,0.06505,0.06883,9.98389,0.011018,-0.015126,0.005286,,,
1735024852380,-0.18006,-0.29062,9.83176,-0.023167,0.004487,0.013227,,,
1735024852400,-0.00525,-0.04087,9.66658,-0.004638,-0.006464,0.010576,,,
1735024852420,-0.08831,-0.1398,10.00596,-0.01276,0.00078,-0.004612,,,
1735024852440,0.011,-0.12161,9.90908,0.004828,0.003755,-0.014687,,,
1735024852460,-0.05826,-0.05852,9.79965,0.001131,-0.014439,-0.024389,,,
1735024852480,0.0724,0.09981,10.00814,0.013857,-0.013039,-0.008437,,,
1735024852500,-0.26307,0.29195,9.75901,-0.018829,0.015067,0.006635,,,
1735024852520,-0.15232,-0.2246,9.85904,0.014464,-0.00431,-0.002977,,,
1735024852540,-0.05998,-0.16518,9.87743,0.000485,0.00493,-0.000976,,,
1735024852560,-0.02509,0.15551,9.7256,0.006887,-0.005731,0.006363,,,
1735024852580,0.09197,-0.04758,10.16228,0.004029,0.013246,-0.011227,,,
1735024852600,0.44982,0.07312,9.95229,-0.00445,-0.003841,0.004537,,,
1735024852620,0.02109,0.17403,9.99841,0.005001,0.014755,0.006005,,,
1735024852640,0.15529,-0.03574,9.83065,-0.001623,0.00071,0.005152,,,
1735024852660,-0.04261,0.21316,9.92167,-0.005329,-0.001387,0.019929,,,
1735024852680,0.10694,-0.20116,9.74334,-0.005515,-0.002022,-0.007946,,,
1735024852700,0.00015,0.07742,9.56578,-0.014562,-0.00971,0.006551,,,
1735024852720,0.18397,-0.11004,9.59498,0.015543,-0.001311,0.00342,,,
1735024852740,-0.21113,0.07931,9.95467,-0.000119,-0.005486,0.002788,,,
1735024852760,0.0042,0.17138,10.03409,0.011804,-7.4e-05,0.010672,,,
1735024852780,0.14664,0.12218,9.84218,-0.017736,-0.0028,-0.00025,,,
1735024852800,0.32568,0.05504,9.86032,-0.012254,0.008145,0.005947,,,
1735024852820,0.0055,-0.06491,9.90506,0.010251,-0.011596,-0.003319,,,
1735024852840,0.08529,-0.2065,9.7296,0.001825,0.01566,0.003036,,,
1735024852860,0.23109,-0.03779,9.71366,0.001501,0.010596,0.002895,,,
1735024852880,0.00367,0.16697,9.81797,0.004041,0.019304,0.005978,,,
1735024852900,-0.11861,0.14133,9.78974,0.008341,0.001955,-0.005886,,,
1735024852920,-0.00957,-0.03222,9.72284,-0.00252,-0.012014,-0.002424,,,
1735024852940,-0.09712,0.12466,9.70631,0.00328,0.00498,0.00094,,,
1735024852960,0.09986,0.00343,9.66519,-0.017838,0.003114,0.009661,,,
1735024852980,0.14828,-0.30227,9.70332,0.002843,-0.009241,0.003829,,,
1735024853000,0.027,-0.05451,9.65263,-0.006218,0.007529,-0.013556,12.9765864,77.5966198,5.0
1735024853020,0.15113,-0.01926,9.69452,0.003888,-0.006451,0.011677,,,
1735024853040,0.00855,-0.26695,9.99989,0.004164,-0.00258,-0.00446,,,
1735024853060,-0.00043,0.02988,9.6982,-0.010983,-0.022926,-0.006486,,,
1735024853080,0.21631,0.0984,9.82356,-0.019735,-0.005387,-0.005814,,,
1735024853100,0.11357,0.00216,9.86533,-5.8e-05,0.000632,-0.002871,,,
1735024853120,-0.13605,-0.11335,9.85481,-0.007857,0.00896,-0.016266,,,
1735024853140,0.13577,-0.06466,9.45341,-0.018707,-0.00929,-0.01107,,,
1735024853160,0.06352,0.19006,9.70104,-0.016831,-0.009417,0.008599,,,
1735024853180,-0.04083,0.14881,9.75933,0.003093,0.001728,0.008036,,,
1735024853200,0.16342,0.05208,9.79891,0.007252,0.004044,0.00784,,,
1735024853220,0.10016,0.22375,10.02851,-0.003061,-0.010931,-0.007441,,,
1735024853240,0.42109,-0.25998,9.78569,0.000571,-0.005272,-0.021359,,,
1735024853260,0.08094,0.13714,10.02981,-0.001103,0.01107,0.001847,,,
1735024853280,-0.27638,-0.02713,9.72095,-0.001546,0.002849,0.001784,,,
1735024853300,0.12085,0.18616,10.07648,0.003092,-0.003105,-0.003215,,,
1735024853320,0.31953,-0.14819,10.06214,-0.006206,0.001409,0.015121,,,
1735024853340,0.00114,-0.1953,9.55252,-0.01174,0.002047,-0.010717,,,
1735024853360,0.04422,0.05821,10.19006,-0.003848,-0.001482,-0.01233,,,
1735024853380,-0.2725,-0.27581,9.97064,-0.005221,0.007791,-0.017905,,,
1735024853400,0.33827,-0.06341,9.91052,-0.005255,0.010878,0.012857,,,
1735024853420,-0.29464,0.0931,9.69876,0.009432,0.01167,-0.005753,,,
1735024853440,-0.16598,0.06529,9.78888,0.000581,0.008546,0.016158,,,
1735024853460,-0.00277,0.04637,9.64236,0.00182,0.015993,0.010678,,,
1735024853480,0.08026,-0.12283,9.98367,0.00686,0.012127,0.007858,,,
1735024853500,0.07595,0.04429,9.98401,-0.009476,-0.014925,-0.009528,,,
1735024853520,-0.12742,-0.09245,9.88048,-0.003245,-0.001486,-0.009866,,,
1735024853540,0.2094,-0.07797,9.93798,-0.01207,0.002824,0.000918,,,
1735024853560,-0.14492,0.1877,9.79559,0.017654,0.002618,-0.010164,,,
1735024853580,-0.0275,0.03563,9.98369,-0.008459,0.003619,0.007332,,,
1735024853600,0.18053,-0.14229,9.68386,-0.003219,-0.003414,0.003313,,,
1735024853620,0.17956,-0.08311,9.94911,-0.011356,-0.004001,-0.00491,,,
1735024853640,-0.19877,-0.24027,10.01878,-0.006957,-0.002828,0.013425,,,
1735024853660,-0.08448,0.07568,9.7908,0.013697,0.010844,0.001761,,,
1735024853680,-0.02097,0.05073,10.00192,0.000935,0.004438,0.003319,,,
1735024853700,0.13964,-0.01655,9.82769,-0.018649,-0.010417,0.006924,,,
1735024853720,0.12529,0.12539,9.57327,-0.007901,0.002165,0.012178,,,
1735024853740,-0.17335,-0.03613,9.57697,-0.013537,0.005025,0.00588,,,
1735024853760,-0.45446,0.05879,9.81296,-0.010853,-0.00935,-0.00482,,,
1735024853780,-0.03881,-0.03797,9.77786,0.006609,0.00638,-0.011658,,,
1735024853800,0.01012,-0.24074,9.65228,0.013082,-0.01488,-0.010767,,,
1735024853820,0.3048,-0.00272,9.79424,-0.004663,0.003641,0.015528,,,
1735024853840,0.10809,-0.08445,9.85457,-0.000356,-0.000361,0.012743,,,
1735024853860,0.11182,0.07538,9.82523,-0.001845,0.011013,0.018776,,,
1735024853880,-0.02259,0.1252,9.85756,0.004069,0.007161,0.005023,,,
1735024853900,0.09637,0.01937,9.80125,0.002322,-0.009251,-0.004157,,,
1735024853920,0.23222,0.09735,9.48125,0.002177,-0.000268,-0.017204,,,
1735024853940,0.08115,0.08298,9.56635,-0.00398,-0.008583,-0.009196,,,
1735024853960,0.23352,-0.06558,9.92142,-0.008288,-0.004284,-0.001426,,,
1735024853980,0.10462,0.05719,9.32189,-0.003483,0.004441,-0.018613,,,
1735024854000,-0.24151,-0.23418,9.55534,-0.01732,-0.013272,-0.003939,12.9766457,77.5966426,5.0
1735024854020,0.00263,0.40799,9.64479,0.008452,-0.021479,0.00845,,,
1735024854040,-0.09528,0.08817,9.86094,-0.00272,-0.004181,0.006563,,,
1735024854060,-0.08566,0.20297,9.96887,0.008835,-0.002605,-0.014859,,,
1735024854080,0.21344,0.08232,9.66934,0.001319,-0.003205,-0.009264,,,
1735024854100,-0.04746,-0.13123,9.86486,0.001732,-0.001465,-0.00326,,,
1735024854120,0.09236,-0.16187,9.84632,-0.017991,0.002312,0.008375,,,
1735024854140,-0.19972,0.12536,9.93692,0.008543,-0.0006,0.009634,,,
1735024854160,0.16241,0.05941,10.00191,0.004082,-0.004918,-0.00689,,,
1735024854180,0.12118,0.13901,9.72757,-0.003038,-0.002612,0.00936,,,
1735024854200,-0.2124,0.21228,9.86453,-0.01602,-0.010012,-0.00373,,,
1735024854220,-0.04804,0.00075,9.8385,-0.007562,0.017609,0.001593,,,
1735024854240,-0.05865,0.14613,9.64429,0.012661,-0.011306,0.017837,,,
1735024854260,-0.23623,-0.11336,9.76274,0.008179,0.003188,0.017141,,,
1735024854280,0.01236,-0.03415,10.01137,0.014451,-0.012223,0.013093,,,
1735024854300,0.18652,-0.18445,9.86835,-0.005061,-0.013549,0.00759,,,
1735024854320,0.14209,0.05034,9.70658,0.011827,0.000439,0.003293,,,
1735024854340,-0.07648,-0.21158,9.86154,0.005434,0.003793,0.007434,,,
1735024854360,0.26125,-0.06137,9.53129,0.009004,-0.00391,-0.010639,,,
1735024854380,-0.20732,0.14818,9.69704,-0.006496,0.004962,0.003782,,,
1735024854400,-0.01748,-0.06657,9.53026,0.019243,-0.025039,-0.000529,,,
1735024854420,-0.17701,-0.03771,9.76973,0.002271,0.001836,-0.02781,,,
1735024854440,0.16942,0.01603,9.66014,-0.001025,-0.00751,-0.030006,,,
1735024854460,0.21224,0.21998,9.904,0.011906,0.010119,-0.003877,,,
1735024854480,0.00551,-0.02422,9.86225,-0.010297,0.010242,-0.000372,,,
1735024854500,-0.0074,0.08951,9.83267,-0.003682,-0.002751,-0.02228,,,
1735024854520,0.17372,0.06066,9.84363,0.016738,-0.007129,0.000959,,,
1735024854540,-0.11314,0.16487,9.62105,0.010984,0.012134,0.003782,,,
1735024854560,0.21022,-0.03505,9.73029,0.005767,-0.008577,-0.000759,,,
1735024854580,0.13679,0.13408,9.81131,-0.011833,0.006856,-0.006549,,,
1735024854600,0.00559,-0.36715,10.02534,0.004382,-0.007709,0.003673,,,
1735024854620,-0.14665,0.16131,9.76556,0.004765,0.006755,0.019455,,,
1735024854640,0.27586,0.23234,9.94423,0.01302,-0.016212,0.005557,,,
1735024854660,-0.18399,-0.16175,10.03478,-0.002166,-0.013342,-0.012654,,,
1735024854680,0.13876,0.08191,9.8476,-0.016812,0.000372,0.008327,,,
1735024854700,-0.15563,-0.19181,9.77262,0.000168,0.008572,-0.009407,,,
1735024854720,-0.0665,0.06283,9.96273,0.00501,-0.003253,-0.014223,,,
1735024854740,0.26962,0.10828,9.69374,-0.006149,5.6e-05,0.002918,,,
1735024854760,-0.10141,0.18738,10.01108,0.002838,0.00192,-0.006962,,,
1735024854780,-0.03413,-0.17407,9.93879,0.011044,0.0025,0.019241,,,
1735024854800,0.01697,-0.01571,9.99757,-0.015541,0.003867,-0.015959,,,
1735024854820,-0.23671,-0.02193,9.67474,0.006874,-0.004947,0.021126,,,
1735024854840,0.07585,-0.11537,9.86391,0.006762,0.021617,-0.012458,,,
1735024854860,-0.01159,0.158,9.85728,-0.006105,-0.009245,-0.002071,,,
1735024854880,0.18657,0.08207,9.85758,0.015291,-0.001676,-0.000574,,,
1735024854900,-0.0982,-0.23188,9.87958,-0.014139,0.000767,0.013437,,,
1735024854920,0.0998,0.1322,9.58937,-0.000216,0.011467,-0.011592,,,
1735024854940,0.06456,-0.18328,9.63209,0.005988,-0.00578,-0.000528,,,
1735024854960,0.17398,-0.15007,10.24966,0.011802,-0.005185,0.012085,,,
1735024854980,0.11506,0.127,9.78514,0.010798,0.006315,0.007397,,,
1735024855000,0.06328,0.01474,9.78322,-0.013386,-0.000142,-0.009799,12.9767658,77.5967851,5.0
1735024855020,0.23375,-0.1598,9.69055,-0.010774,0.00382,0.006254,,,
1735024855040,-0.06372,-0.02902,10.24084,-0.004404,-0.006338,-0.009922,,,
1735024855060,-0.21506,0.17364,9.99196,-0.004479,0.012,-0.001256,,,
1735024855080,-0.04753,-0.0044,9.50953,-0.010699,0.00251,0.004419,,,
1735024855100,0.01051,-0.02378,9.84938,0.020801,0.01526,0.001566,,,
1735024855120,-0.12066,0.10512,10.05747,0.014474,-0.01411,-0.000703,,,
1735024855140,-0.0908,-0.16884,9.86516,-0.010844,-0.001134,0.000984,,,
1735024855160,0.10861,0.06296,9.62342,0.012808,-0.005384,0.021667,,,
1735024855180,0.01764,0.18954,10.00579,-0.006287,-0.002664,-0.003268,,,
1735024855200,-0.04663,-0.00303,9.65409,0.001142,0.000133,-0.019694,,,
1735024855220,-0.06225,-0.07672,9.7004,0.018685,-0.016031,-0.009991,,,
1735024855240,0.00996,-0.0387,9.89206,0.016331,0.018886,0.002013,,,
1735024855260,-0.07849,0.05386,9.62112,0.013399,0.023144,-0.008587,,,
1735024855280,-0.13677,-0.08479,9.83659,0.000897,-0.004,-0.009925,,,
1735024855300,0.21955,-0.0384,9.75183,0.002066,0.014389,0.001182,,,
1735024855320,0.10931,-0.06359,9.86585,0.002251,0.017029,-0.026566,,,
1735024855340,0.01926,0.12062,9.87652,-0.011677,0.011135,0.008152,,,
1735024855360,0.17732,-0.09404,9.83372,-0.011147,-0.001723,-0.000249,,,
1735024855380,0.03651,-0.25085,9.63895,0.005375,-0.001511,0.005299,,,
1735024855400,-0.18971,-0.04152,9.74628,-0.004082,-0.013721,-0.010912,,,
1735024855420,-0.18404,-0.03266,9.6402,-0.004321,-0.003312,-0.00377,,,
1735024855440,-0.22331,-0.04135,9.64428,-0.013499,0.002239,0.0011,,,
1735024855460,0.05175,-0.15006,9.62153,0.014614,-0.019321,-0.008995,,,
1735024855480,0.19943,0.0295,10.06168,0.017099,0.013872,0.015284,,,
1735024855500,0.01242,-0.1408,9.93372,-0.011463,-0.016676,-0.008804,,,
1735024855520,0.00999,0.0238,9.99858,-0.001767,0.023965,0.00088,,,
1735024855540,0.11492,-0.08649,9.84741,0.002984,-0.008773,0.002195,,,
1735024855560,-0.14823,0.34638,9.64931,0.00271,-0.004064,-0.014346,,,
1735024855580,0.08147,0.09596,9.59961,-0.010479,0.012282,0.008526,,,
1735024855600,0.09647,-0.16362,9.77108,0.013448,-0.019847,-0.012987,,,
1735024855620,-0.08611,0.03679,10.03729,0.018532,-0.006723,0.011488,,,
1735024855640,-0.26009,0.08581,10.05421,-0.014975,-0.001458,0.016149,,,
1735024855660,-0.00821,0.07936,9.87151,-0.008264,-0.003125,0.011108,,,
1735024855680,0.06693,-0.11316,9.82437,-0.00511,0.003103,-0.004571,,,
1735024855700,0.08033,-0.1189,9.92441,-0.01377,0.016177,0.001844,,,
1735024855720,0.1396,0.05872,10.09618,-0.00967,-0.020712,0.013143,,,
1735024855740,-0.09999,0.0261,10.00103,0.014632,-0.006143,0.001172,,,
1735024855760,0.09996,0.16417,9.69703,0.014095,0.000235,-0.000979,,,
1735024855780,0.15412,0.0964,10.07022,-0.006206,0.006265,0.013937,,,
1735024855800,-0.02285,-0.10886,9.91256,0.007879,-0.017915,0.014918,,,
1735024855820,0.23727,-0.12241,9.68987,0.008198,0.008675,0.003367,,,
1735024855840,-0.21448,-0.08877,9.87233,-0.001385,-0.024215,-0.012216,,,
1735024855860,-0.22224,-0.18484,9.86438,-0.00316,0.001717,-0.003882,,,
1735024855880,0.02413,0.05668,9.99059,-0.01129,0.002607,0.018243,,,
1735024855900,0.01353,-0.04774,9.7193,-0.002823,0.003753,0.000785,,,
1735024855920,-0.11788,0.0553,10.18466,0.002314,-0.000627,0.015519,,,
1735024855940,0.06367,-0.00482,9.54701,-0.000461,-0.008241,-0.00337,,,
1735024855960,-0.07311,0.26374,9.93299,0.01002,-0.013146,0.002651,,,
1735024855980,-0.26919,-0.1331,9.74218,0.002785,-0.001115,0.02502,,,
1735024856000,0.01554,-0.15415,9.76882,-0.025158,0.003212,-0.011588,12.9768453,77.5968902,5.0
1735024856020,0.09237,-0.25773,10.0905,0.010689,-0.000591,-0.003784,,,
1735024856040,-0.00225,0.04567,9.69504,0.010302,-0.005434,-0.00454,,,
1735024856060,0.06872,0.15395,9.69449,0.025447,0.00339,-0.015785,,,
1735024856080,-0.16902,0.06957,9.89201,-0.005051,0.003958,-0.004143,,,
1735024856100,-0.15031,-0.02861,9.78286,0.01243,0.010276,0.002564,,,
1735024856120,0.06542,0.17734,10.31285,-0.002167,0.017907,-0.014626,,,
1735024856140,-0.18877,-0.00401,9.93852,-0.001765,0.003126,0.022321,,,
1735024856160,0.06262,-0.20223,9.89983,-0.008263,0.002019,0.002376,,,
1735024856180,-0.08203,0.14074,9.69658,0.002758,0.008985,0.002927,,,
1735024856200,-0.10201,-0.09564,9.71077,0.007578,0.001735,0.006112,,,
1735024856220,0.09105,-0.17967,9.67935,-0.002286,0.000468,-0.004738,,,
1735024856240,-0.23251,0.00967,9.78301,-0.014702,-0.016973,-0.012346,,,
1735024856260,0.05069,0.03669,10.02072,0.010222,0.004163,-0.001606,,,
1735024856280,0.02935,-0.00254,9.7506,0.007363,0.014157,-0.005357,,,
1735024856300,0.22032,0.07774,9.82619,0.001911,-0.001977,-0.009423,,,
1735024856320,0.0281,0.27527,10.02154,-0.006403,0.005411,0.003116,,,
1735024856340,0.06232,0.00025,9.91627,0.00806,-0.00693,0.016366,,,
1735024856360,-0.27841,-0.12233,9.89186,0.002142,-0.015903,0.009047,,,
1735024856380,0.05312,-0.02965,9.88992,0.004464,-0.001212,-0.006243,,,
1735024856400,0.2826,-0.27041,9.68122,-0.012578,-0.000857,0.014147,,,
1735024856420,-0.02827,-0.02577,9.73397,0.024462,-0.016998,0.000822,,,
1735024856440,-0.08217,-0.2775,9.62516,0.002861,0.014235,-0.006617,,,
1735024856460,-0.121,-0.07667,9.91693,0.00127,2.3e-05,-0.003688,,,
1735024856480,0.14952,0.00915,10.01179,-0.00369,0.016909,-0.003244,,,
1735024856500,0.22891,0.01759,9.79977,-0.000369,-0.013634,0.019216,,,
1735024856520,0.11448,-0.10984,9.57784,-0.000631,0.000236,-0.003641,,,
1735024856540,-0.20306,-0.05591,10.1257,-0.013383,0.009047,-0.000541,,,
1735024856560,-0.23685,-0.2098,9.94703,-0.002355,0.000468,-0.007458,,,
1735024856580,-0.13621,0.13828,9.89599,0.007537,0.003158,0.001502,,,
1735024856600,0.18969,-0.04396,9.61951,-0.006735,-0.00847,0.006336,,,
1735024856620,0.23987,-0.14389,9.98597,0.004542,-0.002337,-0.011152,,,
1735024856640,0.22249,0.06326,9.819,0.011403,-0.001615,0.015014,,,
1735024856660,-0.07809,-0.36727,9.70784,-0.011069,-0.003198,0.012797,,,
1735024856680,0.14155,-0.03334,9.81175,0.000737,-0.009712,0.000563,,,
1735024856700,0.05069,-0.07159,9.76044,0.006185,-0.012604,-0.013918,,,
1735024856720,0.09301,0.04584,9.72634,0.005272,0.005126,-0.003782,,,
1735024856740,0.14658,0.11484,9.83154,0.003249,0.009379,0.022352,,,
1735024856760,-0.02512,-0.08157,9.84143,-0.008316,0.00235,-0.00299,,,
1735024856780,-0.00306,-0.0381,10.11856,0.005259,-0.013249,0.007095,,,
1735024856800,-0.00985,0.01251,9.8268,-0.012429,0.010231,-0.006179,,,
1735024856820,0.00379,0.08589,9.86288,-0.002466,-0.005503,0.004404,,,
1735024856840,0.22551,0.25932,9.76545,0.014766,0.021879,-0.005958,,,
1735024856860,-0.24199,0.06777,10.00121,-0.000319,0.010884,-0.001235,,,
1735024856880,0.18579,-0.23277,9.98144,0.007026,-0.008732,-0.005823,,,
1735024856900,0.02292,0.04017,9.91644,-0.002146,-0.009848,-0.018192,,,
1735024856920,0.09138,-0.29812,9.90089,0.007463,-0.003989,-0.000521,,,
1735024856940,-0.1626,0.03964,10.00949,0.002078,0.01085,7.5e-05,,,
1735024856960,0.11596,0.07445,9.93446,0.013464,-0.006,-0.00198,,,
1735024856980,-0.34248,0.15736,10.02714,0.010376,-0.000937,-0.006051,,,
1735024857000,-0.19794,0.26338,9.85053,-0.011851,0.013517,-0.008595,12.9768471,77.5969235,5.0
1735024857020,-0.23618,0.10444,9.70663,-0.000136,-0.008736,0.009137,,,
1735024857040,0.17423,0.09801,9.71382,0.015357,-0.004133,-0.010491,,,
1735024857060,-0.01903,-0.06395,9.76754,-0.00104,0.029696,0.00972,,,
1735024857080,-0.05883,0.09313,9.54392,-0.003962,-0.005542,-0.004236,,,
1735024857100,-0.13911,-0.04278,9.97729,-0.004206,-0.01865,-0.010542,,,
1735024857120,0.03992,-0.11378,9.93569,-0.002071,0.004241,0.00148,,,
1735024857140,-0.09066,-0.00795,9.81224,-0.005954,0.011937,0.004211,,,
1735024857160,-0.13953,-0.12308,9.60774,-0.01353,0.001972,0.014606,,,
1735024857180,0.06395,0.09473,9.78027,0.011388,-0.001239,0.00678,,,
1735024857200,0.16888,0.18368,9.73857,-0.000751,-0.021816,0.011734,,,
1735024857220,-0.12977,0.15706,9.81712,0.001352,0.009839,0.01003,,,
1735024857240,0.04055,0.00333,9.82266,0.003114,0.01424,-0.00594,,,
1735024857260,0.01539,0.07805,9.77368,-0.011488,0.003079,-0.004211,,,
1735024857280,0.07968,-0.07887,9.80125,-0.00285,0.000888,-0.005216,,,
1735024857300,0.11286,0.07519,9.91972,0.002227,0.004946,0.014311,,,
1735024857320,0.06249,-0.12287,9.83903,-0.006981,0.005212,-0.009743,,,
1735024857340,-0.20001,0.255,9.96339,0.007039,0.002592,0.002832,,,
1735024857360,0.08823,0.01279,9.68318,-0.005999,0.011316,-0.010173,,,
1735024857380,-0.00817,-0.16875,9.662,0.009487,0.00377,-0.004522,,,
1735024857400,-0.00107,-0.18455,10.00252,0.011952,-0.001648,0.019144,,,
1735024857420,-0.0142,-0.27796,9.94551,0.004037,0.006786,0.011027,,,
1735024857440,0.03211,-0.09582,9.93741,0.007829,-0.009561,-6.5e-05,,,
1735024857460,-0.13466,-0.05057,9.96614,-0.016123,0.009282,-0.006105,,,
1735024857480,0.00624,-0.3157,9.63709,0.010402,0.003791,-0.001788,,,
1735024857500,-0.14962,-0.01144,9.7277,0.006492,-0.003904,0.016515,,,
1735024857520,-0.00652,0.21905,9.66142,0.003852,0.015073,-0.001933,,,
1735024857540,-0.07675,-0.05927,9.83464,0.010255,0.014415,0.000774,,,
1735024857560,-0.11802,0.1152,9.87269,0.004421,0.013704,0.015483,,,
1735024857580,0.09288,0.08448,9.87324,0.005568,-0.004608,0.002887,,,
1735024857600,0.06535,-0.12111,9.67945,-0.012729,-0.000595,0.005697,,,
1735024857620,-0.1258,-0.2638,9.56517,-0.018805,-0.011393,-0.002457,,,
1735024857640,0.36626,-0.03154,9.62813,-0.01106,0.005117,-0.002396,,,
1735024857660,0.00805,0.12926,9.8371,-0.003798,-0.012214,-0.008966,,,
1735024857680,-0.00862,0.10012,9.75122,0.006275,0.0173,0.01937,,,
1735024857700,0.36303,-0.02439,9.90515,-0.001041,-0.002288,0.002575,,,
1735024857720,-0.10497,-0.02114,9.8032,0.006708,0.00725,-0.016687,,,
1735024857740,0.00348,0.06063,9.95744,-0.016751,-0.010032,-0.001849,,,
1735024857760,-0.16773,0.17015,9.69498,0.008186,-0.003101,-0.022048,,,
1735024857780,-0.10925,-0.04623,9.72981,0.009606,-0.018146,-0.011015,,,
1735024857800,0.03485,-0.11331,9.85468,-0.021322,-0.015945,-0.018254,,,
1735024857820,-0.07109,0.08539,9.69336,0.008206,0.006235,-0.007809,,,
1735024857840,0.18303,-0.08446,9.42602,-0.000449,0.006302,0.002661,,,
1735024857860,-0.01154,0.05978,9.73027,0.008008,-0.021317,-0.004833,,,
1735024857880,-0.30665,-0.15067,10.11871,-0.008624,-0.001484,0.004015,,,
1735024857900,-0.13814,0.21264,9.70084,-0.005009,0.012174,-0.004824,,,
1735024857920,-0.23086,0.1743,9.93228,0.017822,0.000722,0.010964,,,
1735024857940,0.08074,-0.00977,9.64902,0.011729,0.007834,-0.000627,,,
1735024857960,-0.26142,0.23104,9.69303,0.033968,0.013893,-0.004164,,,
1735024857980,-0.09797,-0.05672,10.09503,-0.014312,0.003438,-0.007733,,,
1735024858000,-0.0525,0.11778,9.79997,-0.003323,-0.006442,-0.002863,12.9769406,77.5970236,5.0
1735024858020,0.21989,-0.05491,9.99421,0.001401,-0.001989,-0.004697,,,
1735024858040,0.25919,-0.10235,9.88271,-0.002675,0.006978,0.006573,,,
1735024858060,-0.06294,-0.02001,9.92102,-0.00334,0.005266,0.007899,,,
1735024858080,0.11919,-0.02316,9.93702,-0.006462,0.014835,-0.009967,,,
1735024858100,-0.01773,0.28867,9.6777,-0.012218,0.011184,0.003526,,,
1735024858120,-0.05592,-0.07009,9.64516,-0.014753,0.012117,0.001944,,,
1735024858140,0.08841,-0.29304,9.85553,-0.006414,-0.010328,0.00374,,,
1735024858160,-0.13415,-0.07082,9.7666,0.005775,-0.004764,0.00097,,,
1735024858180,0.18319,-0.11461,10.05375,0.004903,-0.00565,-0.017489,,,
1735024858200,0.13562,-0.32072,10.12722,0.008819,-0.009739,0.010705,,,
1735024858220,-0.02498,-0.03844,9.89504,0.00091,0.003881,-0.004918,,,
1735024858240,0.08948,0.09294,9.71612,0.013346,0.00476,-0.001701,,,
1735024858260,0.12522,0.02102,10.03556,-0.003098,0.01599,0.015675,,,
1735024858280,0.01509,-0.18347,9.76552,-0.003062,0.021848,-0.000899,,,
1735024858300,0.03172,0.0945,9.70978,-0.006469,0.009791,0.014247,,,
1735024858320,0.10743,0.21419,9.73237,-0.003807,-0.002926,-0.019467,,,
1735024858340,0.02928,-0.13458,9.73471,-0.025558,-0.012674,0.016936,,,
1735024858360,-0.05606,-0.08745,9.8188,0.006056,-0.010947,-0.013223,,,
1735024858380,-0.21763,0.08193,9.877,0.011303,-0.000416,-0.000335,,,
1735024858400,-0.11126,0.12847,9.69943,-0.019882,0.00856,-0.015207,,,
1735024858420,0.01649,0.10627,9.65007,0.00528,0.011087,-0.001971,,,
1735024858440,0.03986,0.02588,9.85529,-0.000456,0.005236,0.012627,,,
1735024858460,0.01796,-0.07396,9.72196,-0.000209,0.005933,-0.007796,,,
1735024858480,0.14196,0.10134,9.84831,0.003808,-0.015136,-0.019464,,,
1735024858500,0.10556,-0.01301,10.02959,-0.003491,-0.004289,-0.004691,,,
1735024858520,0.25106,0.15853,9.66527,-0.016604,-0.014379,0.00625,,,
1735024858540,-0.02264,0.29633,9.84139,-0.011217,-0.007536,0.01495,,,
1735024858560,0.06999,0.07549,9.91296,-0.001315,-0.002091,-0.005365,,,
1735024858580,0.32181,-0.09948,9.5974,-0.000745,0.000229,-0.008308,,,
1735024858600,0.13824,-0.00249,10.10587,-0.001192,-0.014547,-0.006412,,,
1735024858620,-0.11611,-0.19634,9.87009,-0.004828,0.009844,-0.002636,,,
1735024858640,-0.19925,0.19424,9.46108,-0.021282,0.003539,0.014176,,,
1735024858660,0.09048,-0.06555,10.02163,-0.01065,-0.017747,0.002379,,,
1735024858680,0.19795,0.08814,9.69293,-0.001569,-0.004709,-0.010639,,,
1735024858700,0.08723,0.06726,9.67999,0.000788,0.015206,-0.019159,,,
1735024858720,0.03031,-0.21619,9.7989,0.001477,-0.003775,-0.005948,,,
1735024858740,-0.1142,0.10021,10.05595,0.006176,-0.003714,-0.006187,,,
1735024858760,0.08014,-0.14983,9.77404,0.002706,-0.002162,-0.017555,,,
1735024858780,0.12612,0.03667,9.56582,-0.007495,0.01354,-0.00568,,,
1735024858800,-0.1073,0.11676,9.79927,-0.0038,-0.020472,-0.009047,,,
1735024858820,-0.08685,0.13272,10.15713,0.002468,0.013417,0.008672,,,
1735024858840,-0.08646,-0.05674,9.7285,0.011354,-0.004006,0.004984,,,
1735024858860,-0.00482,0.0007,9.88474,0.005803,-0.005382,0.002345,,,
1735024858880,0.20853,0.01959,9.77107,-0.00367,-0.000572,-0.0043,,,
1735024858900,-0.12603,0.33365,9.58445,-0.007258,-0.021906,0.010309,,,
1735024858920,-0.15191,0.1053,9.7179,-0.008153,-0.011127,-0.004931,,,
1735024858940,0.01931,0.08798,9.63778,0.000683,0.011898,0.006532,,,
1735024858960,0.01024,-0.07911,9.68016,-0.01224,0.02489,0.004476,,,
1735024858980,-0.12989,-0.36402,9.64373,-0.002461,-0.008957,-0.002584,,,
1735024859000,0.18967,-0.29615,10.02234,-0.005532,0.01253,-0.009091,12.9770589,77.5970919,5.0
1735024859020,0.21564,0.1401,9.76394,0.005685,0.014309,-0.004273,,,
1735024859040,0.04741,-0.20819,9.84222,0.004693,0.004872,0.001438,,,
1735024859060,0.26138,0.1215,9.83665,-0.011405,-0.022772,0.021892,,,
1735024859080,-0.15272,-0.06387,9.96116,-0.005404,-0.000119,-0.000474,,,
1735024859100,-0.16923,0.09184,9.70774,0.005244,-0.00542,-0.009214,,,
1735024859120,-0.15884,0.11402,9.52653,-0.012513,0.003236,-0.00286,,,
1735024859140,0.05984,-0.13544,9.67781,0.012529,0.019311,0.004161,,,
1735024859160,0.14999,0.03158,9.66984,0.012363,-0.002722,0.000515,,,
1735024859180,-0.02785,-0.40659,9.61944,-0.005502,0.010499,-0.002494,,,
1735024859200,0.16417,0.13565,9.7621,-0.004399,-0.002365,-0.006694,,,
1735024859220,0.06323,0.22225,9.61112,-0.008837,0.00399,0.008376,,,
1735024859240,0.04693,0.07552,9.7227,0.003515,-0.009093,0.028159,,,
1735024859260,0.12514,-0.16488,9.99057,-0.007001,-0.012091,-0.004751,,,
1735024859280,-0.07668,0.12892,9.94709,-0.004831,-0.007721,0.003363,,,
1735024859300,-0.05656,0.10226,10.08645,-0.013192,-0.000252,-0.008567,,,
1735024859320,-0.00271,0.05834,9.97442,-0.008318,-0.018172,0.014,,,
1735024859340,-0.21256,-0.13319,9.82111,0.015623,0.005032,-0.006262,,,
1735024859360,-0.10241,0.03264,10.03509,-0.01393,-0.001057,0.01217,,,
1735024859380,-0.09841,-0.19625,9.73188,-0.002114,0.008521,0.002636,,,
1735024859400,-0.17935,0.09841,9.46276,0.003365,0.014831,-0.00109,,,
1735024859420,-0.2518,-0.05327,9.51648,-0.00277,-0.00093,0.007513,,,
1735024859440,0.0151,0.0115,9.96361,-0.008025,0.010559,0.011116,,,
1735024859460,0.12833,0.11335,9.93853,0.002393,0.009748,-0.007154,,,
1735024859480,0.07453,0.19805,9.84093,-0.009398,-0.013078,0.002272,,,
1735024859500,0.04923,-0.06016,9.81155,0.00296,-0.001873,0.010484,,,
1735024859520,-0.11558,0.32497,9.93284,0.011034,-0.017004,-0.007559,,,
1735024859540,0.15462,0.19038,9.75991,0.004262,0.012218,0.010744,,,
1735024859560,-0.28798,0.07111,9.93109,-0.009236,-0.005376,-0.003649,,,
1735024859580,-0.18333,-0.10434,10.01625,-0.021792,-0.009971,-0.003617,,,
1735024859600,0.11731,-0.3185,9.53143,-0.015263,-0.000658,0.009433,,,
1735024859620,-0.03477,0.11092,9.74066,0.008763,0.00612,0.003601,,,
1735024859640,-0.13943,-0.03771,9.9044,-0.005547,0.007617,0.017175,,,
1735024859660,0.12267,0.18693,10.00496,0.01488,0.003753,0.010404,,,
1735024859680,0.06252,0.13991,9.79377,-0.001615,0.001236,0.010877,,,
1735024859700,-0.15605,-0.08509,9.71575,-0.016835,-0.014759,0.011264,,,
1735024859720,0.01888,-0.03374,9.92557,-0.028897,-0.009168,-0.012808,,,
1735024859740,0.15542,-0.11717,9.76208,0.016422,0.005575,-0.001459,,,
1735024859760,0.02192,-0.06122,9.71956,-0.009862,0.002801,-0.002339,,,
1735024859780,-0.04035,0.47468,9.71743,0.018174,0.006721,0.002585,,,
1735024859800,0.07758,-0.27383,9.89472,-0.001944,0.005452,-0.012584,,,
1735024859820,-0.02829,0.14665,9.91492,0.015153,-0.002116,-0.016611,,,
1735024859840,0.00551,-0.09977,10.13082,0.023797,-0.005205,-0.005115,,,
1735024859860,0.05281,0.06089,9.43308,0.017952,0.004407,0.020026,,,
1735024859880,0.01342,0.10474,9.80614,0.011239,0.013984,0.006337,,,
1735024859900,-0.07607,-0.13905,9.47447,0.006302,0.019639,0.001323,,,
1735024859920,0.10743,0.13322,9.61726,-0.010625,-0.008521,0.019627,,,
1735024859940,0.11348,0.0422,9.77508,0.002473,0.005754,-0.002213,,,
1735024859960,0.0238,0.19661,9.84388,-0.018263,0.001161,0.002132,,,
1735024859980,-0.04382,0.33252,9.82221,-0.002983,-0.010724,-0.002767,,,
