timestamp_ms,accel_x,accel_y,accel_z,gyro_x,gyro_y,gyro_z,gps_lat,gps_lon,gps_accuracy_m
1787979943784,2.19539,0.04949,0.70541,-0.657889,0.673775,0.338010,13.1255667,77.5897800,14.36
1787979943784,2.52255,-0.07949,-0.04977,-0.224965,0.682321,0.343940,,,
1787979943784,1.93406,-0.48808,0.16487,0.131658,1.419385,0.543155,,,
1787979943784,1.89937,-0.83191,0.36862,0.027043,1.173034,0.740368,,,
1787979943784,1.39575,-0.52008,0.09052,0.122652,0.563982,0.868652,,,
1787979943784,0.20059,-0.53092,-0.15987,0.389348,0.704252,0.680901,,,
1787979943784,0.25792,-0.71460,0.07131,0.227778,0.904469,0.486078,,,
1787979943784,0.24703,-0.97160,-0.42107,-0.058668,0.663882,0.466928,,,
1787979943784,-0.23313,-0.63035,-1.48604,0.093538,0.286512,0.630413,,,
1787979943784,-1.54235,-0.41497,-1.36825,0.483183,-0.218092,0.578801,,,
1787979943784,-2.63082,-0.66733,0.01409,0.347451,-0.049342,0.113069,,,
1787979943784,-1.98086,-0.59800,0.00735,-0.334670,0.790607,0.084849,,,
1787979943784,-1.03313,0.65384,-1.22482,-0.300459,0.723019,0.322796,,,
1787979943784,-1.22309,1.07188,-0.79309,0.383926,0.062954,0.098350,,,
1787979943784,-1.17617,1.06227,0.96319,0.572103,-0.364861,-0.176390,,,
1787979943784,-1.23642,0.79121,1.40201,0.390846,-0.233580,-0.113376,,,
1787979943784,-1.21149,0.79626,2.24381,-0.108845,-0.029713,0.103230,,,
1787979943784,-1.19942,1.09491,3.04825,-0.516819,-0.054792,0.025558,,,
1787979943784,-1.38321,0.84409,3.45145,-0.886722,-0.328657,-0.443709,,,
1787979943784,-1.53184,-0.25829,2.56717,-1.190815,-0.261534,-0.873439,,,
1787979943784,-1.35821,-0.97939,0.93847,-0.948627,-0.137358,-1.099461,,,
1787979943784,0.30290,0.29292,0.46433,-0.430956,-0.438597,-0.697415,,,
1787979943784,-0.42126,0.31906,0.14060,0.050677,-0.274733,-0.535778,,,
1787979943784,-0.99106,0.44446,0.88071,-0.031237,-0.225761,-1.051167,,,
1787979943784,-0.43494,0.66516,1.20955,-0.955862,-0.039475,-0.970636,,,
1787979943784,-0.43494,0.66516,1.20955,-0.955862,-0.039475,-0.970636,,,
1787979943784,-0.07612,0.58394,0.04418,-1.819173,0.553441,-0.308395,,,
1787979943784,0.36256,1.05762,-1.65989,-2.117998,0.928932,0.243507,,,
1787979943784,0.62598,1.20573,-2.67164,-1.917968,1.331062,0.267831,,,
1787979943784,1.23832,1.45529,-2.32215,-1.618404,0.908109,0.333252,,,
1787979943784,1.23446,0.69485,-2.82026,-1.270781,0.559787,0.279521,,,
1787979943784,1.13421,0.11088,-1.82754,-0.706346,0.029877,-0.000877,,,
1787979943784,1.14531,-0.53390,-0.46626,-0.552215,-0.079260,0.246264,,,
1787979943784,0.56344,-1.06279,0.66012,-0.575469,0.080691,0.584082,,,
1787979943784,0.15746,-1.19320,0.80586,-0.402889,0.451889,0.737920,,,
1787979943784,-0.22015,-1.31394,0.90865,-0.055632,1.054296,0.862139,,,
1787979943784,-0.69350,-1.45301,0.91163,0.135813,1.438733,1.077412,,,
1787979943784,-1.78859,-1.42103,0.38928,0.226475,1.312912,1.059895,,,
1787979943784,-2.22725,-1.39681,-0.28663,0.242596,1.044660,0.654969,,,
1787979947394,-1.07868,-1.18109,-2.13739,0.117328,0.981616,1.030359,13.1255667,77.5897805,14.42
1787979947394,-2.32682,-0.20078,-2.43826,0.173172,0.349839,1.095547,,,
1787979947394,-4.20313,0.30441,-2.42411,0.336728,-0.271436,-0.159728,,,
1787979947394,-3.83739,-0.06224,-2.42286,0.457285,-0.592073,-1.425190,,,
1787979947394,-1.94682,-0.78908,-3.04620,0.467197,0.453422,-1.555421,,,
1787979947394,-1.94682,-0.78908,-3.04620,0.467197,0.453422,-1.555421,,,
1787979947583,-0.04482,0.15350,-3.74004,0.541152,1.017307,-0.947018,13.1254223,77.5897947,13.04
1787979947583,-0.27587,0.66082,-3.87184,1.110250,0.157095,-0.820956,,,
1787979947583,-0.14007,0.42328,-2.32194,1.273451,-0.336099,-0.917065,,,
1787979947583,0.67279,0.20268,-1.10140,1.061900,-0.277668,-0.692606,,,
1787979947583,1.07255,0.43291,-0.78547,1.012485,-0.459047,-0.170172,,,
1787979947583,0.10556,0.67088,0.62195,1.152019,-0.964628,-0.027807,,,
1787979947583,0.10556,0.67088,0.62195,1.152019,-0.964628,-0.027807,,,
1787979947786,-0.25935,0.92105,1.84175,1.097552,-1.105537,-0.149446,13.1252293,77.5898137,19.72
1787979947786,-0.38550,0.94486,2.43398,0.859651,-1.281620,-0.247124,,,
1787979947786,-0.21241,1.28938,2.40282,0.866758,-1.179788,-0.362339,,,
1787979947786,-0.02665,1.41365,2.71401,0.768683,-0.831793,-0.452009,,,
1787979947786,0.34765,1.59818,2.49541,0.549015,-0.213090,-0.421461,,,
1787979947786,0.73231,1.82949,1.70491,0.432472,0.631711,-0.465052,,,
1787979947786,0.73231,1.82949,1.70491,0.432472,0.631711,-0.465052,,,
1787979947786,0.72996,1.68781,1.58656,0.241550,1.147386,-0.428911,,,
1787979947786,0.95790,0.73007,0.91775,-0.643619,1.111467,-0.337652,,,
1787979947786,0.62349,0.36036,-0.61921,-1.177870,0.810936,-0.062519,,,
1787979947786,0.68994,0.96330,-2.22741,-1.469383,0.688767,0.085948,,,
1787979947786,0.77433,1.55126,-3.91147,-0.926859,0.305944,-0.131588,,,
1787979947786,0.05625,1.27636,-2.02794,-0.033793,-0.035375,-0.651350,,,
1787979947786,0.05625,1.27636,-2.02794,-0.033793,-0.035375,-0.651350,,,
1787979947786,-0.14147,0.34058,0.11870,0.237622,0.372938,-0.981374,,,
1787979947786,1.14545,0.23728,0.70564,0.204260,1.040577,-0.741289,,,
1787979947786,1.05333,-0.03106,0.31885,0.530383,1.002374,-0.583393,,,
1787979947786,0.92361,-0.56595,1.83473,0.650437,0.536532,-0.339451,,,
1787979947786,0.31120,-0.64130,2.82186,0.344875,0.303798,0.064571,,,
1787979947786,-0.32296,-0.94720,2.86338,-0.057574,0.306883,0.350457,,,
1787979947786,-0.32296,-0.94720,2.86338,-0.057574,0.306883,0.350457,,,
1787979947786,-0.58932,-1.33121,2.22480,-0.304300,0.340768,0.544424,,,
1787979947786,-0.79217,-1.20316,1.18137,-0.578997,0.230030,0.475296,,,
1787979947786,-1.03536,-2.09253,0.49537,-0.845473,-0.125104,0.548152,,,
1787979947786,-2.13048,-3.06344,-1.26109,-0.786505,-0.459848,0.451322,,,
1787979947786,-1.83790,-2.06705,-2.18024,-0.542665,-0.417643,0.045739,,,
1787979947786,-1.30691,-1.20674,-4.00361,-0.420684,-0.367277,-0.488519,,,
1787979947786,-1.30691,-1.20674,-4.00361,-0.420684,-0.367277,-0.488519,,,
1787979947786,-0.03929,-0.07653,-5.06929,0.162135,0.300232,-0.718548,,,
1787979947786,0.70558,0.82933,-4.76035,0.966333,1.177992,-0.482817,,,
1787979947786,-0.01173,0.73858,-3.15910,1.560246,1.685662,-0.552738,,,
1787979947786,0.50556,0.06861,-0.94028,1.479828,1.732915,-0.541686,,,
1787979947786,1.59072,-0.24031,-0.23467,0.982166,1.135570,-0.283665,,,
1787979947786,0.80799,0.59267,0.89345,0.576678,-0.122634,-0.104798,,,
1787979947786,0.80799,0.59267,0.89345,0.576678,-0.122634,-0.104798,,,
1787979947786,-0.46260,1.10917,2.02365,0.285746,-1.161901,-0.190774,,,
1787979947786,-1.59115,0.95228,3.10817,0.157487,-1.109646,-0.269083,,,
1787979947786,-1.52375,1.21865,3.05926,0.066993,-0.356471,-0.024774,,,
1787979947786,-1.92680,1.59705,2.17426,0.221234,0.044156,0.096193,,,
1787979947786,-1.84325,1.90958,1.64261,0.390870,-0.266269,0.065359,,,
1787979947786,-1.35023,1.80078,1.71647,0.182523,-0.411012,-0.105147,,,
1787979947786,-1.35023,1.80078,1.71647,0.182523,-0.411012,-0.105147,,,
1787979947786,-0.25052,2.01128,1.62041,-0.606848,-0.055508,-0.053403,,,
1787979947786,0.71637,1.56507,0.38432,-1.370602,-0.116927,0.276957,,,
1787979947786,1.16482,1.34943,-0.21054,-1.998065,-0.478591,0.413889,,,
1787979947786,1.88619,0.60059,-1.95172,-2.694238,-0.323397,0.443757,,,
1787979947786,2.88014,0.95531,-4.25516,-2.408327,-0.434307,0.602412,,,
1787979947786,3.18030,0.42367,-4.32977,-0.806976,-1.153939,0.301056,,,
1787979947786,3.18030,0.42367,-4.32977,-0.806976,-1.153939,0.301056,,,
1787979947786,2.60942,-0.55081,-1.38087,-0.211811,-1.489718,0.284720,,,
1787979947786,0.84622,-1.26365,0.40605,-0.140891,-0.970920,0.250223,,,
1787979947786,0.68609,-1.02340,0.63034,0.279589,-0.057721,0.238537,,,
1787979947786,0.34973,-0.89343,1.14420,0.780327,0.511410,0.488293,,,
1787979947786,-0.31318,-0.51436,2.00383,0.842062,0.620504,0.790123,,,
1787979947786,-1.21497,-0.36647,2.46454,0.358568,0.136436,0.920245,,,
1787979947786,-1.21497,-0.36647,2.46454,0.358568,0.136436,0.920245,,,
1787979947786,-1.24892,-0.70359,1.83829,-0.300021,-0.430112,0.884493,,,
1787979947786,-1.21939,-0.62887,-0.38445,-0.302010,-0.342156,0.779475,,,
1787979947786,-1.56956,-0.64658,-1.51689,0.428122,-0.154185,0.621020,,,
1787979947786,-2.05310,-1.13408,-1.05060,0.684961,-0.017828,0.561974,,,
1787979947786,-2.32871,-1.57223,-1.80680,0.557306,-0.065102,0.544422,,,
1787979947786,-2.40780,-1.31804,-2.56330,0.707344,-0.469360,0.270089,,,
1787979947786,-2.40780,-1.31804,-2.56330,0.707344,-0.469360,0.270089,,,
1787979947786,-2.10417,-1.32792,-1.82343,-0.088827,-0.543169,0.066279,,,
1787979947786,-0.39752,0.44675,-5.38302,-0.668640,0.021154,0.227009,,,
1787979947786,0.06701,2.55544,-6.85611,0.862579,-0.724933,-0.173787,,,
1787979947786,0.01299,1.89206,-1.82777,1.308772,-1.333245,-0.683141,,,
1787979947786,-0.06680,0.73637,-0.28322,0.896563,-1.236728,-0.780808,,,
1787979947786,0.77877,1.07951,0.01644,1.054783,-0.912317,-0.737394,,,
1787979947786,0.77877,1.07951,0.01644,1.054783,-0.912317,-0.737394,,,
1787979947786,1.16497,1.38676,1.72580,1.366879,-0.719754,-0.560143,,,
1787979947786,0.79240,1.49961,3.95283,1.153058,-0.619243,-0.375075,,,
1787979947786,0.13511,1.04742,4.00863,0.736969,-0.103133,-0.264943,,,
1787979947786,-0.16506,1.73034,2.54517,0.936867,0.276583,-0.184113,,,
1787979947786,-0.56328,2.00278,2.43092,0.907233,0.145453,-0.286874,,,
1787979947786,-0.02923,1.69653,1.80258,0.544006,-0.349407,-0.549032,,,
1787979950073,-0.02923,1.69653,1.80258,0.544006,-0.349407,-0.549032,13.1252368,77.5898228,20.84
1787979950073,0.74560,0.74037,0.97760,0.173743,-0.487209,-0.413311,,,
1787979950073,1.02934,-0.20028,-0.47429,-0.071038,-0.289106,0.014239,,,
1787979950073,0.59176,-0.77103,-1.33838,-0.199059,-0.029929,0.238747,,,
1787979950073,0.87634,-1.22138,-1.21743,-0.500797,0.003273,0.448230,,,
1787979950073,0.90832,-0.74570,-1.56366,-1.221591,-0.039581,0.645367,,,
1787979950073,1.18052,1.51431,-4.55222,-0.802376,-0.435515,0.534719,,,
1787979950073,1.18052,1.51431,-4.55222,-0.802376,-0.435515,0.534719,,,
1787979950073,0.76880,1.97112,-3.47738,0.256190,-0.802137,-0.106818,,,
1787979950335,0.45957,1.10357,-0.11002,0.541529,-0.693134,-0.482486,13.1255175,77.5898219,47.94
1787979950335,0.32461,0.51109,1.00776,0.656425,-0.222516,-0.450360,,,
1787979950335,0.18068,0.42874,2.03460,0.663239,0.375567,-0.204492,,,
1787979950335,-0.07651,0.40485,2.32121,0.539237,0.615759,-0.022766,,,
1787979950335,-0.19421,0.25487,2.54750,0.413525,0.440711,0.153494,,,
1787979950335,-0.19421,0.25487,2.54750,0.413525,0.440711,0.153494,,,
1787979950335,-0.60042,0.01319,2.59737,0.192159,0.098762,0.257695,,,
1787979950335,-1.06154,-0.07602,2.23209,0.142137,-0.086132,0.167201,,,
1787979950335,-1.00805,-0.15679,1.94649,0.398934,-0.446451,-0.067893,,,
1787979950335,-1.22191,-1.08689,2.85471,0.315063,-0.432615,-0.343196,,,
1787979950335,-0.56294,-1.20576,2.57128,-0.236674,-0.098280,-0.148437,,,
1787979950335,-1.15379,-1.70434,-0.28529,-0.164759,0.178864,-0.104320,,,
1787979950335,-1.15379,-1.70434,-0.28529,-0.164759,0.178864,-0.104320,,,
1787979950335,-1.16985,-1.42925,-0.81925,-0.341943,0.034892,-0.146364,,,
1787979950335,-0.99163,-1.12557,-3.09895,-1.463166,0.210124,-0.042701,,,
1787979950335,-0.72244,0.68557,-7.04567,-0.903284,0.133231,-0.252139,,,
1787979950335,-0.51582,1.21126,-5.30490,0.307781,-0.395936,-0.830751,,,
1787979950335,0.00695,-0.00156,-2.32458,0.166081,-0.496666,-0.900478,,,
1787979950335,0.56258,-0.50698,-1.01272,0.245347,-0.366305,-0.659369,,,
1787979950335,0.56258,-0.50698,-1.01272,0.245347,-0.366305,-0.659369,,,
1787979950335,0.60287,-0.64452,1.22056,0.458532,-0.519143,-0.469630,,,
1787979950335,-0.70259,-1.16671,3.33194,0.609906,-0.405266,-0.860040,,,
1787979950335,0.21883,-0.20626,4.15168,0.766266,0.112250,-1.175960,,,
1787979950335,0.75803,0.00174,4.00641,1.044711,1.115949,-0.855078,,,
1787979950335,0.52990,0.78540,3.71493,1.301509,1.792706,-0.452109,,,
1787979950335,-0.75358,2.61145,4.91294,1.239844,1.699727,-0.194363,,,
1787979950335,-0.75358,2.61145,4.91294,1.239844,1.699727,-0.194363,,,
1787979950335,-1.26216,3.60063,6.25574,0.978097,0.850630,0.022909,,,
1787979950335,-2.05198,5.46886,10.01392,-0.408985,1.263699,0.164621,,,
1787979950335,-3.36507,6.81023,10.15395,-2.396682,2.685248,-0.949101,,,
1787979950335,-0.39907,10.25630,7.54166,-3.118329,4.764182,-1.377571,,,
1787979950335,0.15800,13.20969,6.40537,-3.821587,7.071085,-2.391038,,,
1787979950335,2.70857,17.51725,3.45257,-4.615907,5.925323,-4.685393,,,
1787979950335,2.70857,17.51725,3.45257,-4.615907,5.925323,-4.685393,,,
1787979950335,5.42816,18.96242,3.04648,-5.594370,3.106680,-5.392213,,,
1787979950335,7.02881,23.50630,2.10654,-6.474040,2.358865,-6.387780,,,
1787979950335,12.72245,22.95395,-0.47847,-6.549254,3.329962,-6.059025,,,
1787979950335,12.57480,15.39710,-4.52602,-6.109091,3.371073,-5.597022,,,
1787979950335,12.86080,9.10131,-7.87880,-4.779727,2.028362,-4.555337,,,
1787979950335,8.08268,3.24908,-8.40806,-2.676076,0.162621,-2.475003,,,
1787979950335,8.08268,3.24908,-8.40806,-2.676076,0.162621,-2.475003,,,
1787979950335,4.98844,2.71209,-8.06003,-0.330240,-0.655178,-1.556462,,,
1787979950335,3.65945,2.96776,-4.59720,0.761490,-0.791384,-1.726125,,,
1787979950335,4.01382,1.58500,-2.27607,-0.113456,-0.715081,-2.007173,,,
1787979950335,5.48745,0.15682,-2.71598,-1.556587,0.335312,-1.875057,,,
1787979950335,7.78463,0.18461,-5.37091,-2.055794,1.058062,-1.298665,,,
1787979950335,8.85878,0.44218,-9.76251,-1.684292,0.782082,-0.789472,,,
1787979950335,8.85878,0.44218,-9.76251,-1.684292,0.782082,-0.789472,,,
1787979950335,10.25919,0.05957,-11.66436,-0.515910,0.006058,-0.427786,,,
1787979950335,11.82596,0.64532,-11.09091,0.804984,-0.420791,0.254693,,,
1787979950335,12.07147,-0.12211,-9.77867,2.161890,-0.113034,1.093746,,,
1787979950335,12.16244,-0.42933,-6.67194,2.984208,0.030462,2.658314,,,
1787979951923,9.70645,1.86212,-3.96933,3.364081,0.113205,3.914676,13.1254845,77.5899951,19.68
1787979951923,7.39145,5.89861,-0.96448,3.107696,0.093980,4.208087,,,
1787979951923,7.39145,5.89861,-0.96448,3.107696,0.093980,4.208087,,,
1787979951923,6.48960,7.63954,0.39230,2.696215,-0.217833,4.399430,,,
1787979951923,4.68598,9.07190,1.96589,2.603732,0.166509,4.628923,,,
1787979951923,2.09475,9.21690,2.55673,2.223914,0.437075,4.792066,,,
1787979952102,-1.18242,8.75920,2.31001,1.773127,-0.130490,4.564978,13.1254791,77.5899964,18.39
1787979952102,-3.46591,8.75528,2.38942,1.528561,-0.520108,4.133000,,,
1787979952102,-5.93676,7.91567,2.15667,1.267489,-0.093222,3.473648,,,
1787979952102,-5.93676,7.91567,2.15667,1.267489,-0.093222,3.473648,,,
1787979952102,-6.66046,7.87917,1.26649,1.270487,0.701189,2.821889,,,
1787979952102,-6.79854,8.20258,0.82282,1.295026,1.213980,2.160205,,,
1787979952102,-6.32402,9.03829,0.57610,1.141384,1.426598,1.453769,,,
1787979952102,-7.23532,8.32073,-0.28170,0.985198,1.227004,0.683618,,,
1787979952102,-7.04657,9.23804,-0.50801,0.839791,0.952350,-0.257534,,,
1787979952102,-6.87072,9.90148,-0.11558,0.316002,0.506151,-1.398986,,,
1787979952102,-6.87072,9.90148,-0.11558,0.316002,0.506151,-1.398986,,,
1787979952102,-7.18158,8.75150,-0.91193,-0.077685,-0.013763,-2.882619,,,
1787979952102,-4.45015,7.96540,-1.54004,0.334480,-0.349645,-3.879287,,,
1787979952102,-2.24210,6.80269,-0.23701,0.775905,-0.733535,-4.065762,,,
1787979952102,-1.57348,6.26627,1.68419,0.383104,-0.764716,-4.107793,,,
1787979952102,-0.78919,6.05410,1.75226,-0.361159,-0.522267,-4.278460,,,
1787979952102,0.54484,5.93466,0.36944,-0.710206,-0.104937,-4.396662,,,
1787979952102,0.54484,5.93466,0.36944,-0.710206,-0.104937,-4.396662,,,
1787979952102,2.15140,5.30206,-0.78094,-0.436596,0.247555,-4.474532,,,
1787979952102,4.80548,4.06545,-0.67081,-0.009878,0.199160,-4.352751,,,
1787979952102,7.11708,3.26309,0.15258,-0.085267,0.071800,-4.018180,,,
1787979952102,9.87455,1.71945,0.11514,-0.231475,0.127890,-3.604123,,,
1787979952102,11.52638,-0.15886,0.00530,-0.199879,-0.201318,-2.476105,,,
1787979952102,10.92905,-0.81299,0.43177,-0.179038,-0.347459,-1.787939,,,
1787979952102,10.92905,-0.81299,0.43177,-0.179038,-0.347459,-1.787939,,,
1787979952102,11.30506,-2.11047,1.04220,-0.124102,-0.528776,-1.563642,,,
1787979952102,13.30878,-3.11273,2.08045,-0.605172,-0.633954,-0.786212,,,
1787979952102,14.17334,-2.11353,1.38978,-1.066175,-0.259608,0.189102,,,
1787979952102,14.66536,-1.74802,-0.51829,-0.872661,0.442194,1.431219,,,
1787979952102,12.70835,-1.57215,-1.30673,-0.615458,0.637761,3.040916,,,
1787979952102,9.01604,1.04526,-2.10873,-0.133624,0.730285,4.069628,,,
1787979952102,9.01604,1.04526,-2.10873,-0.133624,0.730285,4.069628,,,
1787979952102,7.27401,3.57842,-1.61700,0.394149,0.916210,4.435324,,,
1787979952102,6.10369,5.87734,-0.07861,0.214772,0.755021,4.575227,,,
1787979952102,4.86288,6.47300,-0.06456,-0.241691,0.194575,4.739099,,,
1787979952102,3.25557,7.84881,-0.52130,-0.494200,-0.446277,4.982702,,,
1787979952102,1.13502,9.08010,-0.70904,-0.411263,-0.984632,5.009429,,,
1787979952102,-1.24056,9.49759,-0.63608,-0.258298,-1.084209,4.696484,,,
1787979952102,-1.24056,9.49759,-0.63608,-0.258298,-1.084209,4.696484,,,
1787979952102,-3.14145,9.68022,-0.74177,-0.096850,-0.869659,4.074830,,,
1787979952102,-4.21910,9.95538,-1.05137,0.084169,-0.590660,3.367939,,,
1787979952102,-4.57338,10.34614,-1.36891,0.411231,-0.132720,2.871210,,,
1787979952102,-5.88574,10.27627,-1.68785,0.799506,0.481107,2.436280,,,
1787979952102,-7.33656,9.51939,-2.03142,1.007948,0.971271,1.761965,,,
1787979952102,-8.26716,9.40687,-2.16031,0.993643,1.087787,0.811151,,,
1787979952102,-8.26716,9.40687,-2.16031,0.993643,1.087787,0.811151,,,
1787979952102,-9.06072,8.86202,-2.16386,0.640416,0.642372,-0.449054,,,
1787979952102,-9.17921,8.37363,-2.74312,0.436861,-0.137390,-2.222696,,,
1787979952102,-7.55052,8.52511,-3.31334,0.887067,-0.754185,-3.916150,,,
1787979952102,-3.02131,8.42896,-2.23950,1.757986,-0.866385,-4.656062,,,
1787979952102,-0.46191,7.72868,-0.08309,1.987974,-0.404348,-4.374241,,,
1787979952102,-0.05401,6.93131,1.19164,1.518341,-0.288542,-4.231111,,,
1787979952102,-0.05401,6.93131,1.19164,1.518341,-0.288542,-4.231111,,,
1787979952102,0.68702,6.93412,1.06128,1.000761,-0.546589,-4.539565,,,
1787979952102,2.47687,6.33361,0.34949,0.975463,-0.408460,-4.770254,,,
1787979952102,4.34613,5.54780,0.94689,1.062690,-0.172815,-4.650843,,,
1787979952102,6.53735,3.96276,1.98234,1.003337,-0.347018,-4.399547,,,
1787979952102,8.50360,2.45004,3.27487,0.367211,-1.015796,-3.880113,,,
1787979952102,10.24549,1.21303,3.21875,-0.447157,-1.360916,-3.538883,,,
1787979952102,10.24549,1.21303,3.21875,-0.447157,-1.360916,-3.538883,,,
1787979952102,13.64932,-0.29451,2.27630,-0.325535,-1.017452,-2.719272,,,
1787979952102,14.79211,-2.56317,3.03957,-0.224669,-0.747344,-1.081328,,,
1787979952102,13.43232,-1.71376,3.26723,-0.754701,-0.640268,-0.013708,,,
1787979952102,13.32617,-0.72553,2.31150,-1.033293,-0.339056,0.377709,,,
1787979952102,14.08025,-1.30528,1.53537,-1.215348,0.039839,1.472850,,,
1787979952102,11.65564,-1.09207,0.24360,-1.378537,-0.273435,2.938241,,,
1787979952102,11.65564,-1.09207,0.24360,-1.378537,-0.273435,2.938241,,,
1787979952102,8.61397,0.59606,-0.96139,-1.086867,-0.506798,3.797709,,,
1787979952102,7.39966,3.31345,-1.27147,-0.367982,-0.132371,4.312159,,,
1787979952102,6.40814,5.35072,-0.58489,-0.016143,0.285087,4.765957,,,
1787979952102,4.91649,6.88848,-0.17574,-0.098742,0.198863,5.049329,,,
1787979952102,3.04158,8.19330,-0.07203,-0.216481,-0.330187,5.304585,,,
1787979952102,0.62094,9.56870,-0.10127,-0.276205,-0.694962,5.286957,,,
1787979952102,0.62094,9.56870,-0.10127,-0.276205,-0.694962,5.286957,,,
1787979952102,-1.64854,10.20035,-0.34054,-0.143557,-0.792300,4.868558,,,
1787979952102,-3.22198,10.26678,-0.78634,0.164591,-0.537819,4.343523,,,
1787979952102,-4.38394,10.33734,-0.97195,0.371035,-0.080075,3.803929,,,
1787979952102,-4.97768,10.81331,-1.28183,0.621248,0.408418,3.378421,,,
1787979952102,-6.53672,10.45663,-1.49473,0.681265,0.723143,2.747870,,,
1787979952102,-8.83697,8.81859,-2.19816,0.616420,0.856934,1.609412,,,
1787979952102,-8.83697,8.81859,-2.19816,0.616420,0.856934,1.609412,,,
1787979952102,-8.32040,9.20567,-2.48670,0.633485,0.935147,0.335082,,,
1787979952102,-8.45169,9.19255,-2.35169,0.297071,0.556752,-0.957248,,,
1787979952102,-8.74637,8.91513,-2.91188,0.152098,0.046773,-2.628401,,,
1787979952102,-6.85717,9.78328,-2.99512,0.377722,-0.359067,-4.218709,,,
1787979952102,-4.20156,10.60475,-2.33648,0.852376,-0.676076,-5.320013,,,
1787979952102,-0.81965,11.64346,-0.68271,1.285237,-1.016357,-5.962753,,,
1787979952102,-0.81965,11.64346,-0.68271,1.285237,-1.016357,-5.962753,,,
1787979952102,1.82430,11.80539,1.39412,1.331079,-1.012035,-6.377920,,,
1787979952102,5.46823,9.65542,2.84065,1.402976,-0.137319,-6.196056,,,
1787979952102,7.53678,6.96020,3.61831,1.073657,0.260542,-5.541138,,,
1787979952102,8.87461,3.61559,3.64500,-0.080534,-0.104333,-4.948215,,,
1787979952102,11.12400,1.89056,1.48922,-0.628891,-0.511718,-3.929166,,,
1787979952102,10.68115,-0.32854,-0.05959,-0.325928,-1.428457,-2.525322,,,
1787979952102,10.68115,-0.32854,-0.05959,-0.325928,-1.428457,-2.525322,,,
1787979952102,9.36688,-0.61721,0.74330,-0.209108,-2.262856,-1.887495,,,
1787979952102,8.58281,-1.01301,2.32993,-0.794082,-2.484862,-1.931023,,,
1787979952102,10.03323,-1.98593,1.57055,-1.434510,-1.605683,-1.820665,,,
1787979952102,13.38973,-2.59498,-0.67272,-1.533974,-0.304140,-0.951871,,,
1787979952102,14.70790,-3.47765,-2.63621,-0.975483,0.684961,0.303053,,,
1787979952102,15.60523,-3.40812,-2.34692,-0.277677,0.720297,2.080938,,,
1787979952102,15.60523,-3.40812,-2.34692,-0.277677,0.720297,2.080938,,,
1787979952102,13.41430,-0.69311,-1.14727,-0.282931,-0.320319,3.851522,,,
1787979952102,9.38947,4.25655,-0.75964,-0.048026,-1.185656,4.605459,,,
1787979952102,7.34384,6.33560,0.20045,0.405666,-1.317747,4.796400,,,
1787979952102,5.93268,7.60617,1.10740,0.521103,-1.029074,5.102251,,,
1787979952102,3.97251,8.29739,1.18080,0.633713,-0.797881,5.512939,,,
1787979952102,0.43650,9.00553,1.15414,0.662166,-0.636320,5.514112,,,
1787979952102,0.43650,9.00553,1.15414,0.662166,-0.636320,5.514112,,,
1787979952102,-2.31145,9.26101,0.75592,0.733852,-0.480298,4.994361,,,
1787979952102,-4.59272,8.70529,0.52858,0.772267,-0.292805,4.136677,,,
1787979952102,-5.51394,7.98823,0.37149,0.698340,-0.144305,3.186737,,,
1787979952102,-5.49039,7.50852,0.27582,0.573767,-0.146896,2.601610,,,
1787979952102,-5.87164,8.44247,0.39973,0.562489,-0.183044,2.072362,,,
1787979952102,-7.17588,8.02028,0.66001,0.510136,0.046180,1.199675,,,
1787979952102,-7.17588,8.02028,0.66001,0.510136,0.046180,1.199675,,,
1787979952102,-7.41964,6.89546,0.61296,0.266377,0.244675,0.425025,,,
1787979952102,-7.10324,7.59993,0.99126,-0.107050,0.310283,-0.134326,,,
1787979952102,-7.81739,7.81054,1.39839,-0.774132,0.459437,-1.197082,,,
1787979952102,-7.10657,7.82853,1.01561,-1.517824,0.210111,-2.539404,,,
1787979952102,-4.67741,8.04989,0.15749,-1.447466,-0.190573,-3.441188,,,
1787979952102,-2.44874,8.57188,0.18318,-0.722993,-0.449387,-4.165395,,,
1787979952102,-2.44874,8.57188,0.18318,-0.722993,-0.449387,-4.165395,,,
1787979952102,-0.66070,7.93871,1.37337,-0.103352,-0.078443,-4.983557,,,
1787979952102,3.29848,6.23792,2.57780,-0.046751,0.318603,-4.911716,,,
1787979952102,4.86571,3.94493,2.63697,-0.084629,0.519421,-4.277950,,,
1787979952102,4.98516,2.59399,3.08150,-0.735431,0.330257,-3.970458,,,
1787979952102,5.55398,1.56870,2.03010,-1.774321,-0.581106,-3.773093,,,
1787979952102,5.70922,1.30910,-0.30468,-2.272397,-1.550014,-3.529938,,,
1787979952102,5.70922,1.30910,-0.30468,-2.272397,-1.550014,-3.529938,,,
1787979952102,6.04135,1.02570,-1.46913,-2.190897,-1.745162,-3.225564,,,
1787979952102,6.84234,-0.02005,-2.02064,-1.869709,-1.113738,-2.851182,,,
1787979952102,8.22340,-0.20855,-2.13090,-1.746443,-0.524546,-2.319820,,,
1787979952102,9.14461,-1.21301,-3.03443,-1.695020,-0.353906,-1.909054,,,
1787979952102,10.13589,-1.51801,-3.55154,-1.741557,-0.940958,-1.247792,,,
1787979952102,9.51636,-1.20608,-4.55495,-1.506076,-1.965193,-0.424559,,,
1787979952102,9.51636,-1.20608,-4.55495,-1.506076,-1.965193,-0.424559,,,
1787979952102,8.06841,-1.45474,-4.83670,-0.946971,-2.788281,0.295973,,,
1787979952102,6.35834,-1.89996,-4.29216,-0.061262,-2.990023,1.116126,,,
1787979952102,4.71080,-0.46140,-2.60036,1.019239,-2.231036,2.092154,,,
1787979952102,1.84948,2.02879,0.27152,1.764498,-1.024164,2.720797,,,
1787979952102,-0.29552,3.00366,1.70519,1.843333,0.103442,2.675102,,,
1787979952102,-1.10029,2.79851,2.11964,1.818780,0.357245,2.467640,,,
1787979952102,-1.10029,2.79851,2.11964,1.818780,0.357245,2.467640,,,
1787979952102,-2.51090,2.32440,2.91295,1.462087,-0.117088,2.125330,,,
1787979952102,-3.81160,1.43645,2.86595,0.861198,-0.555855,1.542438,,,
1787979952102,-5.10599,0.84121,2.10663,0.546019,-0.801212,0.984579,,,
1787979952102,-4.36111,1.81710,1.50243,0.620389,-0.589400,0.443070,,,
1787979952102,-4.36552,1.48611,1.63093,0.558618,-0.455016,0.535505,,,
1787979952102,-5.38176,2.80616,1.94052,0.278916,-0.398245,0.310248,,,
1787979952102,-5.38176,2.80616,1.94052,0.278916,-0.398245,0.310248,,,
1787979952102,-5.48187,3.70859,2.30477,-0.513585,-0.416582,-0.236546,,,
1787979952102,-5.18620,3.72396,1.18854,-1.379565,-0.485235,-0.737033,,,
1787979952102,-3.87700,5.01421,-0.05132,-1.725680,-0.389448,-1.241792,,,
1787979952102,-1.93522,7.41344,-0.60495,-1.898705,-0.482470,-1.810176,,,
1787979952102,-2.44207,4.87244,-1.99539,-1.902359,-1.059944,-2.818570,,,
1787979952102,0.57825,2.65324,-2.52597,-1.323882,-1.616625,-3.143209,,,
1787979952102,0.57825,2.65324,-2.52597,-1.323882,-1.616625,-3.143209,,,
1787979952102,1.91823,1.42919,-1.66418,-0.541804,-1.953990,-2.995149,,,
1787979952102,3.34483,0.29241,0.77692,-0.126859,-1.591638,-2.535958,,,
1787979952102,3.79430,-0.36044,2.10187,-0.661956,-1.021496,-1.962740,,,
1787979952102,2.82223,-1.34270,0.58274,-1.441428,-1.135493,-1.584371,,,
1787979952102,2.40691,-1.50914,-1.28096,-1.513275,-1.525905,-1.558317,,,
1787979952102,3.38325,-2.06800,-2.30871,-0.992369,-1.472483,-1.381708,,,
1787979952102,3.38325,-2.06800,-2.30871,-0.992369,-1.472483,-1.381708,,,
1787979952102,3.99198,-2.43982,-2.02095,-0.513847,-1.032894,-0.852821,,,
1787979952102,3.51960,-2.22940,-1.81446,-0.314677,-0.594454,-0.502010,,,
1787979952102,3.46095,-2.01860,-1.92099,0.006106,-0.279569,-0.541149,,,
1787979952102,4.94222,-1.89017,-1.03037,0.453560,-0.046369,-0.476737,,,
1787979952102,5.95559,-1.93327,0.00515,0.771129,0.134934,-0.168429,,,
1787979952102,5.78384,-2.81812,0.59009,0.806770,0.318758,0.455382,,,
1787979952102,5.78384,-2.81812,0.59009,0.806770,0.318758,0.455382,,,
1787979952102,4.91416,-2.50491,0.23587,1.152233,0.474350,1.262297,,,
1787979952102,2.45100,-0.97313,0.70129,1.556334,0.369835,2.015865,,,
1787979952102,-0.42158,0.42912,2.13204,1.605905,0.188253,2.259121,,,
1787979952102,-3.11167,1.88988,3.42198,1.178405,0.280867,1.926926,,,
1787979957384,-3.66674,2.86743,3.44181,0.480995,0.334921,1.603452,13.1255955,77.5899825,13.98
1787979957384,-4.39855,3.44633,2.10452,0.005044,0.044573,1.414919,,,
1787979957384,-4.39855,3.44633,2.10452,0.005044,0.044573,1.414919,,,
1787979957384,-5.32536,4.15499,1.44174,-0.101051,-0.160558,0.816801,,,
1787979957384,-4.35592,3.84559,1.12995,-0.102197,-0.040724,0.166342,,,
1787979957384,-3.39064,3.08242,1.10589,-0.092791,0.158425,-0.146144,,,
1787979957384,-2.50897,2.01640,1.24617,-0.382730,-0.005562,-0.364838,,,
1787979957384,-2.14516,1.17475,0.61778,-0.475591,-0.231678,-0.473809,,,
1787979957384,-1.70524,0.50129,0.01908,-0.141837,0.077940,-0.546220,,,
1787979957384,-1.70524,0.50129,0.01908,-0.141837,0.077940,-0.546220,,,
1787979957384,-0.99553,0.43540,0.29330,0.129899,0.567374,-0.554235,,,
1787979957384,-0.23034,0.08901,0.55803,0.034809,0.664579,-0.568769,,,
1787979957384,0.39572,-0.16335,0.39229,-0.236247,0.238369,-0.513489,,,
1787979957384,0.80464,-0.22059,0.19748,-0.504215,-0.401990,-0.366061,,,
1787979957384,0.72368,-0.13973,-0.04091,-0.670692,-0.861584,-0.234133,,,
1787979957384,0.57903,-0.00390,-0.36096,-0.724039,-1.001747,-0.084641,,,
1787979957384,0.57903,-0.00390,-0.36096,-0.724039,-1.001747,-0.084641,,,
1787979957384,0.58272,0.16002,-0.56975,-0.633717,-0.895548,0.137539,,,
1787979957384,-0.04039,0.48787,-0.50101,-0.549651,-0.803503,0.272689,,,
1787979957384,-0.55819,0.57868,-0.51394,-0.541993,-0.800030,0.178395,,,
1787979957384,-0.78734,0.23370,-0.59665,-0.542127,-0.800183,0.116729,,,
1787979957384,-0.70563,0.46367,-0.53887,-0.560862,-0.786290,0.097491,,,
1787979957384,-0.65194,0.67243,-0.51049,-0.646249,-0.815995,0.074420,,,
1787979957384,-0.65194,0.67243,-0.51049,-0.646249,-0.815995,0.074420,,,
1787979958106,-0.59850,0.93851,-0.63389,-0.710671,-0.882157,0.052363,13.1255630,77.5900013,11.54
1787979958106,-0.86928,1.01255,-0.93339,-0.683098,-0.998064,-0.006466,,,
1787979958106,-1.21028,0.86766,-1.06013,-0.509965,-1.022783,-0.143283,,,
1787979958106,-1.17671,0.30373,-0.92007,-0.238166,-0.814417,-0.250425,,,
1787979958106,-0.80775,0.07712,-0.46589,-0.065329,-0.601888,-0.252147,,,
1787979958106,-0.60324,0.05154,0.18722,-0.118475,-0.567722,-0.260237,,,
1787979958106,-0.60324,0.05154,0.18722,-0.118475,-0.567722,-0.260237,,,
1787979958106,-0.38847,0.12014,0.42212,-0.327255,-0.687458,-0.293023,,,
1787979958106,-0.46465,-0.02465,0.17551,-0.458826,-0.838611,-0.338026,,,
1787979958106,-0.33203,-0.12531,0.01009,-0.378235,-0.760798,-0.364951,,,
1787979958106,-0.10629,-0.21083,0.19979,-0.257553,-0.566286,-0.339018,,,
1787979958106,0.07105,-0.28400,0.32404,-0.241700,-0.383991,-0.318101,,,
1787979958106,0.48202,-0.31929,0.30563,-0.274454,-0.324219,-0.269729,,,
1787979958106,0.48202,-0.31929,0.30563,-0.274454,-0.324219,-0.269729,,,
1787979958106,0.54660,-0.42308,0.13245,-0.330461,-0.390921,-0.221378,,,
1787979958106,0.52099,-0.45414,-0.04686,-0.373506,-0.525028,-0.186973,,,
1787979958106,0.59497,-0.40566,-0.25516,-0.407171,-0.671824,-0.133914,,,
1787979958106,0.34923,-0.36125,-0.33028,-0.462250,-0.844450,-0.087571,,,
1787979958106,0.46438,-0.24378,-0.47744,-0.460118,-0.893896,0.007577,,,
1787979958106,0.28758,-0.16683,-0.41396,-0.429856,-0.844480,0.166309,,,
1787979958106,0.28758,-0.16683,-0.41396,-0.429856,-0.844480,0.166309,,,
1787979958106,0.06362,0.06502,-0.33409,-0.383737,-0.807548,0.179696,,,
1787979958106,-0.16220,-0.07931,-0.26806,-0.265962,-0.765449,0.094974,,,
1787979958106,-0.11276,-0.36081,-0.14642,-0.127538,-0.589847,-0.015601,,,
1787979958106,0.53864,-0.43034,0.17192,-0.034856,-0.418887,-0.054968,,,
1787979958106,0.98941,-0.35208,0.57320,-0.122938,-0.444466,0.009752,,,
1787979958106,0.84584,-0.34486,0.50011,-0.338164,-0.535463,0.043345,,,
1787979958106,0.84584,-0.34486,0.50011,-0.338164,-0.535463,0.043345,,,
1787979958106,0.77396,-0.49424,-0.07540,-0.317691,-0.578318,0.009827,,,
1787979958106,0.76720,-0.99154,-0.50724,0.062446,-0.412572,0.044876,,,
1787979958106,0.65264,-1.28135,0.13475,0.298970,-0.241912,0.089790,,,
1787979958106,0.69479,-1.29179,0.97275,0.179350,-0.232424,0.066195,,,
1787979958106,0.98317,-1.27589,1.33372,-0.117708,-0.403710,0.052771,,,
1787979958106,1.37069,-0.87115,1.12809,-0.455355,-0.534557,0.123230,,,
1787979958106,1.37069,-0.87115,1.12809,-0.455355,-0.534557,0.123230,,,
1787979958106,1.75773,-0.18151,0.51930,-0.406003,-0.478436,0.259227,,,
1787979958106,1.82522,0.27310,0.14457,0.058899,-0.184814,0.446064,,,
1787979958106,1.42942,0.43240,0.86934,0.398559,0.094602,0.605017,,,
1787979958106,0.43358,0.10643,1.95073,0.178697,0.085670,0.638476,,,
1787979958106,-0.50790,-0.08604,2.03916,-0.407975,-0.120916,0.498920,,,
1787979958106,-1.09657,-0.11404,0.87417,-0.725953,-0.002569,0.368439,,,
1787979958106,-1.09657,-0.11404,0.87417,-0.725953,-0.002569,0.368439,,,
1787979958106,-1.45917,0.29125,-0.02872,-0.718388,0.360868,0.209265,,,
1787979958106,-1.70879,0.67533,-0.83108,-0.576491,0.572861,-0.117873,,,
1787979958106,-1.68111,0.62907,-1.16384,-0.437568,0.667960,-0.532590,,,
1787979958106,-0.96764,0.51414,-1.32730,-0.348436,0.788986,-0.863725,,,
1787979958106,-0.08309,0.46301,-1.42466,-0.357466,0.875780,-1.061174,,,
1787979958106,0.87613,0.63599,-1.74038,-0.398700,0.799397,-1.265043,,,
1787979958106,0.87613,0.63599,-1.74038,-0.398700,0.799397,-1.265043,,,
1787979958106,2.03646,0.65804,-2.01637,-0.407516,0.755742,-1.276030,,,
1787979958106,3.08260,0.35220,-2.78718,-0.141624,0.846674,-1.086655,,,
1787979958106,3.51306,-0.57651,-3.15735,0.358228,0.994636,-0.727446,,,
1787979958106,3.63017,-1.58899,-3.14876,0.938093,1.111358,-0.213426,,,
1787979958106,3.43179,-1.56774,-2.30242,1.460675,1.065497,0.253733,,,
1787979958106,2.77661,-1.39085,-1.07312,1.758606,1.044054,0.549880,,,
1787979958106,2.77661,-1.39085,-1.07312,1.758606,1.044054,0.549880,,,
1787979958106,2.22513,-1.32756,-0.10675,1.916780,1.258559,0.650541,,,
1787979958106,1.92454,-1.16792,1.08557,1.824520,1.657676,0.751961,,,
1787979958106,1.68556,-0.81540,1.61957,1.467276,2.011401,0.849013,,,
1787979958106,1.26461,-0.71254,1.44923,0.966678,2.024887,0.875542,,,
1787979958106,1.02429,-0.50694,0.99254,0.477791,1.890970,0.983001,,,
1787979958106,0.65024,0.13566,0.09893,0.027846,1.844586,1.070486,,,
1787979958106,0.65024,0.13566,0.09893,0.027846,1.844586,1.070486,,,
1787979958106,0.40235,0.92605,-0.78615,-0.331866,1.929734,1.134595,,,
1787979958106,-0.03955,1.73878,-2.19196,-0.584998,1.950742,1.197388,,,
1787979958106,-0.43876,2.33708,-3.35698,-0.546811,1.616970,1.227565,,,
1787979958106,-1.08247,2.68940,-4.17349,-0.273067,1.175000,1.152812,,,
1787979958106,-1.59759,2.77577,-4.38999,0.004171,0.785613,0.988146,,,
1787979958106,-1.69518,2.74604,-4.16551,0.251937,0.480147,0.871066,,,
1787979958106,-1.69518,2.74604,-4.16551,0.251937,0.480147,0.871066,,,
1787979958106,-2.12421,2.63234,-3.75728,0.311486,0.244714,0.746020,,,
1787979958106,-2.46922,2.45695,-3.56924,0.358063,0.141346,0.558669,,,
1787979958106,-2.72342,2.32939,-3.52587,0.483431,0.126157,0.335499,,,
1787979958106,-2.80647,2.13449,-3.39952,0.693916,0.249029,0.081697,,,
1787979958106,-2.56188,2.05566,-3.13903,0.953139,0.502907,-0.148608,,,
1787979958106,-2.03838,1.66273,-2.70507,1.164406,0.834554,-0.287686,,,
1787979958106,-2.03838,1.66273,-2.70507,1.164406,0.834554,-0.287686,,,
1787979958106,-1.54962,1.23143,-2.42789,1.351989,1.108642,-0.336359,,,
1787979958106,-0.63692,0.61600,-1.92530,1.592265,1.211072,-0.324080,,,
1787979958106,0.62707,1.07038,-0.80397,1.660961,1.216801,-0.109419,,,
1787979958106,0.39226,1.27160,0.61571,0.945393,1.057702,-0.026225,,,
1787979958106,-0.28151,0.13741,-0.52996,0.465031,0.568447,-0.324117,,,
1787979958106,0.41185,-0.75808,-1.47976,0.893760,0.457307,-0.393053,,,
1787979958106,0.41185,-0.75808,-1.47976,0.893760,0.457307,-0.393053,,,
1787979958106,0.83151,-0.99904,-0.96262,1.761430,0.985037,-0.269816,,,
1787979958106,1.43736,-0.48761,0.93276,2.273611,1.650044,-0.166211,,,
1787979958106,2.02488,-0.47768,2.35116,2.066698,2.059909,0.012202,,,
1787979958106,2.77884,-0.31930,2.69282,1.382583,2.017642,0.345584,,,
1787979958106,2.80399,-0.04548,1.86932,1.021928,1.564419,0.682804,,,
1787979958106,1.49948,-0.24972,1.14599,0.908303,1.177692,1.023095,,,
1787979958106,-0.13487,-0.17522,1.03723,0.819012,1.051667,1.065764,,,
1787979958106,-0.90612,0.08799,0.95594,0.768215,1.144058,0.829475,,,
1787979958106,-0.50552,0.21885,0.98720,0.621845,1.219545,0.752698,,,
1787979958106,-0.56337,0.23331,0.78094,0.314090,1.013632,0.798591,,,
1787979958106,-0.91617,0.33271,0.18327,0.058209,0.787972,0.775126,,,
1787979958106,-1.36159,0.39354,-0.79821,0.078486,0.766732,0.691151,,,
1787979958106,-1.63213,0.19394,-1.26480,0.362702,0.913657,0.624049,,,
1787979958106,-2.11927,-0.17985,-1.06066,0.521564,0.964669,0.350007,,,
1787979958106,-1.98942,-0.83884,-0.94622,0.462601,0.844901,0.063530,,,
1787979958106,-0.92364,-0.43264,-0.73485,0.363899,0.852634,-0.046642,,,
1787979958106,-0.55582,-0.08388,-0.77718,0.184063,0.885441,-0.115122,,,
1787979958106,-0.58403,0.21384,-1.28538,0.004900,0.692604,-0.388720,,,
1787979958106,0.13971,0.55484,-1.62265,-0.030593,0.514035,-0.628705,,,
1787979958106,1.22736,2.01405,-1.65571,0.005586,0.415369,-0.769392,,,
1787979958106,1.59059,1.80272,-2.08699,0.364963,0.540330,-1.101991,,,
1787979958106,1.59059,1.80272,-2.08699,0.364963,0.540330,-1.101991,,,
1787979958106,3.20527,-0.67697,-1.79912,0.891354,0.891853,-0.998856,,,
1787979958106,4.57987,-1.23527,-0.78311,0.785929,1.083161,-0.061589,,,
1787979958106,3.87863,-0.53726,-1.17627,0.460469,0.724242,0.649656,,,
1787979958106,3.45118,0.23099,-1.60167,0.637392,0.221126,0.906114,,,
1787979958106,3.09708,0.34426,-1.48493,0.946867,0.069150,1.229621,,,
1787979958106,2.37418,0.17238,-1.07321,1.217802,0.107071,1.567619,,,
1787979958106,0.73993,-0.29251,-0.51529,1.304637,0.167915,1.759544,,,
1787979958106,-0.76572,-0.64667,-0.14628,1.195147,0.425821,1.718103,,,
1787979958106,-2.01452,-0.63945,-0.25045,0.992092,0.799210,1.515843,,,
1787979958106,-2.28998,-0.25915,-0.64185,0.886991,1.071976,1.287409,,,
1787979958106,-1.94916,0.68344,-0.79123,0.841783,1.161036,1.191913,,,
1787979958106,-1.94922,1.67592,-0.67015,0.768195,1.134956,1.026994,,,
1787979958106,-1.36152,2.99442,-0.24899,0.637394,1.147152,0.930033,,,
1787979958106,-1.75375,3.08451,-0.26022,0.350329,0.988851,0.761945,,,
1787979958106,-1.56923,3.99769,-0.59147,0.159140,0.669767,0.577547,,,
1787979958106,-1.56498,5.35552,-0.57602,0.005424,0.314330,0.330308,,,
1787979958106,-3.56577,3.81403,-1.33001,0.037947,-0.089005,-0.320940,,,
1787979958106,-3.61521,1.70758,-1.62703,0.632996,-0.236991,-0.836090,,,
1787979958106,-2.35659,1.24095,0.19897,0.955769,-0.251617,-0.711857,,,
1787979958106,-2.64978,1.31946,1.67985,0.510966,-0.390170,-0.596668,,,
1787979958106,-3.14327,2.21142,2.01592,-0.339514,-0.660896,-0.889970,,,
1787979958106,-3.09645,2.41160,0.87416,-0.767332,-0.774528,-1.379695,,,
1787979958106,-2.75753,1.99733,-0.34982,-0.757943,-0.716334,-1.855728,,,
1787979958106,-1.85196,1.43579,-0.92758,-0.569243,-0.565830,-2.210786,,,
1787979958106,-0.44674,0.74354,-1.52650,-0.111067,-0.446539,-2.342881,,,
1787979958106,0.27883,-0.07925,-0.95676,0.356147,-0.455461,-2.300423,,,
1787979958106,0.59975,-0.87253,-0.31827,0.360123,-0.446914,-2.404440,,,
1787979958106,0.59975,-0.87253,-0.31827,0.360123,-0.446914,-2.404440,,,
1787979958106,2.31931,-1.28489,0.46671,0.022129,-0.411969,-2.301187,,,
1787979958106,3.89236,-1.21704,0.75861,-0.488658,-0.513337,-2.083953,,,
1787979958106,5.36655,-0.06618,0.57015,-0.919607,-0.788505,-2.003270,,,
1787979958106,7.06452,-0.34076,-0.25581,-1.056855,-0.878839,-1.862201,,,
1787979958106,9.28554,0.62499,-0.64753,-0.930972,-0.333140,-1.315393,,,
1787979958106,10.84274,0.38665,-1.25710,-0.359291,0.341972,-0.432589,,,
1787979958106,9.99793,-1.95371,-1.45414,0.318697,0.642555,0.478994,,,
1787979958106,8.87849,-3.02193,-0.40877,0.486526,0.610159,1.758219,,,
1787979958106,6.64472,-1.35972,-0.04111,0.217723,0.317284,2.609389,,,
1787979958106,4.53779,0.92388,-0.38674,0.248295,0.434474,2.645930,,,
1787979958106,4.46634,1.70077,-0.21635,0.357485,1.108277,2.637488,,,
1787979958106,4.87156,2.24092,-0.00419,0.206411,1.437386,3.164812,,,
1787979958106,3.28995,3.01585,-0.63284,0.060589,1.071736,3.599374,,,
1787979958106,1.72580,3.89780,-0.85457,0.216398,0.532995,3.862616,,,
1787979958106,-0.04803,4.50453,-0.70597,0.323165,0.229026,4.004885,,,
1787979958106,-2.12271,4.94476,-0.37439,0.245127,0.183208,3.933150,,,
1787979958106,-3.58880,5.70374,-0.44595,0.005001,0.217141,3.567781,,,
1787979958106,-4.84419,6.19293,-0.73603,-0.243667,0.242869,2.931693,,,
1787979958106,-5.29726,6.95181,-1.18650,-0.354680,0.172200,2.241415,,,
1787979958106,-6.24206,7.26601,-1.53164,-0.315824,0.085350,1.410036,,,
1787979958106,-6.46969,7.54008,-1.94491,-0.098854,0.132774,0.442560,,,
1787979958106,-5.99443,7.80391,-1.30939,-0.022833,0.055715,-0.141359,,,
1787979958106,-7.10596,7.21676,-0.96996,-0.306643,-0.192830,-0.953035,,,
1787979958106,-7.44816,6.20943,-1.69214,-0.269604,-0.334928,-2.175464,,,
1787979958106,-5.36432,6.07969,-1.57631,0.301760,-0.454157,-2.842158,,,
1787979958106,-3.34089,6.53481,0.18434,0.568222,-0.655257,-3.079360,,,
1787979958106,-3.23555,5.51030,0.85634,0.277993,-0.779412,-3.554026,,,
1787979958106,-3.23555,5.51030,0.85634,0.277993,-0.779412,-3.554026,,,
1787979958106,-2.23666,5.52134,0.46739,-0.113579,-0.845137,-4.168437,,,
1787979958106,-0.73873,4.92663,-0.38623,-0.191595,-0.827671,-4.598907,,,
1787979958106,1.87769,4.77912,-0.74283,-0.093355,-0.848469,-4.580838,,,
1787979963384,3.85207,4.31928,-0.33154,-0.117540,-0.982693,-4.370793,13.1255642,77.5900074,12.44
1787979963384,5.34937,3.61855,-0.01538,-0.587189,-1.241838,-4.252522,,,
1787979963384,7.46009,3.00556,-0.66904,-0.810490,-1.105361,-3.934119,,,
1787979963384,9.54664,2.14071,-1.15786,-0.686784,-0.665340,-3.440771,,,
1787979963384,11.35513,1.67018,-1.17285,-0.575105,-0.547698,-2.569017,,,
1787979963384,11.54720,-0.02281,-1.08609,-0.451229,-1.129074,-1.730420,,,
1787979963384,11.62218,-0.27142,-0.86129,-0.546809,-1.691294,-1.067261,,,
1787979963384,11.69929,-0.82173,-1.47794,-0.321449,-1.438032,-0.550592,,,
1787979963384,12.00196,-1.99552,-1.82604,0.342320,-0.524194,0.185054,,,
1787979963384,11.37305,-3.68830,-1.01306,0.762564,0.189613,1.513932,,,
1787979963384,9.44420,-2.69282,-0.24499,0.694754,0.478859,2.649350,,,
1787979963384,8.22560,0.62882,0.11625,0.698879,0.830406,3.295364,,,
1787979963384,7.81325,3.39241,0.69843,0.595239,1.329075,3.724752,,,
1787979963384,7.12012,5.02682,0.54030,0.314672,1.445349,4.214714,,,
1787979963384,5.00415,5.46591,0.06422,0.056424,1.180242,4.742218,,,
1787979963384,3.37637,7.41224,-0.17615,-0.172837,0.789462,5.247039,,,
1787979963384,0.73628,8.47592,-0.31635,-0.348635,0.288016,5.346667,,,
1787979963384,-1.84592,8.88446,-0.52074,-0.442305,0.043697,5.031763,,,
1787979963384,-3.82785,8.86544,-0.95769,-0.457221,0.100896,4.418797,,,
1787979963384,-5.07817,8.70789,-1.47796,-0.328855,0.320780,3.812469,,,
1787979963384,-6.20995,9.06521,-1.80157,-0.153666,0.555883,3.104244,,,
1787979963384,-7.94606,8.53539,-2.03988,-0.095364,0.734813,2.004184,,,
1787979964115,-8.08733,7.75768,-2.32350,-0.181930,0.861198,0.834053,13.1255653,77.5900095,12.75
1787979964115,-7.88975,8.62168,-2.43517,-0.435878,0.461538,-0.301215,,,
1787979964115,-7.88975,8.62168,-2.43517,-0.435878,0.461538,-0.301215,,,
1787979964115,-8.88058,7.97499,-3.16633,-0.696691,-0.473396,-1.917360,,,
1787979964115,-6.89591,6.84942,-3.41385,-0.643470,-1.009042,-3.131136,,,
1787979964115,-4.90366,7.27769,-3.30999,-0.031129,-1.498180,-3.749124,,,
1787979964115,-2.28357,8.18201,-1.88904,1.108410,-1.433877,-4.041010,,,
1787979964115,-0.52310,7.82569,0.64739,1.782248,-0.546301,-4.070910,,,
1787979964115,0.33600,5.70432,3.08880,1.328993,0.305199,-3.854925,,,
1787979964115,1.00708,3.86440,2.97949,0.267168,0.367300,-3.650369,,,
1787979964115,2.17540,2.93740,1.37847,-0.446346,0.005519,-3.422822,,,
1787979964115,3.30231,2.81863,0.39873,-0.536839,-0.359178,-3.210915,,,
1787979964115,4.34648,2.47385,0.25110,-0.299516,-0.774373,-3.196890,,,
1787979964115,5.60871,1.59698,1.12854,-0.383746,-1.169116,-3.162260,,,
1787979964115,6.90184,0.03804,1.53727,-0.711163,-1.215081,-3.045430,,,
1787979964115,8.89320,-0.48212,1.27728,-1.013295,-0.835055,-2.711967,,,
1787979964115,10.62502,-1.41288,0.08316,-0.951481,-0.289937,-2.081174,,,
1787979964115,11.70057,-1.80969,-0.39716,-0.679281,0.200992,-1.299487,,,
1787979964115,12.43817,-1.99342,-0.59128,-0.438590,0.440986,-0.256348,,,
1787979964115,12.28909,-2.21593,-0.67542,-0.122766,0.350518,0.802735,,,
1787979964115,10.82102,-2.72618,-0.13728,-0.134825,-0.017174,1.928501,,,
1787979964115,8.93079,-1.18176,-0.17771,-0.378225,-0.559266,2.912637,,,
1787979964115,7.39680,1.79250,-0.50081,-0.237834,-0.718071,3.427894,,,
1787979964115,6.39555,3.49713,-0.13513,-0.123186,-0.515759,3.786186,,,
1787979964115,5.43246,5.07218,-0.22768,-0.051217,-0.184511,4.191844,,,
1787979964115,3.79156,6.18594,-0.60652,0.162681,-0.021244,4.633216,,,
1787979964115,1.22540,6.99525,-0.76690,0.403200,-0.009397,4.853327,,,
1787979964115,-0.93942,7.62250,-0.50327,0.503437,-0.103783,4.670591,,,
1787979964115,-2.53675,7.99893,-0.12227,0.473560,-0.148462,4.260225,,,
1787979964115,-3.77543,8.27826,-0.00825,0.261045,-0.087635,3.751061,,,
1787979964115,-3.77543,8.27826,-0.00825,0.261045,-0.087635,3.751061,,,
1787979964115,-4.63014,8.66416,-0.36364,0.101020,0.087657,3.285653,,,
1787979964115,-5.63837,8.90600,-0.68649,-0.066018,0.264854,2.707747,,,
1787979964115,-7.09745,8.19526,-1.31741,-0.289381,0.335304,1.928800,,,
1787979964115,-7.72481,7.75910,-1.83557,-0.511706,0.322292,1.058716,,,
1787979964115,-8.38073,8.16736,-2.23416,-0.693916,0.050990,0.114567,,,
1787979964115,-9.47065,7.32428,-2.86779,-0.478354,-0.283874,-1.321553,,,
1787979964115,-7.93964,6.61600,-3.18779,0.472192,-0.193742,-2.848139,,,
1787979964115,-5.54077,7.07465,-1.72410,1.345410,-0.165058,-3.715281,,,
1787979964115,-2.61493,8.33723,0.30748,1.750233,-0.107361,-4.100340,,,
1787979964115,-0.82814,9.70209,1.82178,1.636698,0.021811,-4.600775,,,
1787979964115,1.43943,9.53862,2.19388,1.256746,0.154707,-5.062983,,,
1787979964115,3.06937,7.07523,1.88174,0.981578,0.274732,-5.002021,,,
1787979964115,4.58096,4.47765,1.26444,0.752299,0.117005,-4.578132,,,
1787979964115,5.89436,2.57437,0.90746,0.809687,-0.027017,-3.806199,,,
1787979964115,6.54254,0.96785,0.89556,1.079151,-0.023092,-2.936515,,,
1787979964115,6.93526,0.18564,1.83440,1.088871,-0.145173,-2.143137,,,
1787979964115,6.81679,-0.27452,3.24769,0.578821,-0.774473,-1.769018,,,
1787979964115,7.18665,-0.84015,3.40839,-0.222583,-1.520893,-1.637349,,,
1787979964115,8.24984,-1.50920,2.70156,-0.741927,-1.932395,-1.275913,,,
1787979964115,8.48887,-2.26408,1.97388,-1.019632,-1.907369,-0.759086,,,
1787979964115,8.29733,-3.63946,0.76982,-1.006503,-1.544494,-0.134966,,,
1787979964115,7.97809,-3.39946,0.16659,-0.849343,-1.066000,0.596025,,,
1787979964115,7.47279,-1.77192,-0.17851,-0.778025,-0.335188,1.051485,,,
1787979964115,7.68057,-1.41340,-1.08351,-0.455195,0.544309,1.506713,,,
1787979964115,7.95052,-0.49986,-1.00217,-0.231923,0.975485,2.336397,,,
1787979964115,6.55950,0.64442,-0.99000,-0.310711,0.594007,3.022270,,,
1787979964115,4.76429,2.59581,-1.02133,-0.338160,-0.038431,3.340136,,,
1787979964115,4.76429,2.59581,-1.02133,-0.338160,-0.038431,3.340136,,,
1787979964115,3.46192,3.87482,-1.24108,0.027382,-0.182195,3.515724,,,
1787979964115,2.39382,5.18780,-0.61464,0.552989,0.153508,3.701140,,,
1787979964115,0.94800,6.02225,0.02113,0.779297,0.657358,3.535811,,,
1787979964115,-0.21262,5.40933,0.09658,0.842936,1.072279,3.227051,,,
1787979964115,-1.16253,4.84849,-0.07832,0.849378,1.244457,3.045131,,,
1787979964115,-2.67141,4.26895,-0.32991,0.694920,1.180330,2.811251,,,
1787979964115,-3.86625,4.30868,-0.67897,0.452267,0.986728,2.389302,,,
1787979964115,-4.82864,3.98883,-1.22421,0.251466,0.852224,1.828686,,,
1787979964115,-5.19800,3.66306,-1.78778,0.127094,0.789652,1.325942,,,
1787979964115,-5.26569,3.81856,-2.11367,-0.037877,0.756786,0.959761,,,
1787979964115,-5.32939,4.24527,-2.55738,-0.212768,0.708474,0.577569,,,
1787979964115,-5.32984,4.64356,-3.04804,-0.269717,0.464393,0.052382,,,
1787979964115,-5.21854,4.37106,-3.30031,-0.216373,-0.062253,-0.544819,,,
1787979964115,-4.40743,4.50836,-2.59431,-0.227916,-0.700095,-0.968984,,,
1787979964115,-4.10971,5.49425,-1.55322,-0.490493,-1.129219,-1.341807,,,
1787979964115,-5.12042,5.74642,-1.45175,-0.668258,-1.370858,-2.229155,,,
1787979964115,-4.22631,4.77206,-1.45997,-0.283828,-1.270846,-3.206403,,,
1787979964115,-1.64519,4.17053,0.14420,-0.023812,-1.004439,-3.551692,,,
1787979964115,0.32192,4.32782,1.43005,-0.200675,-0.838709,-3.725782,,,
1787979964115,2.99173,4.07976,1.63679,-0.512461,-0.789925,-3.792406,,,
1787979964115,5.09433,2.61356,1.08059,-0.523772,-0.668466,-3.319081,,,
1787979964115,5.96078,0.55739,0.50002,-0.464888,-0.670296,-2.259945,,,
1787979964115,4.83687,-0.42332,0.04155,-0.353921,-1.076479,-1.423155,,,
1787979964115,2.96078,-0.88977,0.19310,-0.182701,-1.313884,-1.307141,,,
1787979964115,2.93435,-1.57360,0.90927,-0.299083,-1.232939,-1.275710,,,
1787979964115,3.09411,-1.97474,1.36973,-0.752934,-1.321546,-1.141904,,,
1787979964115,3.00966,-1.93879,1.08725,-1.435624,-1.653534,-1.191240,,,
1787979964115,3.00966,-1.93879,1.08725,-1.435624,-1.653534,-1.191240,,,
1787979964115,3.46322,-1.74801,-0.58297,-1.692595,-1.771095,-1.235663,,,
1787979964115,4.02176,-2.14728,-1.76298,-1.309620,-1.446717,-1.099891,,,
1787979964115,5.29796,-2.11537,-2.07280,-0.646778,-0.762019,-0.741372,,,
1787979964115,6.43245,-1.69715,-1.59933,-0.112644,-0.244571,-0.190155,,,
1787979964115,7.28073,0.13166,-0.58970,0.079565,-0.102629,0.446902,,,
1787979964115,6.21432,-0.85303,-0.65831,0.183866,-0.359756,0.881491,,,
1787979964115,4.69598,-2.46375,-0.45263,0.172281,-0.693433,1.408031,,,
1787979964115,3.73132,-2.19768,-0.28626,0.166466,-0.881207,1.940754,,,
1787979964115,3.04634,-0.45046,0.12968,0.383824,-0.700765,2.383703,,,
1787979964115,2.74297,1.82407,0.86934,0.571346,-0.085366,2.736737,,,
1787979964115,2.25195,4.04388,1.24759,0.570372,0.391097,3.005534,,,
1787979964115,1.02392,5.17343,0.97908,0.540627,0.476100,3.012883,,,
1787979964115,-1.06487,4.70175,0.34838,0.629477,0.342535,2.761655,,,
1787979964115,-2.28817,4.54722,0.26138,0.804514,0.324338,2.488481,,,
1787979964115,-3.78339,4.08572,0.28923,0.902251,0.478408,2.102031,,,
1787979964115,-4.69916,3.77720,0.21163,0.941105,0.644681,1.586303,,,
1787979964115,-5.45354,2.96765,0.05744,0.803580,0.653987,1.093724,,,
1787979964115,-5.59105,3.16706,-0.01182,0.545988,0.419012,0.584673,,,
1787979964115,-6.34417,2.52630,-0.16843,0.116960,-0.031748,-0.082735,,,
1787979964115,-5.74142,2.63218,-0.02766,-0.496412,-0.379271,-0.571155,,,
1787979964115,-5.37353,2.79812,-0.09917,-1.208605,-0.657390,-0.857946,,,
1787979964115,-5.25885,3.21004,-0.61685,-1.820359,-0.900507,-1.226145,,,
1787979964115,-4.52795,4.22887,-1.28434,-2.139964,-1.037692,-1.631803,,,
1787979964115,-3.53883,4.45638,-1.72047,-2.141232,-1.000074,-1.840293,,,
1787979964115,-2.68803,4.48951,-2.22015,-1.895618,-0.832243,-2.352549,,,
1787979964115,-1.23232,4.03633,-2.37364,-1.505215,-0.595641,-2.975803,,,
1787979964115,2.08673,4.36072,-1.70273,-1.316411,-0.498097,-3.330633,,,
1787979964115,2.08673,4.36072,-1.70273,-1.316411,-0.498097,-3.330633,,,
1787979964115,4.82477,4.20754,-1.52111,-1.329944,-0.322443,-3.180224,,,
1787979964115,6.73808,3.16395,-2.02671,-1.342656,-0.319033,-2.665346,,,
1787979964115,6.06096,0.45214,-2.80550,-1.064878,-0.947925,-1.796859,,,
1787979964115,4.13788,-0.79215,-2.27021,-0.804892,-1.884046,-1.285762,,,
1787979964115,3.02633,-2.01467,-1.53587,-0.588426,-2.309643,-1.287241,,,
1787979964115,3.53518,-3.09036,-0.34872,-0.517500,-2.155684,-1.127672,,,
1787979964115,4.13598,-3.40569,0.38417,-0.665026,-1.627888,-0.470918,,,
1787979964115,3.54495,-2.58056,0.29388,-0.921403,-1.358158,0.102440,,,
1787979964115,2.90232,-1.67624,-0.48714,-0.786524,-1.263104,0.320300,,,
1787979964115,2.59194,-0.93793,-0.98402,-0.164286,-1.030513,0.541626,,,
1787979964115,1.83068,-0.86235,-0.40846,0.683823,-0.667735,0.742124,,,
1787979964115,0.70552,-0.84870,1.55297,1.220786,-0.323135,0.792484,,,
1787979964115,-0.03859,-1.05455,3.18221,0.942962,-0.033229,0.722821,,,
1787979964115,-0.42959,-0.85457,3.82714,0.113046,-0.040853,0.654674,,,
1787979964115,-0.72101,-0.27162,2.94427,-0.642769,-0.204424,0.523610,,,
1787979964115,-1.00036,0.11826,1.05195,-0.832206,-0.255167,0.361432,,,
1787979964115,-1.20316,0.17106,0.02769,-0.554838,-0.098294,0.263473,,,
1787979964115,-1.47586,-0.06855,-0.50503,-0.069745,0.206746,0.089252,,,
1787979964115,-1.24116,0.05077,-0.23171,0.250209,0.486395,-0.057777,,,
1787979964115,-0.51747,0.14436,0.17636,0.272630,0.613609,-0.117212,,,
1787979964115,-0.11766,0.13897,0.16785,0.123052,0.499318,-0.100136,,,
1787979964115,-0.16412,-0.15287,-0.02742,-0.097470,0.129958,-0.064041,,,
1787979964115,-0.13810,-0.16816,-0.22659,-0.264193,-0.264672,-0.049943,,,
1787979964115,0.03506,0.09702,-0.26711,-0.366627,-0.486594,0.037071,,,
1787979964115,-0.21202,0.33598,-0.36704,-0.394432,-0.656181,0.095899,,,
1787979964115,-0.61891,0.66698,-0.45346,-0.304241,-0.696257,0.051462,,,
1787979964115,-0.92155,0.78303,-0.36727,-0.092181,-0.635759,-0.085486,,,
1787979964115,-0.92155,0.78303,-0.36727,-0.092181,-0.635759,-0.085486,,,
1787979964115,-0.96958,0.70491,-0.10196,0.154333,-0.485703,-0.305153,,,
1787979964115,-0.47422,0.16296,0.37189,0.372824,-0.217107,-0.325456,,,
1787979964115,-0.14398,-0.17754,1.13051,0.352325,-0.052839,-0.235114,,,
1787979964115,-0.18022,-0.30889,1.47441,0.069595,-0.136463,-0.209358,,,
1787979964115,-0.09665,-0.20948,1.34187,-0.348164,-0.403389,-0.234846,,,
1787979964115,-0.01511,0.03581,0.80421,-0.571302,-0.522924,-0.259044,,,
1787979964115,0.09389,0.11999,0.10257,-0.558985,-0.447026,-0.323900,,,
1787979964115,0.35856,0.08705,-0.17480,-0.405610,-0.302787,-0.338516,,,
1787979964115,0.50122,-0.30288,-0.38635,-0.180012,-0.183918,-0.312919,,,
1787979964115,0.68431,-0.59034,-0.25376,-0.030180,-0.096959,-0.189680,,,
1787979964115,0.65705,-0.54662,-0.01231,0.027398,-0.026398,-0.083345,,,
1787979964115,0.41949,-0.55863,0.07552,0.021620,-0.002451,-0.124194,,,
1787979964115,0.73462,-0.83295,-0.11138,0.040887,0.047448,-0.118007,,,
1787979969381,0.98419,-0.99966,-0.09252,0.039551,0.060674,0.010538,13.1255696,77.5900524,12.34
1787979969381,1.18575,-0.92638,-0.09377,-0.049461,-0.005735,0.188681,,,
1787979969381,1.00965,-0.72583,-0.29137,-0.127987,-0.103652,0.350671,,,
1787979969381,0.62449,-0.52582,-0.65114,-0.125702,-0.158561,0.476705,,,
1787979969381,0.19212,-0.25305,-0.82017,-0.047161,-0.116580,0.526832,,,
1787979969381,0.02729,0.19067,-0.84398,0.067560,0.008337,0.457045,,,
1787979969381,0.17981,0.20574,-0.85903,0.200177,0.133657,0.431607,,,
1787979969381,0.55721,0.50412,-0.49783,0.248658,0.071744,0.458919,,,
1787979969381,0.62692,0.62402,-0.37590,0.256605,-0.090797,0.566293,,,
1787979969381,0.29028,0.67023,-0.19677,0.314942,-0.216493,0.708282,,,
1787979969381,-0.23734,0.68144,0.15602,0.337767,-0.256371,0.784525,,,
1787979969381,-0.76340,0.73657,0.61356,0.261640,-0.269919,0.826683,,,
1787979969381,-1.24656,0.85591,0.81885,0.052865,-0.336652,0.784202,,,
1787979969381,-1.65285,1.06913,0.81800,-0.223723,-0.511132,0.674497,,,
1787979969381,-1.65285,1.06913,0.81800,-0.223723,-0.511132,0.674497,,,
1787979969381,-1.91009,1.28784,0.66073,-0.441486,-0.668810,0.525516,,,
1787979969381,-2.26072,1.51925,0.43538,-0.527332,-0.737092,0.319067,,,
1787979969381,-2.50580,1.62470,0.35618,-0.513160,-0.738198,0.005828,,,
1787979969381,-2.50445,1.40145,0.24759,-0.413845,-0.549528,-0.336600,,,
1787979969381,-2.08989,1.13217,0.17907,-0.241038,-0.191533,-0.555611,,,
1787979969381,-1.73017,0.90925,0.20261,-0.076815,0.085797,-0.741423,,,
1787979970121,-1.33331,0.73490,0.36506,-0.003977,0.265304,-0.983440,13.1255735,77.5900548,12.70
1787979970121,-0.51403,0.39316,0.48926,-0.014397,0.389370,-1.136105,,,
1787979970121,0.22805,0.11581,0.47127,-0.096133,0.406198,-1.190134,,,
1787979970121,1.03169,-0.10801,0.34333,-0.213861,0.322727,-1.136081,,,
1787979970121,1.47732,-0.26312,0.05491,-0.275679,0.298844,-1.015807,,,
1787979970121,1.88808,-0.32969,-0.32001,-0.276632,0.355425,-0.854595,,,
1787979970121,2.24769,-0.34528,-0.59203,-0.177663,0.421678,-0.660938,,,
1787979970121,2.44770,-0.51080,-0.83742,-0.018672,0.477470,-0.403475,,,
1787979970121,2.41204,-0.64013,-0.78796,0.112054,0.486547,-0.133506,,,
1787979970121,2.01470,-0.70741,-0.68406,0.151334,0.333377,0.021269,,,
1787979970121,1.76673,-0.75900,-0.52612,0.146430,0.104417,0.106273,,,
1787979970121,1.47945,-1.00161,-0.53221,0.245059,0.127154,0.246034,,,
1787979970121,0.99084,-1.23155,-0.45780,0.357183,0.403821,0.417636,,,
1787979970121,0.72579,-0.96832,-0.24341,0.418315,0.663635,0.525876,,,
1787979970121,0.58827,-0.45770,-0.05870,0.358282,0.711137,0.495657,,,
1787979970121,0.88447,0.19795,0.20800,0.195833,0.585577,0.417531,,,
1787979970121,0.91572,0.33582,0.16022,-0.091500,0.307447,0.354064,,,
1787979970121,1.11548,0.42594,-0.34952,-0.242618,0.020428,0.410501,,,
1787979970121,0.73267,0.26014,-0.74093,-0.119092,-0.019681,0.555577,,,
1787979970121,0.20308,0.36912,-0.65135,0.080442,0.132104,0.654313,,,
1787979970121,-0.17059,0.52147,-0.37502,0.178994,0.291796,0.716273,,,
1787979970121,-0.17059,0.52147,-0.37502,0.178994,0.291796,0.716273,,,
1787979970121,-0.73386,0.69332,-0.21533,0.149463,0.295741,0.708137,,,
1787979970121,-1.33650,0.88194,-0.13753,0.036151,0.244610,0.532385,,,
1787979970121,-1.58973,0.94638,-0.23055,-0.051283,0.227413,0.252932,,,
1787979970121,-1.60199,0.74179,-0.24693,-0.162859,0.272352,0.029806,,,
1787979970121,-1.23700,0.79575,-0.37714,-0.316416,0.352377,-0.069012,,,
1787979970121,-0.81290,0.97166,-0.56002,-0.380696,0.447326,-0.121926,,,
1787979970121,-0.60354,1.12655,-0.77900,-0.567214,0.302313,-0.212656,,,
1787979970121,-0.51466,0.94956,-1.22822,-0.616463,-0.004923,-0.252811,,,
1787979970121,-0.85743,0.28949,-1.47536,-0.401313,-0.266853,-0.331604,,,
1787979970121,-0.82009,0.06393,-0.95836,-0.155717,-0.254095,-0.401195,,,
1787979970121,-0.48792,-0.38297,-0.31229,0.003178,-0.034394,-0.397350,,,
1787979970121,-0.33339,-0.57166,0.03271,0.034083,0.122514,-0.324008,,,
1787979970121,-0.30693,-0.70383,0.22927,-0.019815,0.158407,-0.254191,,,
1787979970121,-0.12772,-0.44698,0.39939,-0.165311,0.098429,-0.196440,,,
1787979970121,-0.12497,-0.16178,0.23829,-0.379136,-0.165367,-0.170860,,,
1787979970121,-0.30538,-0.10148,-0.14567,-0.395249,-0.353277,-0.191973,,,
1787979970121,-0.40667,0.09730,-0.34404,-0.215915,-0.200704,-0.222867,,,
1787979970121,-0.23886,0.19664,-0.28983,0.030141,0.108566,-0.220629,,,
1787979970121,-0.14770,0.07474,-0.04273,0.190635,0.216696,-0.218978,,,
1787979970121,-0.13297,-0.08934,0.15201,0.194380,0.155685,-0.239902,,,
1787979970121,-0.11398,-0.29053,0.28196,0.147591,0.034213,-0.231458,,,
1787979970121,-0.08447,-0.44887,0.39650,0.090594,-0.093080,-0.230170,,,
1787979970121,-0.01940,-0.47716,0.47313,0.026655,-0.169359,-0.186528,,,
1787979970121,-0.03357,-0.39921,0.59023,-0.077639,-0.193870,-0.138159,,,
1787979970121,0.01362,-0.13476,0.53129,-0.251166,-0.271900,-0.107676,,,
1787979970121,0.08635,0.09935,0.17871,-0.351087,-0.383952,-0.105057,,,
1787979970121,0.00084,0.19936,-0.27095,-0.227505,-0.380385,-0.097195,,,
1787979970121,0.00084,0.19936,-0.27095,-0.227505,-0.380385,-0.097195,,,
1787979970121,-0.10476,0.09950,-0.21822,-0.006043,-0.265098,-0.105190,,,
1787979970121,-0.30397,0.04251,0.30452,0.054187,-0.180953,-0.161177,,,
1787979970121,-0.23336,0.00214,0.48973,-0.024604,-0.173052,-0.231079,,,
1787979970121,0.04603,0.03625,0.50576,-0.107844,-0.187330,-0.245110,,,
1787979970121,0.01573,-0.03312,0.33638,-0.185680,-0.220024,-0.275906,,,
1787979970121,0.03885,-0.20082,-0.02674,-0.109332,-0.149569,-0.304693,,,
1787979970121,0.19939,-0.30100,-0.03191,-0.000025,-0.024691,-0.279222,,,
1787979970121,0.37362,-0.44246,0.17943,-0.000132,-0.052578,-0.238994,,,
1787979970121,0.48854,-0.48118,0.33031,-0.161074,-0.188139,-0.188113,,,
1787979970121,0.42871,-0.43223,-0.00058,-0.297887,-0.254813,-0.131473,,,
1787979970121,0.44980,-0.27870,-0.36337,-0.267245,-0.252923,-0.100830,,,
1787979970121,0.47343,-0.20298,-0.56914,-0.159323,-0.235853,-0.074856,,,
1787979970121,0.49984,-0.26691,-0.52583,-0.034107,-0.204824,-0.040566,,,
1787979970121,0.54527,-0.21521,-0.25532,-0.001649,-0.181672,0.017457,,,
1787979970121,0.51388,-0.17124,-0.19432,-0.009454,-0.238175,0.070480,,,
1787979970121,0.37760,-0.06155,-0.10154,0.000693,-0.231144,0.131502,,,
1787979970121,0.07434,0.08873,-0.02547,0.045171,-0.156482,0.135588,,,
1787979970121,-0.36851,0.05064,0.02483,0.131466,-0.086590,0.012550,,,
1787979970121,-0.19082,-0.14069,0.25942,0.213070,0.035349,-0.054349,,,
1787979970121,0.02677,-0.23099,0.60208,0.182524,0.106489,-0.039738,,,
1787979970121,0.08568,-0.25197,0.66743,0.055129,0.081673,-0.032926,,,
1787979970121,0.20704,-0.23225,0.43794,-0.061471,0.041310,-0.000682,,,
1787979970121,0.17803,-0.11798,0.17514,-0.098410,0.001141,0.031264,,,
1787979970121,0.07131,-0.03809,-0.07567,-0.088155,-0.020648,0.034679,,,
1787979970121,0.04546,-0.07599,-0.18236,-0.050460,0.002292,0.066356,,,
1787979970121,-0.16125,-0.04582,-0.15650,-0.077089,-0.025366,0.069023,,,
1787979970121,-0.26241,0.01274,-0.29119,-0.081338,-0.080150,0.045881,,,
1787979970121,-0.26241,0.01274,-0.29119,-0.081338,-0.080150,0.045881,,,
1787979970121,-0.44688,0.09461,-0.45587,-0.004261,-0.059156,0.015095,,,
1787979970121,-0.45008,0.20938,-0.37124,0.113768,0.051288,-0.020884,,,
1787979970121,-0.45907,0.12719,-0.15715,0.183360,0.128525,-0.081679,,,
1787979970121,-0.33805,0.02624,0.00331,0.165497,0.131639,-0.123510,,,
1787979970121,-0.30784,-0.15457,0.03170,0.139106,0.120443,-0.137086,,,
1787979970121,-0.28696,-0.17439,0.00777,0.107120,0.099591,-0.169483,,,
1787979970121,-0.18695,-0.16527,0.00835,0.121765,0.105349,-0.183994,,,
1787979970121,-0.09607,-0.16341,0.08825,0.086839,0.091047,-0.181144,,,
1787979970121,0.04548,-0.03318,0.03038,0.054582,0.105182,-0.170469,,,
1787979970121,0.04752,-0.07545,-0.07138,0.074467,0.109026,-0.132395,,,
1787979970121,-0.02846,0.03503,-0.05938,0.068732,0.100604,-0.123678,,,
1787979970121,0.04331,0.20779,-0.10772,0.082753,0.117078,-0.139210,,,
1787979970121,0.08682,0.19821,-0.13727,0.140638,0.118679,-0.138554,,,
1787979970121,0.02146,0.13906,-0.02327,0.146547,0.082964,-0.142549,,,
1787979970121,0.00354,0.10319,0.02629,0.159813,0.090499,-0.147272,,,
1787979970121,0.01409,0.01405,0.08524,0.181008,0.136633,-0.148403,,,
1787979970121,0.06973,-0.00944,0.16570,0.163201,0.168956,-0.155279,,,
1787979970121,0.15399,-0.09849,0.21712,0.119644,0.156689,-0.129775,,,
1787979970121,0.08620,-0.19318,0.16458,0.066044,0.119104,-0.130817,,,
1787979970121,0.19218,-0.19783,0.22704,-0.035514,0.013277,-0.123269,,,
1787979970121,0.28221,-0.14488,0.06274,-0.113556,-0.058380,-0.088862,,,
1787979970121,0.28549,-0.10933,-0.13846,-0.104203,-0.029880,-0.059597,,,
1787979970121,0.32880,0.02375,-0.34453,-0.016080,0.055340,-0.036926,,,
1787979970121,0.37310,-0.06377,-0.30488,0.049442,0.119452,0.009036,,,
1787979970121,0.36183,-0.07318,-0.17085,0.025709,0.074227,0.057297,,,
1787979970121,0.21187,-0.09216,-0.27794,-0.015607,-0.029819,0.069668,,,
1787979970121,0.08829,-0.10840,-0.36239,0.034708,-0.096190,0.059425,,,
1787979970121,0.08829,-0.10840,-0.36239,0.034708,-0.096190,0.059425,,,
1787979970121,0.17959,-0.18915,-0.12466,0.069372,-0.061162,0.095903,,,
1787979970121,0.14005,-0.12602,0.01533,0.028461,-0.040445,0.155619,,,
1787979970121,0.00202,-0.06841,-0.02944,-0.017391,-0.084645,0.188458,,,
1787979970121,-0.24767,0.02303,-0.10979,-0.021545,-0.054070,0.208669,,,
1787979970121,-0.44879,0.09653,-0.16398,-0.008159,-0.023701,0.172800,,,
1787979970121,-0.47023,0.18161,-0.16459,-0.005903,-0.027278,0.118571,,,
1787979970121,-0.36410,0.25695,-0.19292,0.005858,-0.025916,0.081383,,,
1787979970121,-0.34223,0.25861,-0.23714,0.039875,-0.001805,0.033595,,,
1787979970121,-0.26449,0.21588,-0.23699,0.078500,-0.047485,0.016163,,,
1787979970121,-0.34932,0.15845,-0.05429,0.085547,-0.120795,-0.017882,,,
1787979970121,-0.37579,0.01671,0.06823,0.047096,-0.141696,-0.047759,,,
1787979970121,-0.38339,-0.15677,0.12161,0.019925,-0.157798,-0.034066,,,
1787979970121,-0.48447,-0.14923,0.13161,-0.007800,-0.189876,-0.079146,,,
1787979970121,-0.47317,-0.23729,0.09960,-0.002352,-0.182394,-0.103141,,,
1787979970121,-0.47630,-0.20486,0.19856,-0.017812,-0.125497,-0.120701,,,
1787979970121,-0.38578,-0.16328,0.20110,-0.073567,-0.149014,-0.174265,,,
1787979970121,-0.09778,-0.12975,0.14592,-0.127199,-0.155049,-0.202581,,,
1787979970121,0.16105,-0.25630,-0.00615,-0.152862,-0.182113,-0.144978,,,
1787979970121,0.24393,-0.16542,-0.06021,-0.168860,-0.255214,-0.088391,,,
1787979970121,0.06829,-0.01817,-0.12201,-0.143321,-0.313357,-0.035054,,,
1787979970121,-0.28334,0.09327,-0.09395,-0.081700,-0.287463,-0.052352,,,
1787979970121,-0.38075,0.17342,-0.12573,-0.001785,-0.153045,-0.121319,,,
1787979970121,-0.44536,0.09258,-0.09105,0.055080,-0.119082,-0.186988,,,
1787979970121,-0.58378,0.10858,0.02568,0.018787,-0.183239,-0.270947,,,
1787979970121,-0.54269,0.00815,-0.10027,0.037704,-0.070992,-0.370746,,,
1787979970121,-0.06967,-0.02805,-0.08716,0.093963,0.089867,-0.362400,,,
1787979970121,0.26910,0.12367,0.09775,-0.011578,0.049691,-0.348346,,,
1787979970121,0.26910,0.12367,0.09775,-0.011578,0.049691,-0.348346,,,
1787979970121,0.58889,0.24748,-0.23111,-0.077339,-0.052594,-0.301467,,,
1787979970121,0.59256,0.28851,-0.42311,0.087319,-0.059790,-0.245425,,,
1787979970121,0.45592,0.20583,-0.15550,0.336153,0.035005,-0.258212,,,
1787979970121,0.57050,0.02269,0.46629,0.375852,0.107470,-0.215498,,,
1787979970121,0.66186,-0.23272,0.90112,0.236664,0.110632,-0.171524,,,
1787979970121,0.81846,-0.35809,0.90890,0.021333,0.071990,-0.089075,,,
1787979970121,0.91410,-0.28789,0.48385,-0.137251,0.045844,0.033457,,,
1787979970121,0.73728,-0.15678,0.04819,-0.167431,0.027588,0.144500,,,
1787979970121,0.32878,-0.03600,-0.24094,-0.101804,0.016218,0.173004,,,
1787979970121,0.14393,-0.05847,-0.25918,-0.016099,0.004587,0.161751,,,
1787979970121,-0.08032,-0.21707,-0.07688,-0.021228,-0.005886,0.181857,,,
1787979970121,-0.31237,-0.14993,-0.06566,-0.055830,-0.011363,0.175331,,,
1787979970121,-0.31175,-0.01320,-0.12602,-0.088866,0.063777,0.157951,,,
1787979970121,-0.22478,0.19202,-0.24903,-0.121978,0.067650,0.118322,,,
1787979970121,-0.03512,0.35253,-0.47900,-0.137156,0.012390,0.090564,,,
1787979970121,-0.09602,0.26031,-0.73075,-0.031653,0.018345,0.075361,,,
1787979970121,-0.13741,0.17989,-0.66667,0.144837,0.065491,0.046167,,,
1787979970121,-0.09452,0.02214,-0.33976,0.215170,0.108331,0.027623,,,
1787979970121,-0.03284,-0.16307,-0.00145,0.162985,0.076439,0.035417,,,
1787979970121,-0.04453,-0.23817,0.07580,0.053409,0.002439,0.023948,,,
1787979970121,-0.01214,-0.23677,-0.08709,0.026065,0.007811,0.052155,,,
1787979970121,-0.00120,-0.14361,-0.14587,0.044137,0.066935,0.068984,,,
1787979975379,0.01857,-0.08375,-0.15023,0.062176,0.083862,0.078257,13.1255779,77.5900527,13.59
1787979975379,0.04462,0.01521,-0.12911,0.072621,0.098073,0.076576,,,
1787979975379,0.11672,0.10789,-0.07708,0.109408,0.094153,0.079162,,,
1787979975379,0.05255,0.11868,-0.00907,0.132819,0.073812,0.064481,,,
1787979975379,0.11340,0.07227,0.10210,0.198331,0.131579,0.056721,,,
1787979975379,0.11340,0.07227,0.10210,0.198331,0.131579,0.056721,,,
1787979975379,0.05564,-0.13762,0.29756,0.186719,0.181000,0.089035,,,
1787979975379,-0.07922,-0.21887,0.42549,0.047226,0.101870,0.119282,,,
1787979975379,-0.28956,-0.18317,0.25596,-0.097963,0.004494,0.093801,,,
1787979975379,-0.20804,0.06322,-0.12611,-0.121564,0.039115,0.081165,,,
1787979975379,-0.09721,0.18214,-0.31290,-0.105447,0.095884,0.055875,,,
1787979975379,0.02616,0.18732,-0.53105,-0.061547,0.039655,0.039494,,,
1787979975379,-0.00900,0.13192,-0.57308,0.031982,0.020939,0.067526,,,
1787979975379,-0.14619,0.06319,-0.35241,0.131069,0.047879,0.065566,,,
1787979975379,-0.22953,-0.01574,-0.08505,0.133368,0.041277,0.071370,,,
1787979975379,-0.45573,-0.06771,0.15792,0.028027,-0.074104,0.009680,,,
1787979975379,-0.40275,-0.05442,0.12054,-0.048550,-0.041735,-0.047771,,,
1787979975379,-0.04052,0.08694,-0.17046,-0.039647,0.018472,-0.050647,,,
1787979975379,0.09776,0.11187,-0.25232,-0.023687,0.035694,-0.019878,,,
1787979975379,0.10354,0.11339,-0.37231,0.005902,0.012899,-0.017111,,,
1787979975379,0.11986,0.07156,-0.37429,0.062103,0.011210,-0.009795,,,
1787979975379,0.12737,0.00892,-0.24750,0.110816,0.051557,0.001917,,,
1787979976124,0.10495,-0.06716,-0.17644,0.131656,0.037602,0.003549,13.1255779,77.5900527,13.59
1787979976124,0.12802,-0.11391,-0.08540,0.148248,0.022498,0.031287,,,
1787979976124,0.06135,-0.16772,0.12934,0.131779,0.043928,0.056452,,,
1787979976124,0.09278,-0.09255,0.31377,0.030046,0.054068,0.093357,,,
1787979976124,-0.00227,-0.03515,0.27146,-0.094041,0.002541,0.115934,,,
1787979976124,-0.15562,0.11952,-0.02265,-0.121617,-0.016884,0.101513,,,
1787979976124,-0.24013,0.16418,-0.18698,-0.050876,0.056194,0.063322,,,
1787979976124,-0.14133,0.11733,-0.22778,0.012869,0.127126,0.041122,,,
1787979976124,0.02055,0.02141,-0.17291,0.024873,0.123933,0.063012,,,
1787979976124,0.21215,0.05602,-0.10254,-0.043445,0.062952,0.097942,,,
1787979976124,0.28843,0.19305,-0.13443,-0.149526,-0.014643,0.161554,,,
1787979976124,0.28843,0.19305,-0.13443,-0.149526,-0.014643,0.161554,,,
1787979976124,0.27215,0.33459,-0.42449,-0.235774,-0.131543,0.199327,,,
1787979976124,0.27159,0.62281,-0.54702,-0.231547,-0.179313,0.255127,,,
1787979976124,0.08617,0.79461,-0.52942,-0.191071,-0.205363,0.227567,,,
1787979976124,0.11465,0.63221,-0.50699,-0.119258,-0.202819,0.217886,,,
1787979976124,0.38455,0.43184,-0.23687,-0.041117,-0.200337,0.260372,,,
1787979976124,0.28747,0.22215,0.23975,-0.066648,-0.269618,0.348192,,,
1787979976124,0.00793,-0.01105,0.74311,-0.237981,-0.410075,0.350623,,,
1787979976124,-0.12707,-0.24363,0.80722,-0.343020,-0.555485,0.368698,,,
1787979976124,-0.29933,-0.35352,1.08906,-0.476246,-0.669175,0.413020,,,
1787979976124,-0.48508,-0.31629,1.01240,-0.609435,-0.647137,0.420725,,,
1787979976124,-0.47536,-0.16540,0.65234,-0.661871,-0.522363,0.432580,,,
1787979976124,-0.46943,0.06929,0.33626,-0.677187,-0.460510,0.438617,,,
1787979976124,-0.40006,0.29616,0.06848,-0.736862,-0.541752,0.404180,,,
1787979976124,-0.37990,0.40392,-0.27123,-0.682933,-0.617975,0.371731,,,
1787979976124,-0.27151,0.39397,-0.49467,-0.470500,-0.622873,0.369057,,,
1787979976124,-0.41439,0.25594,-0.27601,-0.239737,-0.662115,0.366443,,,
1787979976124,-0.80093,-0.20455,0.24020,-0.071076,-0.655280,0.282284,,,
1787979976124,-0.85403,-0.56601,0.70299,0.016433,-0.653490,0.191800,,,
1787979976124,-0.77398,-0.76029,1.33057,-0.011562,-0.567814,0.132806,,,
1787979976124,-0.67141,-1.06067,1.48002,-0.136038,-0.469898,0.084091,,,
1787979976124,0.33201,-0.80192,1.52339,-0.343087,-0.592704,0.121974,,,
1787979976124,0.99096,-0.60205,1.50351,-0.558544,-0.787666,0.246728,,,
1787979976124,1.79867,-0.33253,1.01182,-0.678527,-0.910295,0.401940,,,
1787979976124,2.36576,-0.27400,0.60693,-0.666626,-0.998099,0.759147,,,
1787979976124,2.96418,0.06265,0.39336,-0.604933,-1.118422,1.139329,,,
1787979976124,3.54981,0.62042,0.39816,-0.566557,-1.601379,1.571010,,,
1787979976124,3.86311,1.20986,0.33083,-0.358092,-2.513099,2.054169,,,
1787979976124,3.86311,1.20986,0.33083,-0.358092,-2.513099,2.054169,,,
1787979976124,3.43528,1.94000,1.07183,-0.100200,-3.363086,2.387445,,,
1787979976124,2.78992,2.42829,2.02661,-0.128097,-3.833238,2.476559,,,
1787979976124,2.20334,2.53076,1.92246,-0.127120,-4.213121,2.498985,,,
1787979976124,1.69085,2.27592,0.81507,0.289614,-4.301522,2.456358,,,
1787979976124,1.49048,2.57318,1.21213,0.780047,-4.164198,2.595670,,,
1787979976124,0.62726,2.58630,2.05210,0.929024,-3.692456,2.646433,,,
1787979976124,0.29291,2.74360,2.54251,0.606191,-3.674941,2.710774,,,
1787979976124,-0.68739,2.18575,1.86598,0.483321,-3.450059,2.400407,,,
1787979976124,-0.50266,2.36140,2.19574,0.474378,-2.980703,2.108986,,,
1787979976124,-1.02711,1.82193,2.28064,0.491018,-2.131266,1.872946,,,
1787979976124,-1.34133,1.56032,2.44829,0.495090,-1.352942,1.531013,,,
1787979976124,-1.87331,0.95526,2.65503,0.285295,-0.582774,1.184526,,,
1787979976124,-1.80431,0.66340,2.15650,0.047754,-0.897025,0.963966,,,
1787979976124,-1.25033,0.94150,1.56727,-0.079344,-1.600446,0.718557,,,
1787979976124,-1.36954,-0.00544,1.02477,-0.291782,-0.953341,0.806081,,,
1787979976124,-1.18347,-0.19023,0.15768,0.172401,-0.413253,1.044587,,,
1787979976124,-1.25213,-0.24717,0.64084,0.365289,-0.125391,1.106441,,,
1787979976124,-1.63655,-0.30960,1.13424,0.280055,0.258288,0.934368,,,
1787979976124,-1.63834,-0.53810,1.01873,0.165548,0.788991,0.729477,,,
1787979976124,-0.88389,-0.66463,0.76609,0.216440,0.841761,0.556530,,,
1787979976124,-0.69437,-0.73691,0.78955,0.251901,0.489308,0.399860,,,
1787979976124,-0.73305,-1.23099,0.91689,0.271814,0.373557,0.352777,,,
1787979976124,-0.54784,-1.35371,1.18918,0.167783,0.357323,0.417614,,,
1787979976124,-0.57432,-1.27301,0.66920,0.055026,0.393783,0.419399,,,
1787979976124,-0.41689,-1.19880,0.32270,0.095549,0.323480,0.444532,,,
1787979976124,-0.46110,-1.28245,0.22527,0.084736,0.268859,0.407398,,,
1787979976124,-0.44980,-1.28604,0.06616,0.071159,0.386952,0.383203,,,
1787979976124,-0.44980,-1.28604,0.06616,0.071159,0.386952,0.383203,,,
1787979976124,-0.62117,-1.18236,-0.13105,0.149368,0.629539,0.329241,,,
1787979976124,-0.52384,-0.68980,-0.29519,0.428634,0.712470,0.219088,,,
1787979976124,-0.43786,-0.62145,0.31811,0.591810,0.678775,0.090087,,,
1787979976124,-0.39600,-0.73647,0.81789,-0.002199,0.457046,-0.070519,,,
1787979976124,0.52109,-0.45521,-0.47687,-0.634398,0.235970,-0.175372,,,
1787979976124,1.18572,0.39139,-1.88971,-0.174475,0.099838,0.065612,,,
1787979976124,0.39896,0.54125,-0.85023,0.637110,-0.083121,0.172253,,,
1787979976124,0.09416,0.25961,0.84762,0.613968,0.018325,0.203990,,,
1787979976124,0.26010,-0.17444,1.72329,0.037910,0.059578,0.406997,,,
1787979976124,0.44904,0.21856,1.22396,-0.464914,0.224581,0.586860,,,
1787979976124,0.43467,0.45239,0.29662,-0.579369,0.249415,0.553441,,,
1787979976124,0.43246,0.50184,0.32166,-0.282373,0.101563,0.371460,,,
1787979976124,0.15804,-0.17959,1.77683,-0.044538,0.179723,0.302091,,,
1787979976124,-0.10966,-0.66866,2.62507,-0.320490,0.323241,0.206425,,,
1787979976124,-0.29115,-1.05993,2.10407,-0.478412,0.357148,0.124433,,,
1787979976124,-0.55431,-0.98420,0.67191,-0.239598,0.700102,-0.058759,,,
1787979976124,-0.72826,-1.16655,-0.45185,0.490027,0.708954,-0.243428,,,
1787979976124,-0.32466,-1.64831,0.03713,0.634124,0.287314,-0.063378,,,
1787979976124,-0.75603,-1.56207,0.23576,0.210682,0.295285,0.101505,,,
1787979976124,-1.19403,-1.30626,-0.42468,-0.011459,0.335150,-0.176896,,,
1787979976124,-0.89104,-1.28808,-0.37688,-0.164869,0.076661,-0.341588,,,
1787979976124,-0.90361,-1.02063,-0.27027,-0.645137,0.605770,-0.436858,,,
1787979976124,-0.45042,0.27964,-1.34232,-0.565231,1.460871,-0.818250,,,
1787979976124,-0.27269,0.82858,-0.77478,-0.038619,0.727955,-0.940735,,,
1787979976124,0.36333,0.16065,-1.18773,0.405602,0.149010,-0.506276,,,
1787979976124,0.06317,-0.11139,-0.77426,0.306484,0.176897,-0.247154,,,
1787979976124,-1.00265,-0.03255,0.33686,0.103745,0.299501,-0.406936,,,
1787979976124,-1.00265,-0.03255,0.33686,0.103745,0.299501,-0.406936,,,
1787979976124,-1.43229,0.07745,1.60667,-0.149986,0.895818,-0.807916,,,
1787979976124,-0.82140,0.50726,1.42637,0.036726,0.840868,-0.959860,,,
1787979976124,-1.06600,1.17048,1.74281,0.573011,0.851582,-1.112745,,,
1787979976124,-0.95448,-0.54694,2.72714,0.374414,1.113018,-1.332621,,,
1787979976124,0.21499,1.11455,2.44878,0.214152,2.138241,-0.509200,,,
1787979976124,-1.23076,1.83715,3.00781,0.198692,2.400991,0.129298,,,
1787979976124,-2.70153,2.39519,3.28888,0.048142,2.489380,0.162794,,,
1787979976124,-1.39318,1.72074,3.04993,-0.763334,3.039734,-0.228018,,,
1787979976124,-0.89056,1.84896,2.49977,-1.958480,2.889286,-0.816052,,,
1787979976124,2.67076,3.62872,1.50381,-3.201730,2.203833,-1.399140,,,
1787979976124,5.95448,4.34464,-0.08607,-4.723113,0.701575,-1.350962,,,
1787979976124,6.48485,3.21048,-4.88631,-4.152961,-0.318548,-0.777788,,,
1787979976124,5.56843,1.50267,-3.69181,-2.358428,-0.197595,-0.161527,,,
1787979976124,2.85408,0.03155,-1.81621,-0.839975,0.211796,0.359006,,,
1787979976124,1.06907,0.18496,-0.34041,-0.528890,0.907409,0.619585,,,
1787979976124,0.21676,0.11294,1.09990,-1.148749,0.319500,0.700982,,,
1787979976124,-0.78941,-0.43249,0.22875,-1.893897,0.139539,0.331936,,,
1787979976124,-2.12953,-1.12345,-0.25037,-1.977203,0.320787,-0.125527,,,
1787979976124,-2.05032,-0.94735,-1.99037,-1.549942,1.149866,-0.662263,,,
1787979976124,-0.61330,-0.67404,-3.87334,-0.535835,0.922816,-0.617289,,,
1787979976124,-1.24628,-1.63295,-4.86367,0.856963,0.725558,-0.572156,,,
1787979976124,-1.93694,-2.12123,-3.79553,1.672755,0.673941,-0.366963,,,
1787979976124,-2.02943,-2.47350,-3.33354,1.819763,0.615817,-0.263888,,,
1787979976124,-1.12850,-2.85383,-3.45070,1.617610,0.410619,-0.336868,,,
1787979976124,0.63331,-2.56469,-3.39299,0.964806,0.694886,-0.333717,,,
1787979976124,2.71466,-2.26526,-5.25111,0.811588,0.605421,-0.256058,,,
1787979976124,4.18618,-1.48484,-5.83717,1.169844,0.445881,-0.155079,,,
1787979976124,4.18618,-1.48484,-5.83717,1.169844,0.445881,-0.155079,,,
1787979976124,3.88091,-0.68594,-5.26865,1.807978,0.076853,0.168222,,,
1787979976124,1.87905,-0.14297,-3.83532,2.187343,-0.187001,0.432224,,,
1787979976124,1.00143,0.72977,-2.66037,2.424148,0.066164,0.701997,,,
1787979976124,1.36725,1.10583,-2.03051,2.801374,0.653153,0.967475,,,
1787979976124,1.55568,2.09019,-0.94114,3.081919,0.976343,1.409731,,,
1787979976124,2.53895,2.26929,0.18771,3.031101,1.091864,2.441060,,,
1787979976124,-0.52805,3.48304,1.48305,2.439388,1.255597,3.390566,,,
1787979976124,-3.05272,4.01996,0.86745,2.161375,1.273239,2.549590,,,
1787979976124,-2.96737,4.33567,0.51943,2.197717,1.474770,1.537498,,,
1787979976124,-2.89304,4.82544,0.69871,1.746637,1.486420,1.080050,,,
1787979976124,-4.08499,6.00553,0.32624,1.148257,1.005995,0.274747,,,
1787979976124,-5.25110,6.99924,-0.29787,0.720938,0.444703,-0.884069,,,
1787979976124,-5.30650,7.39677,-1.17234,0.450945,0.135422,-1.981428,,,
1787979976124,-4.26341,7.72871,-1.36150,0.148922,0.356901,-2.711445,,,
1787979976124,-2.81119,9.81608,-0.95813,-0.525540,0.559734,-3.313884,,,
1787979976124,-2.29498,9.32680,-2.20441,-0.819751,0.552036,-4.476472,,,
1787979976124,1.09372,9.87870,-3.09461,-0.107048,0.042048,-5.157423,,,
1787979976124,3.67380,8.98348,-1.89494,0.953314,-0.444812,-4.701161,,,
1787979976124,4.48651,7.97159,1.90925,1.213673,0.398701,-3.956384,,,
1787979976124,4.00333,5.71690,2.70233,0.411097,0.852140,-4.057056,,,
1787979976124,4.43196,3.59681,1.68436,-0.899199,0.012454,-4.193543,,,
1787979976124,5.02042,2.49422,-0.00489,-1.700157,-1.145244,-4.103042,,,
1787979976124,5.21455,1.38102,-1.58500,-1.560260,-1.782558,-3.963899,,,
1787979976124,5.83842,0.26977,-1.86344,-1.003717,-2.054960,-3.738187,,,
1787979976124,6.48701,-1.21681,-1.21083,-0.737226,-1.669303,-3.429152,,,
1787979976124,7.66594,-0.99807,-1.03377,-0.823448,-1.040452,-3.043279,,,
1787979976124,9.15858,-2.30022,-2.20599,-0.655955,-0.536733,-2.718801,,,
1787979976124,9.15858,-2.30022,-2.20599,-0.655955,-0.536733,-2.718801,,,
1787979976124,11.51986,-3.91771,-2.08811,-0.271727,-0.674500,-1.693727,,,
1787979976124,11.71495,-4.06233,-1.46622,-0.576425,-1.197542,-0.509513,,,
1787979976124,11.65058,-2.65193,-1.93159,-0.625154,-1.645189,0.064743,,,
1787979981382,12.55093,-2.33640,-2.15172,-0.080296,-1.455795,0.599584,13.1255619,77.5900477,12.06
1787979981382,11.80402,-2.66931,-1.60740,0.406535,-1.511244,1.833496,,,
1787979981382,9.00693,-1.78844,-0.46861,0.445263,-1.968356,2.933359,,,
1787979981382,7.32380,0.15375,-0.05191,0.675200,-1.711174,3.572174,,,
1787979981382,7.24538,3.81236,0.29196,1.206501,-0.510887,4.168662,,,
1787979981382,5.90813,5.63081,0.69496,1.593240,0.135024,4.830578,,,
1787979981382,4.83749,7.45871,1.00189,1.884174,0.394600,5.481328,,,
1787979981382,2.66463,9.16826,1.63020,1.956136,0.210376,6.017486,,,
1787979981382,-0.65460,9.88565,2.14878,1.434473,0.119597,5.664257,,,
1787979981382,-2.64955,10.69818,1.98173,0.721975,-0.169177,4.821695,,,
1787979981382,-5.21457,8.79906,0.45976,0.368131,0.213118,3.635762,,,
1787979981382,-5.59989,8.91065,-0.44851,0.423218,0.754745,2.488111,,,
1787979981382,-5.53624,9.61260,-0.43056,0.301792,1.056784,1.796858,,,
1787979981382,-6.48105,9.56845,-1.11482,0.212061,0.969864,0.901959,,,
1787979981382,-7.25943,9.04861,-2.38675,0.612802,0.948079,-0.563663,,,
1787979981382,-5.48227,10.06523,-2.26225,1.184279,0.866003,-1.951626,,,
1787979981382,-4.16563,9.23664,-1.03672,0.783548,0.653820,-2.752714,,,
1787979981382,-3.27752,8.49694,-1.16503,0.178825,0.360583,-3.475912,,,
1787979981382,-2.03220,8.74510,-1.53895,0.035567,-0.446541,-4.229088,,,
1787979981382,-0.99156,8.25074,-1.34208,0.263657,-0.913024,-4.918571,,,
1787979981382,1.39046,8.99947,-0.31487,0.446479,-0.689157,-5.409307,,,
1787979981382,3.69780,8.48606,0.24539,0.417749,-0.224101,-5.562816,,,
1787979982126,5.84880,6.07291,0.11321,0.586603,-0.103643,-5.137742,13.1255610,77.5900474,12.72
1787979982126,6.94176,3.88164,0.31363,0.826171,0.003879,-4.450384,,,
1787979982126,6.94176,3.88164,0.31363,0.826171,0.003879,-4.450384,,,
1787979982126,7.43270,1.67098,0.34196,0.960487,0.206043,-3.998042,,,
1787979982126,8.91434,0.09094,0.70818,1.148467,0.207484,-3.532963,,,
1787979982126,10.33272,-1.05341,1.78560,1.013020,-0.344041,-2.540834,,,
1787979982126,10.28067,-1.52553,2.41994,0.595261,-0.995056,-1.663846,,,
1787979982126,9.71265,-1.81261,3.06662,0.077203,-1.440242,-1.458495,,,
1787979982126,10.01610,-3.28677,3.18011,-0.445726,-1.610077,-1.418551,,,
1787979982126,12.56323,-3.23314,3.75957,-0.924662,-1.360385,-1.101061,,,
1787979982126,13.76751,-4.08556,3.04310,-1.358542,-1.029344,-0.187151,,,
1787979982126,12.40169,-6.53606,1.29205,-1.389599,-1.150013,1.546768,,,
1787979982126,10.33863,-4.36576,0.44365,-1.211404,-1.080351,3.211542,,,
1787979982126,8.46457,-0.44283,-0.05153,-0.292972,-0.497100,3.993878,,,
1787979982126,8.02305,1.66337,0.78813,0.949234,0.678921,4.340008,,,
1787979982126,8.79299,4.93044,2.99710,0.771380,1.868558,4.989717,,,
1787979982126,7.43135,6.71776,2.80296,-0.154171,1.758491,5.663050,,,
1787979982126,4.35102,8.01060,1.13409,-0.968012,1.051066,5.735339,,,
1787979982126,2.62451,9.33082,-0.01868,-1.346442,0.423495,5.488323,,,
1787979982126,0.79035,10.23499,-0.96158,-1.493541,0.159701,5.087185,,,
1787979982126,-0.88846,10.89320,-2.03342,-1.355005,0.024960,4.371842,,,
1787979982126,-2.49462,10.29793,-3.16337,-0.952326,0.118314,3.483460,,,
1787979982126,-2.50457,11.23914,-3.17975,-0.522994,0.145710,2.848065,,,
1787979982126,-4.24482,10.32595,-3.60324,-0.382664,0.224554,2.165125,,,
1787979982126,-4.80755,10.00556,-4.08180,-0.208746,0.415524,1.035425,,,
1787979982126,-4.39009,10.75789,-4.01636,-0.051836,0.230359,-0.143609,,,
1787979982126,-4.99559,9.46431,-4.53131,0.197178,-0.065905,-1.235749,,,
1787979982126,-4.13002,8.35330,-4.77150,1.097028,-0.186328,-2.239377,,,
1787979982126,-2.88155,8.53819,-3.70342,2.211619,-0.679618,-2.714182,,,
1787979982126,-2.17706,9.14163,-1.66398,2.918674,-0.751320,-3.159019,,,
1787979982126,-2.17706,9.14163,-1.66398,2.918674,-0.751320,-3.159019,,,
1787979982126,-1.45393,8.69956,-0.54235,2.956553,-0.279217,-3.842886,,,
1787979982126,0.94611,8.07525,-0.08096,3.005150,-0.088591,-4.270999,,,
1787979982126,2.80112,6.88812,0.73227,3.132801,-0.303522,-4.103785,,,
1787979982126,3.87624,5.52103,2.10308,2.950117,-0.552151,-3.918540,,,
1787979982126,5.13551,4.43091,3.44091,2.315719,-1.001727,-3.935350,,,
1787979982126,6.45873,2.26297,4.24825,1.439989,-1.502339,-3.901890,,,
1787979982126,8.05214,0.37145,4.84058,0.699876,-1.952251,-3.498026,,,
1787979982126,9.48957,-1.20579,5.47028,0.052571,-2.175325,-2.957533,,,
1787979982126,10.36812,-2.39267,5.43231,-0.357361,-2.223280,-2.102128,,,
1787979982126,10.18605,-3.23451,5.39862,-0.658378,-1.874253,-1.302428,,,
1787979982126,10.40462,-3.17000,4.95936,-0.840537,-1.112409,-0.692945,,,
1787979982126,10.51622,-4.15325,4.18849,-0.669992,-0.506367,-0.070450,,,
1787979982126,10.11722,-5.54723,3.66283,-0.440854,0.155777,0.904460,,,
1787979982126,8.95785,-4.84399,3.41599,-0.651163,0.907244,2.109577,,,
1787979982126,8.04251,-2.54115,2.73407,-0.876228,1.269602,2.763625,,,
1787979982126,8.11240,-0.34830,2.30788,-0.970061,1.332205,3.050303,,,
1787979982126,7.95207,1.16386,2.07020,-1.339568,1.199509,3.679959,,,
1787979982126,6.83776,3.62716,1.35993,-1.880674,0.773314,4.327560,,,
1787979982126,4.93071,5.76100,0.22553,-2.197755,0.114724,4.638682,,,
1787979982126,2.91736,7.63069,-0.43252,-2.242156,-0.531435,4.614744,,,
1787979982126,0.84672,8.46421,-0.91117,-2.090374,-0.842359,4.360939,,,
1787979982126,-0.85698,8.66558,-1.55046,-1.844084,-0.558353,3.942293,,,
1787979982126,-1.11806,10.07538,-1.80411,-1.522867,-0.183101,3.504232,,,
1787979982126,-1.34343,11.38698,-2.08130,-1.090122,-0.028294,2.958389,,,
1787979982126,-2.43791,11.14452,-2.46526,-0.710646,-0.061989,2.323337,,,
1787979982126,-3.77468,10.49932,-3.20262,-0.356727,-0.186637,1.733496,,,
1787979982126,-4.92875,10.58950,-3.35295,0.023870,-0.670417,1.306913,,,
1787979982126,-4.92875,10.58950,-3.35295,0.023870,-0.670417,1.306913,,,
1787979982126,-7.02264,9.62298,-3.22930,0.265387,-0.781794,0.452146,,,
1787979982126,-7.65070,8.73055,-3.03275,0.802876,-0.373044,-1.375708,,,
1787979982126,-5.31225,8.65046,-2.07899,1.690633,0.075332,-3.359096,,,
1787979982126,-2.75391,8.98499,-0.62368,2.000298,-0.067510,-4.379759,,,
1787979982126,-0.15752,8.88836,0.25985,1.605970,-0.140708,-4.505589,,,
1787979982126,0.48458,7.13878,0.15507,1.366147,-0.579063,-4.584721,,,
1787979982126,1.66534,6.42141,0.37286,1.306378,-0.823449,-4.820929,,,
1787979982126,3.10331,5.28368,1.02430,1.335550,-0.644248,-4.920240,,,
1787979982126,5.24095,4.33915,1.97750,1.173758,-0.237042,-4.849967,,,
1787979982126,7.23428,3.17586,2.37132,0.937070,-0.046646,-4.611788,,,
1787979982126,10.35977,0.57022,3.35992,0.995245,0.005239,-3.995813,,,
1787979982126,11.95171,-2.95622,5.42602,0.813222,-0.140066,-2.779886,,,
1787979982126,12.16111,-3.75824,6.47668,-0.301478,-0.439798,-1.462160,,,
1787979982126,11.01915,-4.28245,5.61853,-0.864228,-1.337699,-0.610334,,,
1787979982126,10.21759,-4.66576,4.70080,-1.080570,-0.772836,-0.420765,,,
1787979982126,10.75915,-5.14760,3.56596,-1.004054,0.253361,0.054889,,,
1787979982126,9.97646,-5.64730,2.07429,-1.045579,0.561271,1.075577,,,
1787979982126,8.68142,-4.48705,0.75137,-1.278235,0.501778,2.230221,,,
1787979982126,8.42212,-0.85290,-0.22631,-0.958710,0.389434,3.081105,,,
1787979982126,8.37344,1.89217,0.23204,-0.423893,0.335917,3.506063,,,
1787979982126,7.98882,3.91578,1.40825,-0.563776,0.396950,4.177694,,,
1787979982126,6.90053,5.01674,1.28475,-1.124810,0.509296,5.075693,,,
1787979982126,4.72925,7.20244,0.90906,-1.468576,-0.028263,5.758502,,,
1787979982126,1.90112,8.99965,0.38346,-1.737813,-0.581474,5.623372,,,
1787979982126,-1.27079,9.08988,-0.74997,-1.731080,-0.848913,4.927663,,,
1787979982126,-2.80929,8.89453,-1.51681,-1.313887,-0.555416,3.898241,,,
1787979982126,-3.22985,8.68566,-2.16543,-0.688781,-0.150521,2.952544,,,
1787979982126,-3.22985,8.68566,-2.16543,-0.688781,-0.150521,2.952544,,,
1787979982126,-2.97121,9.40075,-2.24489,-0.110096,0.120979,2.309468,,,
1787979982126,-3.22321,9.66986,-2.34951,0.326266,0.257665,1.842880,,,
1787979982126,-3.84954,9.29831,-2.64135,0.691256,0.487891,1.295198,,,
1787979982126,-3.44340,10.08708,-2.37228,0.984112,0.713690,0.565438,,,
1787979982126,-3.82831,10.22270,-2.30257,0.988201,0.490744,-0.489142,,,
1787979982126,-4.87876,7.89011,-3.27575,1.009619,0.186579,-2.033417,,,
1787979982126,-3.05456,7.85937,-2.95012,1.453837,-0.530386,-3.399094,,,
1787979982126,-0.68629,8.61381,-1.01291,1.553959,-1.449885,-3.897208,,,
1787979982126,-0.41374,7.76453,-0.09961,1.429731,-1.628373,-4.133138,,,
1787979982126,-0.02075,6.97912,0.48239,1.502954,-1.266245,-4.681448,,,
1787979982126,1.21216,5.66488,0.93317,1.508186,-0.546200,-4.833906,,,
1787979982126,2.92305,4.49059,1.37831,1.297085,-0.181472,-4.510746,,,
1787979982126,4.16080,3.65386,1.59449,1.031298,-0.254691,-4.401551,,,
1787979982126,6.33351,2.81956,2.12837,0.793754,-0.550951,-4.482720,,,
1787979982126,8.68236,1.37866,2.85171,0.506638,-0.763699,-4.228599,,,
1787979982126,10.88688,-1.52197,3.55512,0.275828,-1.192177,-3.485389,,,
1787979982126,11.88508,-2.18641,4.39693,-0.208632,-1.815980,-2.274460,,,
1787979982126,10.71879,-3.33728,3.94890,-0.578737,-1.848624,-1.512625,,,
1787979982126,10.90738,-4.38099,3.63110,-0.364419,-0.629036,-1.186744,,,
1787979982126,12.41323,-6.04704,3.80136,-0.038071,0.859004,-0.369991,,,
1787979982126,12.60055,-6.40183,4.11972,-0.380268,1.437811,1.003662,,,
1787979982126,10.75173,-4.50791,3.34230,-1.442619,0.834472,2.411581,,,
1787979982126,9.67257,-1.47777,1.55094,-1.729396,0.092869,3.387969,,,
1787979982126,9.79188,2.70210,0.95562,-1.142697,0.014776,3.989564,,,
1787979982126,8.29933,4.44365,1.05924,-0.589223,0.285629,4.667758,,,
1787979982126,6.34228,5.51526,1.52786,-0.769108,0.616613,5.255516,,,
1787979982126,4.34964,7.58273,1.09116,-1.193436,0.329127,5.609650,,,
1787979982126,4.34964,7.58273,1.09116,-1.193436,0.329127,5.609650,,,
1787979982126,1.82174,9.39660,0.28824,-1.544087,-0.258561,5.491878,,,
1787979982126,-0.31178,9.77026,-0.66141,-1.540127,-0.615632,5.021873,,,
1787979982126,-2.40551,9.18545,-1.66430,-1.233694,-0.404955,4.273646,,,
1787979982126,-3.23245,9.02570,-2.25065,-0.751225,0.054243,3.446929,,,
1787979982126,-2.87827,9.81574,-2.30880,-0.300744,0.469164,2.755921,,,
1787979982126,-3.17773,10.81554,-2.37972,0.007062,0.101653,2.323038,,,
1787979982126,-5.26156,10.31410,-2.93267,0.216892,-0.051118,1.534618,,,
1787979982126,-5.02332,11.18217,-2.72653,0.179943,0.179550,-0.129470,,,
1787979982126,-5.84745,10.15015,-2.93894,-0.207863,-0.050529,-1.792587,,,
1787979982126,-5.53707,8.33218,-3.98455,0.041226,0.085370,-3.254238,,,
1787979982126,-2.15494,8.97634,-3.15382,1.124664,0.015546,-4.121631,,,
1787979982126,0.04882,8.93343,-1.61674,1.964043,-0.476103,-4.099749,,,
1787979982126,0.96547,8.28917,-0.14850,2.195348,-0.315244,-3.830444,,,
1787979982126,1.17338,7.07328,0.27918,2.142229,0.033058,-3.926432,,,
1787979982126,1.81772,5.56618,0.46296,1.801654,-0.077876,-4.198882,,,
1787979982126,3.13863,4.27924,0.54324,1.476271,-0.395535,-4.266377,,,
1787979982126,5.00217,3.35524,0.90092,1.482429,-0.677477,-4.192020,,,
1787979982126,6.54825,2.01373,1.88458,1.662991,-0.888824,-4.030398,,,
1787979982126,8.35894,0.57569,3.33066,1.494237,-0.843643,-3.831526,,,
1787979982126,10.33881,-0.38095,4.34180,1.004553,-1.089837,-3.178549,,,
1787979982126,11.37872,-1.64078,5.61861,0.530735,-1.907779,-2.256701,,,
1787979982126,11.00048,-3.34740,6.05226,-0.163945,-2.083162,-1.571767,,,
1787979982126,11.75472,-3.64620,6.45346,-0.866582,-1.563752,-1.000100,,,
1787979982126,12.54053,-4.10828,5.59435,-1.160269,-0.645654,-0.243919,,,
1787979982126,11.19149,-6.20609,3.71578,-1.149892,-0.237171,1.169367,,,
1787979982126,8.97896,-5.22941,2.38822,-1.394910,0.054890,2.558945,,,
1787979982126,7.69803,-2.08085,0.99136,-1.031114,0.345370,3.263582,,,
1787979982126,7.69803,-2.08085,0.99136,-1.031114,0.345370,3.263582,,,
1787979982126,7.51271,0.41392,1.19382,-0.559194,0.544217,3.277804,,,
1787979982126,8.10033,2.87111,1.73871,-0.844791,0.598360,3.614674,,,
1787979982126,7.05799,4.56864,1.16668,-1.359311,0.125922,4.389801,,,
1787979982126,4.74176,6.89865,0.11218,-1.461024,-0.544434,4.828070,,,
1787979982126,2.59849,8.28337,-0.30381,-1.332970,-0.983813,4.865752,,,
1787979982126,0.06299,8.37247,-0.58707,-1.186697,-1.156189,4.695235,,,
1787979982126,-1.39662,8.86394,-0.74057,-1.004619,-0.934603,4.307110,,,
1787979982126,-2.25949,9.90005,-0.80631,-0.955298,-0.597615,3.747727,,,
1787979982126,-2.43226,11.38473,-0.92559,-0.745676,-0.496686,2.996477,,,
1787979982126,-3.71191,10.37437,-1.49419,-0.420386,-0.424117,2.263455,,,
1787979982126,-4.22311,9.92309,-1.92668,-0.061310,0.067839,1.674149,,,
1787979982126,-4.45120,10.22550,-1.95855,0.515831,0.317477,1.173413,,,
1787979982126,-5.60480,9.52617,-1.94350,1.044901,0.072499,0.500076,,,
1787979987381,-7.16750,8.09488,-2.08187,1.307562,0.102654,-0.753536,13.1255315,77.5900164,13.40
1787979987381,-6.74159,7.87661,-1.89660,1.675944,-0.136805,-2.503263,,,
1787979987381,-4.41591,8.30613,-0.55434,1.714036,-0.219276,-3.787699,,,
1787979987381,-2.39945,8.88127,0.18436,1.275416,-0.006288,-4.454475,,,
1787979987381,-0.39488,9.25786,0.10132,1.209086,-0.142227,-5.021745,,,
1787979987381,0.95276,7.48638,-0.01193,1.627223,-0.171251,-5.406057,,,
1787979987381,3.47064,5.63135,0.97159,1.903430,0.133399,-4.818200,,,
1787979987381,4.29272,4.34607,1.77567,1.451041,0.287136,-3.984505,,,
1787979987381,4.61806,3.82375,1.68137,0.804083,-0.363405,-4.065406,,,
1787979987381,6.15383,2.70104,1.77988,0.399595,-1.336951,-4.374989,,,
1787979987381,8.15798,1.09843,3.03864,-0.176829,-2.825821,-4.611431,,,
1787979987381,10.28470,1.39868,3.60670,-1.755817,-3.515523,-4.662107,,,
1787979987381,12.97406,0.07351,1.36157,-2.295623,-2.857599,-4.009187,,,
1787979987381,14.71361,-1.17255,-0.12024,-1.774978,-1.711950,-2.378816,,,
1787979987381,14.71361,-1.17255,-0.12024,-1.774978,-1.711950,-2.378816,,,
1787979987381,13.95556,-1.93431,-1.65677,-1.153016,-0.270434,-0.577422,,,
1787979987381,12.92183,-3.57268,-2.63128,-0.188945,0.489826,0.532252,,,
1787979987381,11.90596,-4.66988,-2.13649,0.474717,0.755813,1.814470,,,
1787979987381,11.63324,-1.98502,-0.93468,0.391736,1.038095,3.437799,,,
1787979987381,10.60818,1.76007,-0.80173,0.482386,1.272718,4.423689,,,
1787979987381,9.05905,3.34187,-0.37872,0.473708,1.180715,4.975459,,,
1787979987381,6.66633,4.61968,-0.14039,0.059300,0.798921,5.434534,,,
1787979988133,4.47558,6.14139,-0.27015,-0.388706,0.185074,5.567239,13.1255300,77.5900121,13.58
1787979988133,2.95036,7.96036,-0.04435,-0.582741,-0.518378,5.383794,,,
1787979988133,1.17367,9.01081,-0.24477,-0.504622,-0.705598,5.115373,,,
1787979988133,-0.74398,9.21118,-1.13909,-0.155683,0.016471,4.766756,,,
1787979988133,-1.64505,9.84085,-1.52743,0.257238,0.681469,4.257279,,,
1787979988133,-1.53688,11.37277,-1.55298,0.450141,0.858018,3.795767,,,
1787979988133,-2.86349,11.70351,-1.71316,0.393278,0.510253,3.481286,,,
1787979988133,-5.70714,10.65571,-2.44980,0.244769,0.505958,2.802233,,,
1787979988133,-6.60998,11.01395,-2.61209,-0.020684,0.490417,1.450907,,,
1787979988133,-7.55342,10.05654,-2.92694,-0.271860,-0.092103,-0.292874,,,
1787979988133,-7.83297,8.71998,-3.23395,-0.272862,-0.616201,-1.956208,,,
1787979988133,-5.58277,8.80200,-2.86552,0.216788,-0.597795,-3.418661,,,
1787979988133,-3.34582,8.47772,-1.72076,1.040457,-0.793580,-3.916896,,,
1787979988133,-1.98632,8.36025,0.06759,1.366067,-0.741642,-3.974242,,,
1787979988133,-1.86035,7.04279,0.55494,1.145423,-0.180724,-4.225355,,,
1787979988133,-0.62923,6.15871,0.58040,0.901855,0.138962,-4.613957,,,
1787979988133,1.19889,5.77899,0.74335,0.547199,0.036755,-4.910623,,,
1787979988133,3.80128,5.89812,0.92280,0.097824,-0.266373,-5.083125,,,
1787979988133,6.50272,5.32824,1.17599,-0.304566,-0.850060,-5.074135,,,
1787979988133,9.24937,2.54042,1.58939,-0.631859,-1.532635,-4.846933,,,
1787979988133,9.24937,2.54042,1.58939,-0.631859,-1.532635,-4.846933,,,
1787979988133,12.01362,2.09795,1.44124,-1.085677,-1.090164,-4.244951,,,
1787979988133,14.40342,-0.90124,0.82236,-0.322024,-1.320332,-2.736334,,,
1787979988133,13.72758,-3.50559,1.27106,-0.011399,-1.282138,-1.600772,,,
1787979988133,14.00216,-5.06520,1.71185,-0.415974,-0.620841,-0.668351,,,
1787979988133,14.30542,-6.02190,1.12279,-0.435807,-0.334634,0.465039,,,
1787979988133,13.35955,-5.52540,0.59941,-0.395219,-0.112978,1.862116,,,
1787979988133,10.90230,-3.61611,-0.09755,-0.511631,0.082683,3.247950,,,
1787979988133,8.48983,-0.42106,-1.03939,-0.192887,0.366793,3.838326,,,
1787979988133,7.82237,1.80056,-0.69400,0.403913,0.654355,4.004584,,,
1787979988133,7.42691,4.25811,0.47148,0.323393,0.693030,4.452927,,,
1787979988133,5.54559,5.42535,0.52659,-0.226066,0.413632,4.902058,,,
1787979988133,3.49896,6.97711,0.06190,-0.592759,-0.138868,5.026825,,,
1787979988133,2.32197,8.92468,0.16095,-0.683106,-0.610281,4.975041,,,
1787979988133,0.18428,9.57690,-0.10881,-0.646528,-0.611767,4.906915,,,
1787979988133,-0.96701,10.73683,-0.54401,-0.462879,-0.066042,4.553942,,,
1787979988133,-2.08529,10.98631,-1.55474,0.028061,0.623205,3.998940,,,
1787979988133,-2.47808,11.42563,-2.09901,0.503742,1.222785,3.402763,,,
1787979988133,-3.86763,10.71829,-3.09009,0.666541,1.386660,2.821051,,,
1787979988133,-4.67713,10.36504,-4.02333,0.850648,1.287139,1.970640,,,
1787979988133,-5.53793,10.60112,-4.15030,0.864455,0.697458,0.924093,,,
1787979988133,-7.13826,9.36373,-4.63287,0.623328,0.078898,-0.617415,,,
1787979988133,-6.22482,7.84364,-4.97393,1.049556,-0.133571,-2.525957,,,
1787979988133,-4.07590,8.26692,-3.71298,1.739272,-0.787093,-3.648316,,,
1787979988133,-1.75394,9.52381,-1.22774,1.792849,-1.397155,-4.174096,,,
1787979988133,-0.68057,9.68290,0.12162,1.435486,-1.336159,-4.803201,,,
1787979988133,1.33661,9.65121,0.73473,1.268435,-1.140940,-5.614097,,,
1787979988133,3.75351,8.50635,1.35521,1.330345,-0.933782,-5.976212,,,
1787979988133,3.75351,8.50635,1.35521,1.330345,-0.933782,-5.976212,,,
1787979988133,6.41448,6.93288,2.39790,1.349764,-0.709906,-5.781178,,,
1787979988133,8.56287,4.68561,3.17742,1.396933,-0.408554,-5.245244,,,
1787979988133,10.07358,0.09212,3.43929,1.412301,0.129749,-4.562956,,,
1787979988133,11.79869,-2.32646,3.60012,1.213951,0.060225,-3.211885,,,
1787979988133,11.14111,-2.25012,3.77670,0.608319,-0.940368,-1.388201,,,
1787979988133,9.56576,-2.26704,4.00435,0.084387,-1.834578,-0.869359,,,
1787979988133,8.67224,-4.34785,4.22159,-0.318715,-1.561520,-1.361451,,,
1787979988133,11.30941,-5.32003,4.05305,-0.665564,0.052788,-0.929223,,,
1787979988133,13.06213,-5.51911,2.73531,-0.659400,1.078941,0.505422,,,
1787979988133,11.96315,-5.89042,1.52494,-0.395604,1.421872,2.074617,,,
1787979988133,10.38538,-2.59343,1.19816,-0.473286,1.636622,3.373507,,,
1787979988133,9.65936,0.93262,1.14048,-0.423317,1.623819,4.165303,,,
1787979988133,8.55352,4.01298,1.53571,-0.349844,1.347453,4.447446,,,
1787979988133,6.85097,5.17271,1.58125,-0.874396,1.010396,4.570392,,,
1787979988133,4.90111,6.22210,0.68105,-1.532127,0.421023,4.716560,,,
1787979988133,2.99860,7.74297,-0.33405,-1.698435,-0.341866,4.698115,,,
1787979988133,0.30015,8.23024,-1.48794,-1.457043,-0.640762,4.494384,,,
1787979988133,-1.32460,8.46994,-1.95043,-0.975412,-0.403536,4.045953,,,
1787979988133,-2.14130,8.42338,-1.90651,-0.597860,0.048403,3.528895,,,
1787979988133,-2.02774,9.23485,-1.77521,-0.543348,0.411695,3.058542,,,
1787979988133,-1.91203,10.19155,-1.75198,-0.726615,0.184439,2.685607,,,
1787979988133,-2.83957,10.17434,-2.31892,-0.913440,-0.209008,2.247964,,,
1787979988133,-4.17637,9.81255,-3.10540,-0.771136,-0.506499,1.633217,,,
1787979988133,-4.89380,10.26658,-2.92417,-0.247474,-0.705694,0.801378,,,
1787979988133,-6.63331,9.39572,-2.25984,0.047485,-0.818456,-0.456846,,,
1787979988133,-6.85027,8.17846,-1.72896,0.208387,-0.843609,-2.003170,,,
1787979988133,-4.98441,8.24342,-0.20627,0.517121,-1.243146,-3.236381,,,
1787979988133,-4.98441,8.24342,-0.20627,0.517121,-1.243146,-3.236381,,,
1787979988133,-3.60569,8.18673,1.31511,0.602373,-1.051127,-3.974686,,,
1787979988133,-1.73992,8.72708,2.30376,0.416080,-0.060405,-4.754050,,,
1787979988133,0.86581,8.93778,2.21853,0.546992,0.523549,-5.677669,,,
1787979988133,3.98040,6.24657,1.70803,0.629207,0.346136,-5.559278,,,
1787979988133,5.48880,4.41957,1.46298,0.316348,0.332041,-4.697474,,,
1787979988133,5.89473,3.48614,1.11316,0.092348,-0.298250,-4.416861,,,
1787979988133,7.43372,2.02236,1.28423,0.039501,-0.909382,-4.198413,,,
1787979988133,8.77437,0.22241,2.72676,-0.279888,-1.186254,-3.649307,,,
1787979988133,9.32153,-0.95618,2.84468,-1.198246,-0.602520,-3.348996,,,
1787979988133,11.81978,-1.98515,1.13761,-1.483150,-0.507717,-2.918281,,,
1787979988133,12.67694,-4.42636,-0.24979,-1.304850,-0.531657,-1.989130,,,
1787979988133,13.33101,-5.19241,-0.99752,-1.201504,-0.212149,-0.937493,,,
1787979988133,13.10726,-5.40164,-1.82523,-0.818955,-0.412287,0.258412,,,
1787979988133,11.29732,-6.36573,-2.39372,-0.364615,-0.532343,1.533328,,,
1787979988133,9.84495,-4.10319,-2.04517,-0.124533,-0.521709,2.693267,,,
1787979988133,8.39914,-0.93749,-1.77921,0.247333,-0.530039,3.378001,,,
1787979988133,8.32428,1.09677,-0.92945,0.889878,-0.215742,3.710645,,,
1787979988133,8.19566,3.63448,0.84355,1.091044,-0.023209,4.207029,,,
1787979988133,6.94385,4.50401,1.35753,0.921161,0.162871,4.812141,,,
1787979988133,5.12947,6.16390,1.32441,0.889040,0.224288,5.350457,,,
1787979988133,3.49849,8.28060,1.40000,0.882160,0.256340,5.580050,,,
1787979988133,0.33165,9.26390,1.05344,0.639263,0.252519,5.411700,,,
1787979988133,-1.15424,10.09446,0.67488,0.283943,0.258202,4.732903,,,
1787979988133,-2.85284,9.58540,0.18491,-0.007189,0.183730,3.947941,,,
1787979988133,-3.34952,10.07699,-0.05407,-0.443984,0.422240,3.114861,,,
1787979988133,-4.30927,10.15027,-0.72754,-0.927786,0.515561,2.272265,,,
1787979988133,-5.22170,9.67035,-1.78853,-1.269413,0.575774,1.338776,,,
1787979988133,-5.22170,9.67035,-1.78853,-1.269413,0.575774,1.338776,,,
1787979988133,-4.79575,9.85170,-2.33689,-1.327024,0.909705,0.528458,,,
1787979988133,-4.90415,10.58838,-2.44275,-1.367905,0.887099,-0.180733,,,
1787979988133,-6.13689,10.16468,-3.67839,-1.078540,0.684626,-1.644565,,,
1787979988133,-5.31343,8.88264,-4.15106,0.024128,0.434893,-3.412514,,,
1787979988133,-2.25637,9.59694,-2.62839,1.458367,-0.373848,-4.718091,,,
1787979988133,0.46593,10.08115,-0.05281,2.474342,-0.693280,-5.578523,,,
1787979988133,2.84624,10.05683,2.66102,2.873729,-0.099308,-6.128402,,,
1787979988133,5.00725,7.68798,3.68410,2.557428,0.451447,-6.180817,,,
1787979988133,6.14290,3.62341,4.07210,1.480850,0.854978,-5.083298,,,
1787979988133,6.91540,1.14966,3.13071,0.364426,0.550449,-4.444160,,,
1787979988133,8.47693,-0.32335,1.57593,-0.129770,-0.207076,-3.482875,,,
1787979988133,8.54129,-0.72019,0.73539,-0.171971,-1.036231,-2.018596,,,
1787979988133,6.56628,-0.91589,0.56353,0.205590,-1.712031,-1.345005,,,
1787979988133,5.74875,-2.02474,1.53420,0.521964,-1.626731,-1.772394,,,
1787979988133,6.95060,-3.79880,3.48179,0.356909,-0.934388,-2.052500,,,
1787979988133,8.70497,-4.92669,4.14336,-0.357165,0.024609,-1.690274,,,
1787979988133,11.52922,-3.48228,3.71627,-1.138876,0.455755,-1.066215,,,
1787979988133,12.55271,-3.66139,2.12965,-1.202787,0.167878,-0.174942,,,
1787979988133,11.50199,-5.64652,0.75439,-0.811691,-0.165115,1.485911,,,
1787979988133,9.69138,-3.61268,0.39748,-0.691628,-0.062545,3.239575,,,
1787979988133,7.83181,-0.04689,0.24514,-0.270672,-0.103771,4.056420,,,
1787979988133,7.19544,2.39667,1.28114,0.187103,-0.130994,4.231052,,,
1787979988133,6.16693,4.04803,2.39796,-0.154635,0.324055,4.599982,,,
1787979988133,4.41432,5.20541,1.53253,-0.626871,0.452504,4.965330,,,
1787979988133,1.80321,6.70039,0.12518,-0.833138,0.144922,4.980985,,,
1787979988133,-0.61758,7.50285,-0.81123,-0.819725,-0.178256,4.618027,,,
1787979988133,-3.16737,7.07132,-1.54341,-0.672174,-0.281544,3.860819,,,
1787979988133,-3.16737,7.07132,-1.54341,-0.672174,-0.281544,3.860819,,,
1787979988133,-4.22346,7.12073,-1.61111,-0.688102,-0.150956,2.806587,,,
1787979988133,-3.43219,7.89553,-1.35609,-0.880112,-0.024499,2.019192,,,
1787979988133,-2.93858,8.87850,-1.42053,-1.055728,-0.064441,1.508039,,,
1787979988133,-3.60179,9.10861,-2.02418,-1.136097,-0.290564,0.994944,,,
1787979988133,-4.30914,9.01551,-2.60227,-0.926805,-0.305996,0.299092,,,
1787979988133,-4.15845,10.00652,-2.70517,-0.429649,-0.243510,-0.454943,,,
1787979988133,-5.19338,9.21986,-2.83680,0.052518,-0.171999,-1.307672,,,
1787979988133,-5.76767,7.83725,-3.15434,0.655237,0.163702,-2.537902,,,
1787979988133,-4.29373,7.67183,-2.29044,1.569120,0.321582,-3.650568,,,
1787979988133,-1.05571,8.37671,-0.06170,2.416776,0.228367,-4.244185,,,
1787979988133,1.23421,7.95029,1.83226,3.002979,0.479045,-4.259697,,,
1787979988133,2.36236,5.79034,3.02437,3.068707,0.872026,-3.962125,,,
1787979988133,2.78351,3.25863,3.41064,2.388859,0.761285,-3.493244,,,
1787979988133,2.99632,1.46378,3.22112,1.081384,0.231639,-3.182368,,,
1787979988133,3.91225,1.06099,2.58785,0.040556,-0.857817,-3.147950,,,
1787979988133,4.97037,0.14239,1.83508,-0.224698,-1.690916,-3.032959,,,
1787979988133,5.70512,-1.24532,2.10962,-0.002365,-1.776108,-2.698207,,,
1787979988133,6.59655,-2.11168,3.24515,0.070734,-1.248841,-2.286765,,,
1787979988133,7.51750,-2.21767,3.72263,-0.271659,-0.325696,-1.990235,,,
1787979988133,9.20334,-3.42725,2.94917,-0.366416,0.444253,-1.796566,,,
1787979988133,11.28907,-4.04651,2.62988,-0.209084,0.918321,-1.106664,,,
1787979988133,12.81839,-3.37544,2.98049,-0.259876,0.730416,0.177398,,,
1787979993381,11.60363,-4.63547,2.46432,-0.297512,0.279499,1.348670,13.1255149,77.5899748,14.04
1787979993381,9.26559,-4.14933,2.40730,-0.802107,0.189230,2.561631,,,
1787979993381,7.81331,-1.08078,1.79378,-1.376062,-0.232623,3.443058,,,
1787979993381,6.18370,1.55865,0.78764,-1.290090,-0.564298,3.601946,,,
1787979993381,5.58465,3.04978,0.87024,-1.086583,-0.570593,3.641465,,,
1787979993381,5.58465,3.04978,0.87024,-1.086583,-0.570593,3.641465,,,
1787979993381,4.55897,4.26159,0.49512,-1.172866,-0.306304,3.921724,,,
1787979993381,3.17578,5.41654,-0.45460,-0.960104,-0.275777,4.228926,,,
1787979993381,1.01613,6.40550,-1.18983,-0.488193,-0.227220,4.378858,,,
1787979993381,-0.46585,7.32276,-1.15642,-0.032322,-0.142404,4.196342,,,
1787979993381,-2.22850,7.21590,-0.95174,0.056373,0.074273,3.764624,,,
1787979993381,-2.65092,7.92689,-0.83468,-0.150287,0.126781,3.147493,,,
1787979993381,-3.15284,8.45241,-1.11399,-0.419800,-0.132843,2.519175,,,
1787979993381,-3.42930,9.24936,-1.17879,-0.668148,-0.419745,1.969447,,,
1787979993381,-5.01695,8.61600,-1.87917,-0.802902,-0.547558,1.393343,,,
1787979993381,-5.56429,8.66809,-2.12985,-0.685477,-0.259911,0.631178,,,
1787979993381,-5.66040,9.69258,-2.07399,-0.473604,-0.057788,-0.306595,,,
1787979993381,-6.36260,8.90072,-2.41238,-0.264983,0.266200,-1.507248,,,
1787979993381,-5.61743,7.44177,-2.94398,0.339541,0.483366,-2.853362,,,
1787979993381,-3.51521,7.45860,-2.21905,1.311430,-0.098164,-3.768952,,,
1787979993381,-0.57528,8.33666,0.11680,2.179345,-0.310267,-4.076272,,,
1787979993381,0.80317,8.00989,1.89502,2.487086,0.339587,-4.217953,,,
1787979994140,2.06696,6.78781,2.77567,2.340980,1.009158,-4.484287,13.1255132,77.5899701,14.05
1787979994140,3.57069,4.88604,2.92713,1.793202,0.944255,-4.484785,,,
1787979994140,5.16727,2.86585,2.69890,1.138206,0.623817,-4.079456,,,
1787979994140,6.44423,1.46433,2.32355,0.919015,-0.048116,-3.630676,,,
1787979994140,7.22464,-0.99215,2.45982,1.019876,-0.806406,-3.170351,,,
1787979994140,7.99403,-2.49299,3.56850,0.864031,-1.385646,-2.387666,,,
1787979994140,7.70018,-2.97455,4.75326,0.340150,-1.673115,-1.614428,,,
1787979994140,7.62271,-2.85244,5.24379,-0.168296,-1.392121,-1.399176,,,
1787979994140,8.34405,-3.96174,4.85847,-0.405624,-0.509498,-1.437225,,,
1787979994140,10.79189,-4.19358,4.69808,-0.515385,0.716905,-1.018093,,,
1787979994140,13.03181,-3.61733,4.47402,-0.728939,1.215084,0.125826,,,
1787979994140,13.03181,-3.61733,4.47402,-0.728939,1.215084,0.125826,,,
1787979994140,11.38766,-4.64879,3.29235,-1.167238,0.485549,1.499955,,,
1787979994140,8.71931,-3.28771,1.92222,-1.874551,-0.459244,2.772816,,,
1787979994140,7.16067,-0.53007,0.80262,-1.901168,-1.256859,3.586176,,,
1787979994140,6.52637,2.70588,0.79044,-1.376463,-1.264173,3.913932,,,
1787979994140,5.69012,4.85197,1.17253,-1.069157,-0.841632,4.109979,,,
1787979994140,3.90840,5.48942,0.28203,-1.034063,-0.345468,4.323358,,,
1787979994140,2.35847,6.44493,-0.51460,-0.751816,-0.384660,4.537874,,,
1787979994140,0.22996,7.54365,-0.81379,-0.306936,-0.556081,4.566036,,,
1787979994140,-1.60062,8.01757,-0.63013,0.117637,-0.619364,4.226754,,,
1787979994140,-3.41936,7.63793,-0.47991,0.245979,-0.286660,3.604974,,,
1787979994140,-4.12177,8.05979,-0.65571,0.202511,0.018088,2.790175,,,
1787979994140,-4.25966,8.09153,-1.26508,0.344251,0.346737,2.119252,,,
1787979994140,-4.20235,8.71480,-1.58750,0.571493,0.704154,1.632455,,,
1787979994140,-5.16084,8.24430,-2.23478,0.717069,0.971865,1.073135,,,
1787979994140,-5.12641,8.50820,-2.70269,0.863153,1.308836,0.260835,,,
1787979994140,-4.72916,9.54600,-2.80016,0.892581,1.206234,-0.759739,,,
1787979994140,-5.30091,8.71957,-3.41273,0.776629,0.855831,-2.192986,,,
1787979994140,-3.68536,7.84105,-4.05221,1.194252,0.475780,-3.628654,,,
1787979994140,-1.30748,7.89998,-3.12787,1.955089,-0.411297,-4.351502,,,
1787979994140,1.35443,8.53042,-0.71517,2.417565,-1.211220,-4.398290,,,
1787979994140,2.19158,7.78752,1.04208,2.384282,-1.291750,-4.460034,,,
1787979994140,3.14358,5.88417,2.23657,1.972564,-0.904957,-4.615396,,,
1787979994140,4.62502,3.53757,2.67077,1.434955,-0.400274,-4.232888,,,
1787979994140,5.92982,1.15108,2.68434,1.010031,-0.274855,-3.550953,,,
1787979994140,6.99571,-0.39274,2.63875,0.786244,-0.625716,-3.038037,,,
1787979994140,7.65039,-1.48052,2.68472,0.625465,-1.217541,-2.121708,,,
1787979994140,6.88520,-1.75245,2.93397,0.269765,-1.707091,-1.304568,,,
1787979994140,6.88520,-1.75245,2.93397,0.269765,-1.707091,-1.304568,,,
1787979994140,5.79621,-1.74984,3.41393,0.018449,-2.173935,-1.317611,,,
1787979994140,6.23079,-2.66276,4.25760,-0.441326,-2.103953,-1.834033,,,
1787979994140,8.46603,-4.27777,4.06906,-0.877918,-1.081608,-1.893110,,,
1787979994140,11.29203,-4.17443,3.55789,-0.981227,0.073427,-1.141130,,,
1787979994140,12.64119,-3.79688,2.62165,-0.952553,0.638680,0.210958,,,
1787979994140,11.18359,-4.67903,1.57320,-0.696159,0.348673,1.591099,,,
1787979994140,9.14136,-3.19235,1.41451,-0.813759,0.069611,2.924240,,,
1787979994140,7.80877,-0.20458,1.42846,-0.910639,-0.330753,3.713066,,,
1787979994140,6.95707,3.16260,1.76999,-0.643041,-0.289331,3.795225,,,
1787979994140,6.65237,4.83395,2.53801,-0.784006,0.006342,3.793323,,,
1787979994140,5.12304,4.77145,1.50850,-1.405860,0.005353,4.255745,,,
1787979994140,3.21442,5.93688,0.13518,-1.452558,-0.426531,4.743438,,,
1787979994140,1.08569,7.93369,-0.63993,-1.098333,-0.634587,5.005008,,,
1787979994140,-1.00279,8.89754,-1.01508,-0.574330,-0.513305,4.910819,,,
1787979994140,-3.67697,8.28344,-1.76703,-0.074454,0.069594,4.209697,,,
1787979994140,-4.19009,8.35599,-2.16186,0.388717,0.765549,3.310818,,,
1787979994140,-3.75532,9.25834,-2.24780,0.650604,1.027791,2.630467,,,
1787979994140,-4.26343,9.24724,-2.60652,0.665264,0.951434,1.937622,,,
1787979994140,-5.19442,8.50612,-3.19568,0.608813,0.736306,0.964426,,,
1787979994140,-4.72143,8.89645,-3.33028,0.603799,0.562710,-0.186578,,,
1787979994140,-4.30623,9.33419,-3.24156,0.460206,0.152731,-1.355792,,,
1787979994140,-4.40814,7.90569,-3.68230,0.481338,-0.283954,-2.515920,,,
1787979994140,-2.86896,6.76434,-3.30531,0.931450,-0.700946,-3.339129,,,
1787979994140,-0.88184,6.69709,-1.70859,1.548058,-1.072367,-3.454367,,,
1787979994140,0.21601,6.95298,0.38832,1.666280,-0.839851,-3.303092,,,
1787979994140,0.52162,6.43510,1.20706,1.206342,-0.297200,-3.488611,,,
1787979994140,1.44727,5.49455,0.72157,0.743215,-0.295690,-3.904767,,,
1787979994140,1.44727,5.49455,0.72157,0.743215,-0.295690,-3.904767,,,
1787979994140,2.54381,3.80198,0.13352,0.594622,-0.536506,-4.025091,,,
1787979994140,4.03510,2.65236,0.08285,0.740192,-0.917838,-3.743387,,,
1787979994140,5.02214,1.18794,0.69555,1.191508,-1.096003,-3.392957,,,
1787979994140,5.90552,-0.80744,2.25448,1.607636,-1.028247,-3.021265,,,
1787979994140,6.41795,-2.06443,3.63541,1.278859,-0.753571,-2.407598,,,
1787979994140,6.81102,-2.06779,4.14100,0.508682,-0.799113,-1.887651,,,
1787979994140,7.30652,-2.00929,4.45668,-0.152329,-1.249052,-1.855167,,,
1787979994140,8.33831,-2.44839,4.24587,-0.867667,-1.394163,-1.884749,,,
1787979994140,10.33743,-2.47159,3.73496,-1.165601,-0.903850,-1.699499,,,
1787979994140,12.22204,-3.29045,3.09074,-0.961788,-0.255209,-0.804457,,,
1787979994140,11.99658,-4.58625,2.32063,-0.590913,0.302710,0.641543,,,
1787979994140,9.67031,-5.24438,1.69564,-0.513170,0.556540,2.302092,,,
1787979994140,8.34862,-2.50828,1.48632,-0.811620,0.516109,3.646723,,,
1787979994140,7.45246,1.93698,1.29916,-0.681232,-0.034235,4.267621,,,
1787979994140,5.85396,3.63980,1.51733,-0.507362,-0.113173,4.260093,,,
1787979994140,4.98542,4.92725,1.85501,-0.804412,0.316847,4.357080,,,
1787979994140,3.27329,5.68773,0.96199,-1.104854,0.288405,4.608962,,,
1787979994140,1.18258,6.78589,-0.20953,-1.183003,0.040775,4.710099,,,
1787979994140,-0.66718,7.65755,-0.90098,-0.951184,-0.128992,4.515154,,,
1787979994140,-2.70435,7.57932,-1.34686,-0.614730,-0.029601,4.017280,,,
1787979994140,-3.53269,7.92574,-1.49692,-0.355200,0.374602,3.310885,,,
1787979994140,-3.68494,8.38850,-1.60166,-0.264730,0.811592,2.584435,,,
1787979997172,-3.91264,8.72728,-2.15627,-0.265235,0.921369,1.818915,13.1256179,77.5899167,13.59
1787979997196,-4.36105,8.22620,-3.02093,-0.171193,0.756592,1.113223,13.1256178,77.5899165,13.59
1787979997196,-4.50723,8.25573,-3.45937,0.018373,0.530668,0.332880,,,
1787979997196,-4.26319,9.28696,-3.23748,0.157727,0.145927,-0.633350,,,
1787979997196,-4.53005,8.82176,-3.17507,0.125859,-0.232067,-1.729197,,,
1787979997196,-4.53005,8.82176,-3.17507,0.125859,-0.232067,-1.729197,,,
1787979997196,-3.63240,7.99011,-3.11217,0.258700,-0.349482,-2.687595,,,
1787979997196,-2.32486,7.50705,-2.39465,0.658674,-0.470579,-3.180708,,,
1787979997196,-1.10515,8.27489,-1.26800,1.131459,-0.632872,-3.616425,,,
1787979997477,-0.23989,7.82232,-0.51334,1.523207,-0.635486,-4.292517,13.1257405,77.5899370,19.17
1787979997477,1.75388,6.45346,0.59251,1.806418,-0.396071,-4.685905,,,
1787979997477,3.30920,4.53059,1.40383,1.878974,-0.288368,-4.577486,,,
1787979997477,4.91313,2.81658,2.61551,1.568805,-0.458961,-4.330148,,,
1787979997477,6.39783,1.58032,3.34026,0.806866,-0.626631,-4.069139,,,
1787979997477,8.17299,-0.36560,2.99550,0.304760,-0.971078,-3.710957,,,
1787979997477,9.30388,-1.39796,3.08507,-0.112944,-1.626056,-2.534629,,,
1787979997477,8.04412,-1.61940,2.59571,-0.615742,-2.144585,-1.502499,,,
1787979997477,7.29199,-1.99187,2.30308,-0.620267,-2.429183,-1.496754,,,
1787979997477,7.44471,-3.94848,2.70437,-0.452543,-1.996330,-1.779428,,,
1787979997477,9.60826,-4.09448,3.30567,-0.580118,-0.744498,-1.449674,,,
1787979997477,11.60208,-4.33536,2.93028,-0.705806,0.295877,-0.502287,,,
1787979997477,11.46446,-5.44366,2.08065,-0.498870,0.386750,0.745073,,,
1787979997477,9.76434,-5.01829,1.84370,-0.661136,0.069376,2.201501,,,
1787979997477,8.49947,-2.57321,1.61452,-0.937306,-0.575065,3.423874,,,
1787979997477,7.72178,1.31175,2.02157,-0.639525,-0.960611,4.047377,,,
1787979997477,6.35662,3.54743,2.57012,-0.448160,-0.642248,4.328382,,,
1787979997477,4.56609,4.82479,2.18905,-0.699972,-0.018578,4.599528,,,
1787979997477,2.98396,6.00179,1.16682,-0.818027,-0.004992,4.804811,,,
1787979997477,0.62324,7.20244,0.24434,-0.808348,-0.197712,4.767214,,,
1787979997477,-1.08819,7.76625,-0.40110,-0.531417,-0.315255,4.396177,,,
1787979997477,-2.75829,7.69686,-1.03505,-0.106543,-0.242459,3.825767,,,
1787979997477,-3.20014,8.41755,-1.06127,0.349461,-0.121523,3.226925,,,
1787979997477,-3.75654,8.81595,-0.76199,0.639343,0.028779,2.617989,,,
1787979997477,-3.75654,8.81595,-0.76199,0.639343,0.028779,2.617989,,,
1787979997477,-4.42726,8.75772,-0.60862,0.473955,0.307538,1.935519,,,
1787979997477,-5.62850,7.82501,-1.05906,0.069182,0.455111,1.097845,,,
1787979997477,-5.36106,8.32026,-1.31256,-0.245141,0.533883,0.136339,,,
1787979997477,-5.14064,9.46918,-1.17947,-0.796513,0.322345,-0.993759,,,
1787979997477,-5.72298,8.63795,-1.68957,-1.351812,-0.070570,-2.482109,,,
1787979997477,-3.90075,8.41178,-2.16172,-1.224567,-0.199643,-3.836762,,,
1787979997477,-1.87447,8.25619,-1.61675,-0.646666,-0.492596,-4.395881,,,
1787979997477,0.13012,8.14006,-0.46896,0.097524,-0.751960,-4.571971,,,
1787979997477,1.13882,6.66843,0.51562,0.630250,-0.398696,-4.646356,,,
1787979997477,2.23979,4.70862,1.28318,0.726275,0.191787,-4.505785,,,
1787979997477,3.44336,3.05152,1.61459,0.402073,0.386173,-4.154912,,,
1787979997477,4.54126,1.99661,1.52614,-0.263154,0.069482,-3.906688,,,
1787979997477,5.72215,1.24007,0.79146,-0.737302,-0.561578,-3.760170,,,
1787979997477,6.68091,0.20861,-0.16273,-0.822012,-1.103572,-3.417723,,,
1787979997477,7.50659,-0.18249,-0.48402,-0.721487,-1.359731,-2.672946,,,
1787979997477,7.88145,-0.68744,-0.62223,-0.582572,-1.130950,-2.097073,,,
1787979997477,8.50668,-1.27902,-0.51693,-0.396005,-0.835684,-1.788517,,,
1787979997477,9.05785,-2.77103,-0.39963,-0.274167,-0.545960,-1.637749,,,
1787979997477,10.58656,-3.04067,-0.11784,-0.312760,-0.256371,-1.190246,,,
1787979997477,11.27418,-4.41744,-0.23924,-0.343054,-0.142772,-0.354910,,,
1787979997477,10.71340,-6.43731,-0.07562,-0.299955,-0.477559,0.836323,,,
1787979997477,9.26684,-5.53021,0.48398,-0.730615,-0.658732,1.975099,,,
1787979997477,8.53588,-2.77476,0.06323,-0.815792,-1.246665,2.875129,,,
1787979997477,7.58893,-0.36452,-0.38525,-0.133264,-1.115611,3.505306,,,
1787979997477,6.82521,1.86790,0.04269,0.938540,-0.372778,4.222190,,,
1787979997477,5.36119,3.63274,1.09708,1.632633,0.603302,4.779295,,,
1787979997477,4.32694,5.28070,2.01258,1.809712,1.187902,5.277165,,,
1787979997477,4.32694,5.28070,2.01258,1.809712,1.187902,5.277165,,,
1787979997477,2.47336,7.03038,2.91212,1.627947,1.069495,5.625426,,,
1787979997477,-0.25199,8.13940,2.79966,0.746313,0.908636,5.177041,,,
1787979997477,-2.59077,7.77364,1.91884,-0.457045,0.599785,4.083106,,,
1787979997477,-3.05741,7.99586,0.98061,-1.264876,0.245742,3.070730,,,
1787979997477,-3.31466,8.57699,-0.03546,-1.738264,-0.027760,2.338629,,,
1787979997477,-4.21191,8.66695,-0.87421,-1.914353,-0.248100,1.675476,,,
1787979997477,-5.51167,7.97081,-2.01514,-1.802999,-0.223095,0.927454,,,
1787979997477,-5.26129,8.68819,-2.25379,-1.320794,0.149429,-0.013514,,,
1787979997477,-4.92314,9.95809,-1.73934,-1.081371,0.379475,-1.040963,,,
1787979997477,-5.26079,9.03295,-2.20664,-1.062027,0.597537,-2.374264,,,
1787979997477,-3.64834,8.73685,-2.76645,-0.574709,0.501667,-3.676764,,,
1787979997477,-1.66751,8.27142,-2.42953,0.120542,-0.024045,-4.195334,,,
1787979997477,0.23198,7.60286,-1.16094,0.777065,-0.531228,-4.011324,,,
1787979997477,0.56278,6.24644,-0.27052,1.229613,-0.283588,-3.908062,,,
1787979997477,1.03766,4.45476,0.87813,1.403131,0.205247,-4.016612,,,
1787979997477,2.23862,3.10658,1.60180,1.064241,0.580188,-4.006891,,,
1787979997477,4.12038,2.88194,2.25231,0.292212,0.454560,-4.043444,,,
1787979997477,5.47638,1.87994,2.14225,-0.415990,-0.346926,-4.222877,,,
1787979997477,7.08282,-0.08373,1.94328,-0.948361,-1.038890,-4.272250,,,
1787979997477,8.67323,-1.63924,1.68023,-1.328555,-1.580319,-3.843928,,,
1787979997477,10.35421,-2.39704,1.34760,-1.481638,-1.776256,-2.903467,,,
1787979997477,10.66123,-3.31126,0.28932,-1.311945,-1.295619,-1.739661,,,
1787979997477,11.46210,-3.14270,-0.43946,-0.764343,-0.239678,-0.778398,,,
1787979997477,11.84822,-3.56596,-0.66817,-0.123815,0.493663,0.016600,,,
1787979997477,11.61735,-5.25259,-0.41776,0.278559,0.342606,1.037695,,,
1787979997477,9.83006,-5.35853,-0.02674,-0.089631,-0.102398,2.567889,,,
1787979997477,8.16187,-2.07141,-0.35261,-0.307369,-0.369501,3.698089,,,
1787979997477,8.16187,-2.07141,-0.35261,-0.307369,-0.369501,3.698089,,,
1787979997477,7.10705,0.93967,-0.40585,0.094990,-0.234502,4.157889,,,
1787979997477,6.19869,3.53247,0.16358,0.664061,0.098761,4.351909,,,
1787979997477,4.84177,4.49245,0.79418,0.677213,0.490943,4.620564,,,
1787979997477,2.89153,5.31999,0.74047,0.259949,0.424050,4.801571,,,
1787979997477,1.75677,7.19218,0.74209,-0.152608,-0.112450,4.667276,,,
1787979997477,-0.46178,7.53476,0.29202,-0.373251,-0.509331,4.314704,,,
1787979997477,-1.93116,7.58818,-0.02825,-0.517549,-0.325239,3.725814,,,
1787979997477,-2.60188,7.49360,-0.68584,-0.572639,-0.054896,3.145030,,,
1787979997477,-2.42629,8.40795,-1.08244,-0.387747,-0.022267,2.780564,,,
1787979997477,-3.30873,8.96948,-1.36463,-0.081915,-0.186698,2.431736,,,
1787979997477,-4.47662,8.74960,-1.61703,0.181201,-0.108399,1.888901,,,
1787979997477,-5.31724,8.51515,-1.79323,0.386436,0.237313,1.042910,,,
1787979997477,-4.95793,9.18106,-1.26005,0.353009,0.490719,0.129503,,,
1787979997477,-5.70391,8.98663,-1.40921,0.088248,0.399536,-1.130614,,,
1787979997477,-5.74940,7.91949,-2.00950,0.142082,0.023170,-3.092807,,,
1787979997477,-2.49430,8.39806,-1.19667,0.566261,-0.409086,-4.566827,,,
1787979997477,0.22582,8.35379,0.23156,1.023288,-0.597276,-5.106071,,,
1787979997477,2.62634,7.35335,1.78423,1.484558,-0.269101,-5.064177,,,
1787979997477,3.72721,5.10930,2.41618,1.876322,0.389736,-4.846483,,,
1787979997477,5.01359,2.67959,3.29744,1.815607,0.733240,-4.383950,,,
1787979997477,6.13922,0.75382,3.95014,1.049376,0.529270,-4.027261,,,
1787979997477,7.32691,-1.96458,3.76506,0.000179,-0.068514,-3.841971,,,
1787979997477,9.06905,-3.10337,3.14556,-0.943919,-1.020450,-2.836046,,,
1787979997477,7.53806,-3.08131,1.38186,-1.494912,-1.946287,-1.616727,,,
1787979997477,5.55467,-3.75509,0.13961,-1.287318,-1.998722,-1.340372,,,
1787979997477,5.83643,-5.05600,-0.03863,-0.549078,-0.882443,-1.456850,,,
1787979997477,7.57439,-5.98224,0.44601,0.108416,0.400250,-1.126414,,,
1787979997477,7.57439,-5.98224,0.44601,0.108416,0.400250,-1.126414,,,
1787979997477,10.47401,-5.65061,1.60718,0.153358,1.031548,-0.271707,,,
1787979997477,11.55551,-4.90205,1.95966,-0.272812,0.608598,0.874687,,,
1787979997477,10.63601,-4.10695,1.47774,-0.572500,-0.257026,2.113316,,,
1787979997477,8.44985,-2.38184,0.94792,-0.856799,-0.687074,3.265736,,,
1787979997477,6.53442,1.29982,0.37471,-0.755131,-0.757253,3.943910,,,
1787979997477,5.34439,3.45218,0.24008,-0.264672,-0.321385,4.100476,,,
1787979997477,4.11527,4.87953,0.15501,0.157138,0.291732,4.114975,,,
1787979997477,2.76506,5.30199,-0.15956,0.299844,0.649361,4.127940,,,
1787979997477,1.03017,5.75702,-0.58435,0.215726,0.564238,3.984964,,,
1787979997477,-0.25524,6.51507,-0.87068,-0.051763,0.241232,3.602180,,,
1787979997477,-1.36244,6.39788,-1.28303,-0.094620,0.006883,3.181264,,,
1787979997477,-2.18859,6.40358,-1.61075,-0.033743,0.138228,2.777054,,,
1787979997477,-2.45723,6.41105,-1.99170,0.015440,0.316675,2.403464,,,
1787979997477,-2.22389,7.07180,-2.19725,0.084617,0.344895,2.231039,,,
1787979997477,-2.49511,8.22635,-2.08053,0.091091,0.100907,2.016521,,,
1787979997477,-3.51507,8.13210,-2.37680,0.139446,-0.258230,1.499815,,,
1787979997477,-4.32942,8.05270,-2.20854,0.208741,-0.589027,0.730256,,,
1787979997477,-4.22594,9.09290,-1.42108,0.268485,-0.871904,-0.151909,,,
1787979997477,-5.24450,8.93341,-0.77380,0.164591,-0.890903,-1.554563,,,
1787979997477,-5.44318,7.58530,-0.55201,0.018469,-0.598426,-3.286062,,,
1787979997477,-2.35274,7.91401,0.14120,-0.050108,-0.401140,-4.456392,,,
1787979997477,0.16090,7.93576,0.73641,0.038118,-0.448848,-4.976775,,,
1787979997477,2.69277,7.40475,1.35022,0.309350,-0.355753,-5.175609,,,
1787979997477,4.21669,5.48710,1.70714,0.572605,0.031178,-5.148283,,,
1787979997477,5.85166,2.32058,2.04497,0.516289,0.072595,-4.668466,,,
1787979997477,6.56651,0.28893,2.19007,-0.315203,-0.168558,-3.918447,,,
1787979997477,7.05234,-1.09872,1.04437,-0.926482,-0.986750,-3.120612,,,
1787979997477,7.05234,-1.09872,1.04437,-0.926482,-0.986750,-3.120612,,,
1787979997477,6.58444,-1.32441,0.36819,-1.179211,-1.607338,-2.289696,,,
1787979997477,5.02968,-1.75528,-0.28587,-1.068834,-1.415620,-2.011834,,,
1787979997477,4.95456,-2.58271,-0.52632,-0.737464,-0.683963,-2.058359,,,
1787979997477,6.25439,-3.71736,-0.51466,-0.328003,0.208896,-2.089814,,,
1787979997477,8.23548,-4.27210,-0.37886,0.015198,0.759303,-1.811972,,,
1787979997477,11.15598,-5.11273,0.13318,0.268866,1.082811,-1.224858,,,
1787979997477,12.64806,-4.93796,0.91999,0.149342,0.765985,-0.018459,,,
1787979997477,11.45619,-4.97854,0.77126,-0.164738,-0.127976,1.520935,,,
1787980002379,8.84489,-4.41374,0.15499,-0.295730,-0.619689,2.825710,13.1257659,77.5898974,18.62
1787980002379,6.67687,-1.56007,-0.24090,-0.129326,-0.446136,3.643612,,,
1787980002379,5.84531,0.96606,-0.04845,0.245909,0.162445,3.915890,,,
1787980002379,5.76668,3.43363,0.81361,0.579909,0.486200,3.951868,,,
1787980002379,4.84255,4.17937,1.11516,0.352422,0.783593,4.132498,,,
1787980002379,3.45169,5.01522,0.45256,0.133037,0.694893,4.386556,,,
1787980002379,1.72025,6.17935,-0.17018,0.027217,0.552327,4.440918,,,
1787980002379,-0.46015,6.61336,-1.01876,0.066506,0.657833,4.188865,,,
1787980002379,-1.63454,6.90670,-1.58857,0.215367,0.877349,3.638046,,,
1787980002379,-2.31945,6.61578,-1.92897,0.246489,1.119998,3.006798,,,
1787980002379,-2.14675,6.99667,-2.16125,0.052619,1.176156,2.567435,,,
1787980002379,-2.03704,8.00425,-2.33361,-0.295274,0.831566,2.166772,,,
1787980002379,-2.85011,8.35038,-2.88287,-0.688816,0.327947,1.493927,,,
1787980002379,-4.01913,8.06632,-3.85214,-0.881977,-0.104099,0.480835,,,
1787980002379,-3.85722,8.81268,-4.03409,-0.718001,-0.583124,-0.686915,,,
1787980002379,-3.96714,8.54592,-4.04984,-0.349397,-0.908999,-1.797174,,,
1787980002379,-3.65485,7.23791,-3.65194,0.259327,-0.926088,-2.741071,,,
1787980002379,-1.66239,7.44349,-1.84529,1.022624,-1.081314,-3.380702,,,
1787980002379,-0.13253,7.15950,0.00265,1.564628,-0.781925,-3.652713,,,
1787980002379,-0.13253,7.15950,0.00265,1.564628,-0.781925,-3.652713,,,
1787980002379,0.77614,5.98003,1.42596,1.596484,-0.209693,-3.749263,,,
1787980002379,1.28655,4.39525,1.76988,1.109700,-0.041230,-3.834814,,,
1787980002379,1.91600,2.81456,1.27713,0.435475,-0.400738,-3.846258,,,
1787980002379,2.81919,1.69016,0.84315,-0.057124,-0.777129,-3.713068,,,
1787980002379,3.87170,1.13124,0.49598,-0.263140,-1.071127,-3.622376,,,
1787980002379,5.17189,0.34874,0.76003,-0.281406,-1.231144,-3.422297,,,
1787980002379,6.09019,-1.18916,1.14905,-0.349512,-1.112388,-3.126428,,,
1787980002379,7.45577,-1.94971,1.33061,-0.409504,-0.815685,-2.773608,,,
1787980002379,9.93670,-3.04217,1.58371,-0.454124,-1.069447,-2.058526,,,
1787980002379,10.27153,-4.96361,1.09193,-0.132127,-0.954149,-0.972691,,,
1787980002379,9.99132,-5.14823,1.68868,0.184010,-0.209030,-0.237538,,,
1787980002379,9.98919,-5.38037,2.01631,0.290879,0.278795,0.451858,,,
1787980003479,8.89524,-6.21185,2.04503,0.193684,0.325465,1.405936,13.1257619,77.5898951,18.63
1787980003479,7.00892,-5.45894,1.82996,-0.245189,0.327251,2.345228,,,
1787980003479,5.44746,-2.95196,1.01924,-0.400451,0.374704,2.846090,,,
1787980003479,5.97311,-0.86407,0.87168,-0.088562,0.707785,3.042930,,,
1787980003479,7.91377,1.89062,1.97698,-0.008267,0.890229,3.687169,,,
1787980003479,6.88808,3.44848,1.81696,-0.445017,0.670557,4.390126,,,
1787980003479,4.39833,4.89437,0.75646,-0.703525,0.161561,4.592932,,,
1787980003479,2.55974,6.54879,0.38909,-0.854019,-0.212290,4.556959,,,
1787980003479,0.00877,7.04979,-0.44347,-0.857484,-0.205576,4.225300,,,
1787980003479,-1.61429,7.18921,-1.17762,-0.720910,-0.048517,3.685691,,,
1787980003479,-2.57265,7.66501,-1.88541,-0.529905,0.150482,3.033026,,,
1787980003479,-2.60112,8.85819,-2.12848,-0.355785,0.268405,2.329535,,,
1787980003479,-2.99826,9.76806,-2.40019,-0.346220,0.344154,1.639262,,,
1787980003479,-3.79257,9.62035,-2.91690,-0.363265,0.341934,0.924397,,,
1787980003479,-4.38678,9.39293,-3.52867,-0.214213,0.427323,0.146988,,,
1787980003479,-4.38678,9.39293,-3.52867,-0.214213,0.427323,0.146988,,,
1787980003479,-4.58984,9.69786,-3.50787,-0.025545,0.216845,-0.722510,,,
1787980003479,-5.55315,8.72513,-3.67745,0.122653,-0.106933,-1.903675,,,
1787980003479,-4.89135,7.43291,-3.59603,0.538508,-0.330583,-3.142184,,,
1787980003479,-2.00758,8.00459,-2.01316,1.133123,-0.706907,-3.887177,,,
1787980003479,-0.09081,8.34048,-0.17252,1.487288,-0.850340,-4.251603,,,
1787980003479,1.60530,8.07556,1.57773,1.414667,-0.394673,-4.651614,,,
1787980003479,3.23151,6.51749,2.13712,1.029926,0.020587,-4.947332,,,
1787980003479,4.82081,4.00357,2.03413,0.280661,-0.202297,-4.912278,,,
1787980003479,6.21956,1.86924,1.60228,-0.434333,-0.842716,-4.495219,,,
1787980003479,7.78025,-0.64661,0.50817,-0.587570,-1.383969,-3.927206,,,
1787980003479,8.87690,-1.91179,0.57963,-0.287337,-1.981854,-2.562740,,,
1787980003479,6.55334,-2.11863,1.32548,-0.323679,-2.086894,-1.354662,,,
1787980003479,4.80343,-2.87315,1.39465,-0.352863,-1.516762,-1.315385,,,
1787980003479,5.48339,-3.12774,2.09026,-0.531505,-0.572170,-1.828791,,,
1787980003479,7.45611,-4.23750,1.58610,-0.750985,0.233242,-1.916329,,,
1787980003479,11.04136,-4.95115,1.07884,-0.804897,0.714477,-1.524262,,,
1787980003479,13.15878,-4.43353,0.91445,-0.988587,0.242488,-0.310398,,,
1787980003479,12.27708,-5.27088,-0.30270,-0.763235,-0.415786,1.119031,,,
1787980003479,10.29469,-4.36558,-0.44053,-0.512112,-0.692029,2.693716,,,
1787980003479,7.78584,-0.87682,-0.43207,-0.231680,-0.657046,3.733185,,,
1787980003479,6.55577,1.40306,0.04881,0.411857,-0.336874,4.008573,,,
1787980003479,6.09736,3.13453,1.49357,0.840478,0.344778,4.094859,,,
1787980003479,5.47918,4.36809,2.09485,0.423919,0.949147,4.452459,,,
1787980003479,3.41074,5.49361,0.94895,-0.155577,0.715530,4.687796,,,
1787980003479,1.17857,6.61422,-0.06634,-0.532727,0.090380,4.544787,,,
1787980003479,-0.94123,7.13507,-0.87276,-0.491491,-0.375541,4.096992,,,
1787980003479,-2.47666,7.16713,-1.19409,-0.303281,-0.326358,3.455692,,,
1787980003479,-2.71357,7.33459,-1.09523,-0.220372,0.125701,2.826858,,,
1787980003479,-2.38953,8.18405,-1.01888,-0.320509,0.581776,2.549958,,,
1787980003479,-2.92946,8.96889,-1.64509,-0.484627,0.719091,2.206191,,,
1787980003479,-3.95771,8.97772,-2.61402,-0.495139,0.638672,1.538478,,,
1787980003479,-4.50442,9.15172,-3.44320,-0.219426,0.590907,0.585440,,,
1787980003479,-4.50442,9.15172,-3.44320,-0.219426,0.590907,0.585440,,,
1787980003479,-4.57604,9.68169,-3.27314,-0.043720,0.443076,-0.592010,,,
1787980003479,-4.96831,8.86473,-3.54374,0.081723,0.027079,-1.973752,,,
1787980003479,-4.38664,7.22863,-3.82911,0.625005,-0.294356,-3.216961,,,
1787980003479,-1.33839,7.46909,-2.14546,1.347702,-0.667875,-3.642692,,,
1787980003479,0.25812,7.64505,-0.36392,1.902735,-0.640621,-3.590790,,,
1787980003479,0.90519,7.22909,0.96133,2.084163,-0.067208,-3.815924,,,
1787980003479,0.90519,7.22909,0.96133,2.084163,-0.067208,-3.815924,,,
1787980003479,1.83557,5.57773,1.20094,2.082306,0.483570,-4.007842,,,
1787980003479,3.27540,3.84268,1.25400,1.892959,0.517991,-3.782142,,,
1787980003479,4.12110,2.38525,1.21713,1.647525,0.114980,-3.334551,,,
1787980003479,5.04440,1.28638,1.59854,1.514743,-0.516638,-2.869783,,,
1787980003479,5.28938,-0.20171,2.35863,1.523388,-0.918497,-2.511700,,,
1787980003479,5.24806,-1.83940,3.56341,1.324830,-1.026725,-2.245939,,,
1787980003479,5.24806,-1.83940,3.56341,1.324830,-1.026725,-2.245939,,,
1787980003479,5.59093,-2.74057,4.77542,0.680182,-1.144309,-2.016332,,,
1787980003479,6.48527,-2.89919,5.63886,-0.198569,-1.307339,-1.961771,,,
1787980003479,7.77722,-3.71724,5.35102,-0.808925,-1.102106,-1.900245,,,
1787980003479,9.89937,-4.49463,4.74397,-1.042444,-0.498702,-1.391123,,,
1787980003479,11.21468,-3.92121,4.27099,-1.172871,-0.080632,-0.398447,,,
1787980003479,10.84167,-4.44492,3.10357,-1.001858,-0.027427,0.761243,,,
1787980003479,10.84167,-4.44492,3.10357,-1.001858,-0.027427,0.761243,,,
1787980003479,8.35145,-5.43099,2.07446,-1.103073,0.023063,1.980168,,,
1787980003479,7.24907,-2.86485,1.65097,-1.372577,-0.252401,2.867418,,,
1787980003479,6.62647,0.04769,0.99764,-1.011362,-0.398086,3.148014,,,
1787980003479,6.91864,2.39503,1.87443,-0.769424,-0.344418,3.289265,,,
1787980003479,6.56888,4.54584,2.36414,-1.244074,-0.287088,3.958102,,,
1787980003479,4.70012,5.76265,1.15174,-1.349318,-0.636761,4.494774,,,
1787980003479,4.70012,5.76265,1.15174,-1.349318,-0.636761,4.494774,,,
1787980003479,1.88862,7.13691,0.04729,-1.046196,-0.899265,4.728623,,,
1787980003479,-0.49253,7.70054,-0.43624,-0.638892,-0.665434,4.439636,,,
1787980003479,-2.54372,7.79470,-0.86046,-0.390211,-0.274980,3.969113,,,
1787980003479,-3.72484,7.81957,-1.40217,-0.245036,0.324962,3.298790,,,
1787980003479,-3.88871,8.25888,-2.19116,0.098065,0.674828,2.636961,,,
1787980003479,-3.80482,8.77656,-2.52830,0.478148,0.771629,2.040255,,,
1787980003479,-3.80482,8.77656,-2.52830,0.478148,0.771629,2.040255,,,
1787980003479,-4.38713,8.61313,-2.62416,0.552165,0.718731,1.423224,,,
1787980003479,-4.95325,8.25227,-2.92546,0.422579,0.718132,0.610339,,,
1787980003479,-4.41580,9.42711,-2.80309,0.193485,0.481722,-0.375333,,,
1787980003479,-4.70914,9.62684,-3.16660,-0.003571,0.045363,-1.653544,,,
1787980003479,-5.05726,7.65243,-4.14891,0.462834,-0.223689,-3.037794,,,
1787980003479,-2.69075,6.71291,-3.38050,1.640042,-0.418940,-3.674205,,,
1787980003479,-2.69075,6.71291,-3.38050,1.640042,-0.418940,-3.674205,,,
1787980003479,0.55845,7.31294,-0.14017,2.524037,-0.782430,-3.649788,,,
1787980003479,1.28973,6.76927,2.20860,2.215915,-0.434688,-3.840560,,,
1787980003479,2.59136,5.37850,3.25378,1.549370,-0.297567,-4.164849,,,
1787980003479,3.76430,3.30691,3.10118,0.875016,-0.588354,-3.741226,,,
1787980003479,4.23559,1.57915,2.40803,0.300093,-0.853253,-3.227899,,,
1787980003479,4.80312,0.44663,2.11229,0.405865,-1.151823,-2.713474,,,
1787980003479,4.80312,0.44663,2.11229,0.405865,-1.151823,-2.713474,,,
1787980003479,4.87227,-1.33082,3.00860,0.983581,-1.193867,-2.317047,,,
1787980006640,4.56251,-2.58660,4.28823,0.631675,-0.491107,-1.985735,13.1257619,77.5898925,18.58
1787980006640,4.46011,-3.41509,4.46887,-0.317205,-0.243443,-1.679157,,,
1787980006640,4.74155,-3.84434,3.85470,-1.167877,-0.778041,-1.812422,,,
1787980006640,6.50422,-4.25490,2.61567,-1.781352,-1.113330,-1.705851,,,
1787980006640,8.43980,-4.78144,1.21432,-1.803342,-1.056875,-1.127562,,,
1787980006640,8.43980,-4.78144,1.21432,-1.803342,-1.056875,-1.127562,,,
1787980006640,10.63994,-4.10573,-0.23663,-1.451144,-0.453407,-0.063750,,,
1787980006640,11.08857,-3.25082,-1.06189,-0.782970,-0.184799,1.148315,,,
1787980006640,8.77254,-3.48989,-1.45102,-0.271772,-0.454046,2.342771,,,
1787980006640,6.45444,-2.29972,-0.90891,-0.386620,-0.736316,3.044379,,,
1787980006640,5.98981,0.51736,-0.43938,-0.632488,-1.392423,3.227112,,,
1787980006640,7.04405,1.70453,-0.84779,-0.529650,-2.394799,3.378956,,,
1787980006640,7.04405,1.70453,-0.84779,-0.529650,-2.394799,3.378956,,,
1787980006640,8.57147,4.30934,-1.07822,-0.321593,-3.168727,4.159875,,,
1787980006640,6.76645,6.81933,-0.70961,0.067435,-3.579770,4.616684,,,
1787980006640,4.67361,8.33894,-0.97056,0.765134,-4.301329,4.443759,,,
1787980006640,3.48055,8.93392,0.31698,1.190761,-5.320299,3.900222,,,
1787980006640,1.99317,8.46174,1.28227,1.419250,-5.553875,3.377673,,,
1787980006640,1.93292,8.83891,1.74301,1.764491,-5.180761,2.872595,,,
1787980006640,1.93292,8.83891,1.74301,1.764491,-5.180761,2.872595,,,
1787980006640,1.27596,8.56131,2.09948,2.099001,-4.796425,2.296926,,,
1787980006640,1.60110,8.58514,2.98095,2.268374,-4.229379,1.873676,,,
1787980006640,1.71276,7.84669,3.63482,2.104432,-3.408586,1.665429,,,
1787980006640,1.47358,6.77163,3.83945,1.631885,-2.961624,1.251945,,,
1787980006640,1.45206,4.84996,3.72719,1.158854,-2.833433,0.899516,,,
1787980006640,2.14798,3.93695,3.87455,0.567352,-2.550341,0.728669,,,
1787980006640,2.14798,3.93695,3.87455,0.567352,-2.550341,0.728669,,,
1787980006640,1.11289,2.14522,3.73474,0.019829,-2.152838,0.579241,,,
1787980006640,0.84461,0.66113,2.97932,-0.217655,-1.232361,0.211151,,,
1787980006640,1.79742,0.15673,1.84238,0.064350,-0.525858,-0.093309,,,
1787980006640,2.31911,0.14878,1.79364,0.178923,-0.101127,0.047251,,,
1787980006640,1.63984,-0.05178,1.92694,-0.101858,0.282975,0.184263,,,
1787980006640,1.33823,0.23286,1.32728,-0.371006,0.609004,0.152573,,,
1787980006640,1.33823,0.23286,1.32728,-0.371006,0.609004,0.152573,,,
1787980006640,1.32714,0.45763,0.63855,-0.170516,0.779316,0.097401,,,
1787980006640,1.05412,0.07486,0.99430,0.029193,0.716653,0.193760,,,
1787980006640,0.54842,-0.04810,1.62494,-0.023598,0.524201,0.281348,,,
1787980006640,-0.40244,-0.09730,2.10909,-0.083996,0.653102,0.260513,,,
1787980006640,-1.19866,-0.22323,2.15651,-0.066382,1.172421,0.051766,,,
1787980006640,-1.30654,-0.01114,1.73778,0.262085,1.671030,-0.104243,,,
1787980006640,-1.30654,-0.01114,1.73778,0.262085,1.671030,-0.104243,,,
1787980006640,-1.52261,-0.03485,1.56960,0.404008,2.013083,-0.149384,,,
1787980006640,-1.40745,-0.11944,0.72344,0.292039,1.832130,-0.164040,,,
1787980006640,-1.30278,-0.06778,0.07524,0.088680,1.089337,-0.390915,,,
1787980006640,-1.19577,-0.62620,0.43634,-0.537755,0.234794,-0.665807,,,
1787980006640,-0.88857,-1.09684,-0.28920,-1.595525,0.770577,-0.752805,,,
1787980006640,1.01262,0.06012,-4.04404,-1.594022,1.028645,-0.622959,,,
1787980006640,1.01262,0.06012,-4.04404,-1.594022,1.028645,-0.622959,,,
1787980006640,1.38559,0.92617,-5.01448,-0.232621,0.240691,-0.650990,,,
1787980006640,0.18078,-0.00510,-1.33796,0.379349,-0.288302,-0.809232,,,
1787980006640,-0.05870,-0.73638,0.10746,-0.076743,-0.184021,-0.704256,,,
1787980006640,0.73529,-0.48820,-0.60032,-0.309848,-0.106021,-0.529692,,,
1787980006640,0.81254,-0.02765,-1.00282,-0.175414,-0.362806,-0.517452,,,
1787980006640,0.47981,0.32113,-0.06508,0.011395,-0.589766,-0.603766,,,
1787980006640,0.47981,0.32113,-0.06508,0.011395,-0.589766,-0.603766,,,
1787980006640,0.03943,0.34467,0.97078,0.092501,-0.549656,-0.623796,,,
1787980006640,-0.33875,0.41297,1.79476,0.176245,-0.326775,-0.601174,,,
1787980006640,-0.30437,0.45049,2.08545,0.305035,0.064137,-0.453409,,,
1787980006640,-0.28921,0.54917,2.06214,0.310157,0.336620,-0.277112,,,
1787980006640,-0.26283,0.49937,1.99572,0.124909,0.379277,-0.154520,,,
1787980006640,0.11213,0.20798,1.50000,-0.393255,0.485719,0.042931,,,
1787980006640,0.11213,0.20798,1.50000,-0.393255,0.485719,0.042931,,,
1787980006640,0.70211,0.36342,0.27842,-0.892622,0.624918,0.249014,,,
1787980006640,0.94329,0.74311,-1.11925,-1.009000,0.500415,0.342188,,,
1787980006640,0.51334,0.36608,-0.63533,-1.316507,0.500013,0.233385,,,
1787980006640,1.30171,0.45598,-0.91509,-1.786049,0.784959,0.194515,,,
1787980006640,1.97419,0.66688,-2.34438,-1.368750,0.944191,0.339751,,,
1787980006640,1.41230,0.56985,-1.60802,-0.429698,0.520429,0.362685,,,
1787980006640,1.41230,0.56985,-1.60802,-0.429698,0.520429,0.362685,,,
1787980006640,0.78140,0.35499,0.38062,-0.208573,0.126419,0.192482,,,
1787980006640,0.94983,0.19394,1.49100,-0.412647,0.196850,0.101649,,,
1787980006640,1.52468,0.24973,1.18404,-0.384188,0.567440,0.222541,,,
1787980006640,1.39241,0.34301,1.20412,-0.288755,0.833029,0.420435,,,
1787980006640,0.46464,0.33935,1.65287,-0.393985,0.782107,0.446036,,,
1787980006640,-0.61112,0.14507,1.94411,-0.579896,0.715230,0.362136,,,
1787980006640,-0.61112,0.14507,1.94411,-0.579896,0.715230,0.362136,,,
1787980006640,-1.03405,-0.02940,1.67664,-0.636217,0.855290,0.271373,,,
1787980006640,-1.11995,-0.40657,1.10724,-0.590375,1.135912,0.188302,,,
1787980006640,-0.78168,-0.83303,0.35240,-0.474041,1.214422,0.244310,,,
1787980006640,-0.36982,-1.19633,-0.22729,-0.489165,1.054964,0.301438,,,
1787980006640,-0.24571,-1.45663,-0.94530,-0.615115,0.825090,0.303335,,,
1787980006640,0.25817,-1.58655,-2.32402,-0.414821,0.529766,0.328212,,,
1787980006640,0.25817,-1.58655,-2.32402,-0.414821,0.529766,0.328212,,,
1787980006640,0.29954,-1.60946,-2.46205,-0.195547,0.254686,0.308542,,,
1787980006640,0.38923,-1.47003,-2.03436,-0.292289,0.068427,0.214367,,,
1787980006640,1.29538,-1.09721,-2.91719,-0.337087,0.109095,0.189602,,,
1787980006640,1.42088,-0.32087,-3.64595,0.227145,-0.345771,0.308605,,,
1787980006640,0.19134,0.13807,-2.06341,0.824109,-0.728503,0.323617,,,
1787980006640,-0.70670,0.50955,0.04231,0.844907,-0.504604,0.238186,,,
1787980006640,-0.70670,0.50955,0.04231,0.844907,-0.504604,0.238186,,,
1787980006640,-0.12241,0.86660,0.02546,0.752663,-0.045135,0.138005,,,
1787980006640,1.23419,1.17542,-0.31414,0.925618,0.300256,0.147533,,,
1787980006640,1.47119,1.42452,0.21574,0.932778,0.274733,0.366926,,,
1787980006640,0.01157,1.64585,1.38086,0.549625,-0.220947,0.310572,,,
1787980006640,-0.85956,1.65089,1.79780,0.098908,-0.638553,0.082122,,,
1787980006640,-1.32716,1.63094,1.65076,-0.042145,-0.579535,-0.023662,,,
1787980006640,-1.32716,1.63094,1.65076,-0.042145,-0.579535,-0.023662,,,
1787980006640,-1.43376,1.65983,1.63007,0.032536,-0.227351,-0.085793,,,
1787980006640,-1.46110,1.60636,1.71957,0.107408,0.143570,-0.109328,,,
1787980006640,-1.57011,1.36300,1.74039,0.045938,0.368930,-0.141056,,,
1787980006640,-1.03316,1.08570,1.52228,-0.189472,0.687661,-0.208658,,,
1787980006640,0.28781,0.68544,0.71300,-0.595693,0.982608,-0.207454,,,
1787980006640,1.72292,0.68894,-0.44947,-0.846829,0.503414,0.022756,,,
1787980006640,1.72292,0.68894,-0.44947,-0.846829,0.503414,0.022756,,,
1787980006640,0.96965,0.23884,-0.41902,-1.087318,-0.088629,-0.003533,,,
1787980006640,1.06600,-0.02653,-0.40441,-1.455368,-0.007912,-0.074713,,,
1787980006640,1.82498,-0.08476,-1.18201,-1.532881,0.316121,0.073062,,,
1787980006640,1.60603,-0.17212,-1.87284,-1.104784,-0.079469,0.104350,,,
1787980006640,0.99256,-0.40637,-0.92135,-0.595637,-0.583502,0.082667,,,
1787980006640,0.57157,-0.44337,0.49727,-0.332346,-0.366457,0.152648,,,
1787980006640,0.57157,-0.44337,0.49727,-0.332346,-0.366457,0.152648,,,
1787980006640,0.95078,-0.22633,0.66535,-0.095651,0.245920,0.280435,,,
1787980006640,1.37579,0.17078,0.95510,-0.027697,0.646892,0.376311,,,
1787980006640,1.08434,0.24880,1.01912,-0.164245,0.617427,0.408275,,,
1787980006640,-0.01680,0.24692,1.29113,-0.302107,0.293834,0.335950,,,
1787980006640,-0.83374,0.06155,1.49268,-0.369307,0.205987,0.222571,,,
1787980006640,-1.09964,-0.37392,1.53714,-0.480931,0.310116,0.145724,,,
1787980006640,-1.09964,-0.37392,1.53714,-0.480931,0.310116,0.145724,,,
1787980006640,-0.96290,-0.66844,1.13297,-0.561400,0.379631,0.082255,,,
1787980006640,-0.72819,-1.00341,0.60676,-0.589537,0.317772,0.042673,,,
1787980006640,-0.53625,-1.28298,0.22965,-0.598219,0.221756,0.067586,,,
1787980006640,-0.33046,-1.42170,-0.30089,-0.556088,0.081697,0.116054,,,
1787980006640,-0.10837,-1.49938,-0.61741,-0.443996,0.009752,0.160069,,,
1787980006640,0.40554,-1.35607,-0.88547,-0.319244,0.013943,0.235462,,,
1787980006640,0.40554,-1.35607,-0.88547,-0.319244,0.013943,0.235462,,,
1787980006640,0.56608,-1.21576,-0.94433,-0.294793,0.052900,0.305583,,,
1787980006640,1.13003,-0.89614,-1.39930,-0.400605,0.101719,0.292372,,,
1787980006640,1.54070,-0.62117,-1.88733,-0.376024,0.014573,0.319635,,,
1787980006640,1.51874,-0.13786,-2.13583,-0.055065,-0.238728,0.409384,,,
1787980006640,0.92252,0.32957,-1.48909,0.384863,-0.583794,0.474974,,,
1787980006640,-0.35279,0.72708,0.11430,0.670114,-0.580451,0.443255,,,
1787980006640,-0.35279,0.72708,0.11430,0.670114,-0.580451,0.443255,,,
1787980006640,-0.76566,1.00693,0.85748,0.773647,-0.200379,0.357531,,,
1787980006640,-0.25637,1.41862,1.08366,0.728084,0.289640,0.257923,,,
1787980006640,0.09330,1.62578,0.80667,0.583284,0.502297,0.174375,,,
1787980006640,0.26293,1.80261,0.28833,0.407285,0.421133,-0.011446,,,
1787980006640,0.22426,1.98879,0.06030,0.312687,0.087120,-0.261249,,,
1787980006640,0.00134,1.79137,0.10385,0.334064,-0.033213,-0.335330,,,
1787980006640,0.00134,1.79137,0.10385,0.334064,-0.033213,-0.335330,,,
1787980006640,-0.53430,1.62467,0.21121,0.457540,0.072010,-0.347977,,,
1787980006640,-1.14344,1.28034,0.82792,0.548421,0.186550,-0.412452,,,
1787980006640,-1.20367,0.88082,1.41600,0.286859,0.300855,-0.342817,,,
1787980006640,-1.19475,0.47925,1.44892,-0.218487,0.252933,-0.250317,,,
1787980006640,-1.03532,0.26425,0.80071,-0.614793,0.116973,-0.165949,,,
1787980006640,-0.29693,0.13655,0.08007,-0.896220,0.005717,-0.071604,,,
1787980006640,-0.29693,0.13655,0.08007,-0.896220,0.005717,-0.071604,,,
1787980006640,0.70237,0.15165,-0.43129,-1.241343,-0.121171,0.051269,,,
1787980006640,1.27080,0.11324,-1.30439,-1.445144,-0.542847,0.161257,,,
1787980006640,0.84127,0.03996,-1.10427,-1.569662,-1.105945,0.233377,,,
1787980006640,-0.05688,-0.10326,-0.45814,-1.763735,-1.353450,0.175564,,,
1787980006640,0.04780,-0.17992,-0.44690,-1.874991,-1.175043,0.152591,,,
1787980006640,-0.02401,-0.18911,-1.17963,-1.542397,-0.922203,0.154179,,,
1787980006640,-0.02401,-0.18911,-1.17963,-1.542397,-0.922203,0.154179,,,
1787980006640,-0.24366,-0.34655,-1.04780,-0.921205,-0.725852,0.046958,,,
1787980006640,-0.21551,-0.63524,-0.50554,-0.288965,-0.458322,-0.031167,,,
1787980006640,0.26163,-0.66237,-0.10141,0.301993,0.023855,0.104802,,,
1787980006640,1.04978,-0.39996,0.54973,0.655409,0.561774,0.359147,,,
1787980006640,1.56972,0.02356,0.87672,0.538257,0.854705,0.586995,,,
1787980006640,1.98970,0.71668,1.01747,0.155048,0.626017,0.699264,,,
1787980006640,1.98970,0.71668,1.01747,0.155048,0.626017,0.699264,,,
1787980006640,1.44465,1.01117,1.01525,-0.178981,0.151978,0.625228,,,
1787980006640,0.60779,1.17006,1.31452,-0.376862,-0.145394,0.405001,,,
1787980006640,0.21545,1.00878,1.55931,-0.431441,-0.137459,0.231597,,,
1787980006640,-0.11368,0.76545,1.47522,-0.368349,0.134204,0.119782,,,
1787980006640,-0.22573,0.50135,1.25337,-0.261681,0.473533,0.004397,,,
1787980006640,-0.21908,0.16744,0.87698,-0.180909,0.602969,-0.077217,,,
1787980006640,-0.21908,0.16744,0.87698,-0.180909,0.602969,-0.077217,,,
1787980006640,-0.25367,-0.08831,0.69214,-0.169433,0.598793,-0.205713,,,
1787980006640,0.40201,-0.45776,0.54780,-0.301206,0.566546,-0.190282,,,
1787980006640,0.78687,-0.61660,0.12652,-0.492831,0.407695,-0.031712,,,
1787980006640,0.78994,-0.76497,-0.49222,-0.482900,0.109639,0.019858,,,
1787980006640,0.77601,-0.84911,-0.44525,-0.403017,-0.051245,0.119407,,,
1787980006640,0.52425,-0.70218,-0.22425,-0.315685,-0.057579,0.240775,,,
1787980006640,0.52425,-0.70218,-0.22425,-0.315685,-0.057579,0.240775,,,
1787980006640,0.42227,-0.57805,-0.06080,-0.207256,-0.054560,0.283987,,,
1787980006640,0.36470,-0.43931,0.30574,-0.187352,-0.061929,0.328656,,,
1787980006640,0.22321,-0.37168,0.49396,-0.221464,-0.115662,0.335147,,,
1787980006640,0.01970,-0.32773,0.59204,-0.231211,-0.166460,0.302104,,,
1787980006640,-0.08641,-0.34164,0.69098,-0.232226,-0.176450,0.231383,,,
1787980006640,0.17263,-0.40325,0.75205,-0.241049,-0.109512,0.177378,,,
1787980006640,0.17263,-0.40325,0.75205,-0.241049,-0.109512,0.177378,,,
1787980006640,0.35151,-0.47920,0.76471,-0.258357,-0.086753,0.149110,,,
1787980006640,0.49586,-0.58928,0.79942,-0.292010,-0.064115,0.160288,,,
1787980006640,0.57237,-0.80551,0.67932,-0.304590,-0.041253,0.178397,,,
1787980006640,0.68408,-0.89353,0.63456,-0.314775,-0.028938,0.227129,,,
1787980006640,0.67732,-0.99346,0.58729,-0.296938,-0.085532,0.242643,,,
1787980006640,0.55935,-1.18261,0.44274,-0.140219,-0.049177,0.254670,,,
1787980006640,0.55935,-1.18261,0.44274,-0.140219,-0.049177,0.254670,,,
1787980006640,0.61106,-1.09760,0.57087,-0.114390,0.184914,0.287269,,,
1787980006640,1.24875,-0.49284,0.21977,-0.320323,0.550912,0.284771,,,
1787980006640,1.37109,-0.15279,-0.68516,-0.380924,0.248183,0.388011,,,
1787980006640,0.19373,0.11257,-1.05958,0.045579,-0.110599,0.342935,,,
1787980006640,-0.18186,0.14439,-0.14988,0.287733,0.039221,0.379559,,,
1787980006640,-0.49833,0.29275,0.38783,0.313655,0.198561,0.493640,,,
1787980006640,-0.49833,0.29275,0.38783,0.313655,0.198561,0.493640,,,
1787980006640,-0.59777,0.56877,0.47811,0.235051,0.263573,0.516719,,,
1787980006640,-0.50465,0.80745,0.43578,0.077578,0.244942,0.524036,,,
1787980006640,-0.45931,0.98629,0.41028,-0.183378,0.181869,0.497928,,,
1787980006640,-0.29521,1.24807,-0.00026,-0.407164,0.050977,0.421433,,,
1787980006640,-0.29628,1.36872,-0.33901,-0.444203,-0.041321,0.336210,,,
1787980006640,-0.48367,1.35002,-0.55543,-0.320823,-0.021677,0.270130,,,
1787980006640,-0.48367,1.35002,-0.55543,-0.320823,-0.021677,0.270130,,,
1787980006640,-0.74322,1.23635,-0.28173,-0.240285,0.088575,0.195469,,,
1787980006640,-0.80292,1.06706,-0.23562,-0.259636,0.158424,0.085400,,,
1787980006640,-0.60614,0.90720,-0.44082,-0.256795,0.121300,-0.026270,,,
1787980006640,-0.15041,0.64236,-0.47136,-0.263101,0.105493,-0.050975,,,
1787980006640,0.04844,0.48150,-0.46536,-0.326563,0.099536,0.012216,,,
1787980006640,-0.15910,0.33275,-0.52969,-0.376000,-0.028796,0.038371,,,
1787980006640,-0.15910,0.33275,-0.52969,-0.376000,-0.028796,0.038371,,,
1787980006640,-0.42963,0.16943,-0.40706,-0.391063,-0.155654,0.040757,,,
1787980006640,-0.58369,0.00153,-0.26192,-0.394601,-0.103249,0.050403,,,
1787980006640,-0.56037,-0.10926,-0.31819,-0.393453,-0.030338,0.076903,,,
1787980006640,-0.52675,-0.09698,-0.40747,-0.398077,-0.010411,0.057517,,,
1787980006640,-0.40890,-0.11667,-0.46011,-0.422042,-0.004815,0.030879,,,
1787980006640,-0.40606,-0.10878,-0.70075,-0.400695,-0.048760,-0.002390,,,
1787980006640,-0.40606,-0.10878,-0.70075,-0.400695,-0.048760,-0.002390,,,
1787980006640,-0.46696,-0.17468,-0.79904,-0.295612,-0.056511,-0.068719,,,
1787980006640,-0.47736,-0.27697,-0.75580,-0.148829,0.000416,-0.112338,,,
1787980006640,-0.46846,-0.39119,-0.62983,-0.026452,0.068387,-0.142879,,,
1787980006640,-0.45672,-0.56100,-0.42043,0.010063,0.097029,-0.139084,,,
1787980006640,-0.45015,-0.63606,-0.41263,-0.002867,0.093634,-0.135814,,,
1787980006640,-0.37491,-0.77582,-0.51865,-0.004823,0.079039,-0.101226,,,
1787980006640,-0.37491,-0.77582,-0.51865,-0.004823,0.079039,-0.101226,,,
1787980006640,-0.36007,-0.87371,-0.55096,-0.029925,-0.006021,-0.013899,,,
1787980006640,-0.53691,-0.91451,-0.61840,-0.053080,-0.089167,0.031667,,,
1787980006640,-0.37377,-0.91744,-0.67432,-0.088489,-0.127051,0.140861,,,
1787980006640,0.25820,-0.67664,-0.87148,-0.198781,-0.035625,0.169354,,,
1787980006640,1.23179,-0.36682,-1.41460,-0.371334,0.075985,0.296763,,,
1787980006640,1.04700,0.01753,-1.89386,-0.321109,-0.317692,0.362874,,,
1787980006640,1.04700,0.01753,-1.89386,-0.321109,-0.317692,0.362874,,,
1787980006640,0.12661,0.12238,-1.29991,-0.110725,-0.758506,0.233981,,,
1787980006640,-0.51940,0.14910,-0.38129,0.117485,-0.763076,0.120867,,,
1787980006640,-0.45483,0.28426,-0.10109,0.491708,-0.502084,0.102742,,,
1787980006640,-0.32505,0.40130,0.60259,0.770157,-0.293218,0.095466,,,
1787980006640,0.00066,0.55880,1.11897,0.769843,-0.108674,0.065742,,,
1787980006640,0.45807,0.66620,1.44134,0.500872,-0.044324,0.137962,,,
1787980006640,0.45807,0.66620,1.44134,0.500872,-0.044324,0.137962,,,
1787980006640,0.39228,0.88833,1.18752,0.262182,-0.048694,0.196559,,,
1787980006640,-0.03359,1.15477,0.92920,0.165005,-0.088895,0.120360,,,
1787980006640,-0.31112,1.16667,0.92925,0.134032,-0.135504,-0.042342,,,
1787980006640,-0.26799,1.02429,0.91374,0.114423,-0.044987,-0.185269,,,
1787980006640,-0.20600,0.94207,0.79265,0.100307,0.115426,-0.314127,,,
1787980006640,-0.13922,0.77991,0.51757,0.115055,0.232816,-0.487948,,,
1787980006640,-0.13922,0.77991,0.51757,0.115055,0.232816,-0.487948,,,
1787980006640,0.01498,0.43971,0.30481,0.133035,0.293001,-0.652784,,,
1787980006640,0.30365,-0.02262,-0.04345,0.141146,0.283410,-0.692750,,,
1787980006640,0.26631,-0.30168,-0.31832,0.209360,0.164848,-0.703056,,,
1787980006640,0.07576,-0.52668,-0.45621,0.383766,0.091373,-0.708936,,,
1787980006640,0.03199,-0.73975,-0.24924,0.520072,0.148152,-0.651639,,,
1787980006640,0.24646,-0.79402,-0.17474,0.553944,0.231652,-0.552882,,,
1787980006640,0.24646,-0.79402,-0.17474,0.553944,0.231652,-0.552882,,,
1787980006640,0.41320,-0.69549,-0.20984,0.514948,0.182057,-0.477788,,,
1787980006640,0.51297,-0.58833,-0.34361,0.454322,0.013141,-0.414498,,,
1787980006640,0.27802,-0.46612,-0.31519,0.451679,-0.137842,-0.401535,,,
1787980006640,-0.05027,-0.38381,-0.18389,0.530777,-0.148745,-0.384028,,,
1787980006640,-0.28393,-0.30733,-0.03007,0.650824,-0.069222,-0.389577,,,
1787980006640,-0.37549,-0.26687,0.19287,0.680306,0.006568,-0.419103,,,
1787980006640,-0.37549,-0.26687,0.19287,0.680306,0.006568,-0.419103,,,
1787980006640,-0.32446,-0.23577,0.17342,0.665046,-0.007137,-0.471578,,,
1787980006640,-0.17916,-0.18856,-0.02344,0.678020,-0.073848,-0.554963,,,
1787980006640,-0.14584,-0.13587,-0.02111,0.689963,0.014184,-0.570349,,,
1787980006640,0.62984,-0.04080,-0.36606,0.686196,0.177221,-0.583650,,,
1787980006640,1.12020,0.01306,-0.66364,0.674853,0.122619,-0.515576,,,
1787980006640,0.59563,0.11087,-0.58028,0.783888,-0.168269,-0.444700,,,
1787980006640,0.59563,0.11087,-0.58028,0.783888,-0.168269,-0.444700,,,
1787980006640,-0.17152,0.15468,0.22800,0.837812,-0.154577,-0.443964,,,
1787980006640,-0.42328,0.13537,0.57974,0.828121,0.028776,-0.412735,,,
1787980006640,-0.43637,0.25959,0.57921,0.808374,0.149835,-0.319172,,,
1787980006640,-0.32725,0.34454,0.57489,0.677714,0.191102,-0.282765,,,
1787980006640,-0.09820,0.42353,0.34671,0.442011,0.083009,-0.263205,,,
1787980006640,0.09110,0.63222,-0.13259,0.291177,-0.081914,-0.265475,,,
1787980006640,0.09110,0.63222,-0.13259,0.291177,-0.081914,-0.265475,,,
1787980006640,0.00039,0.70436,-0.35828,0.305948,-0.210355,-0.260049,,,
1787980006640,-0.38895,0.75514,-0.19061,0.396449,-0.223738,-0.268977,,,
1787980006640,-0.67655,0.72989,0.16456,0.406853,-0.169279,-0.327136,,,
1787980006640,-0.76257,0.63096,0.31967,0.342881,-0.128096,-0.403909,,,
1787980006640,-0.68815,0.56038,0.13252,0.288471,-0.097302,-0.488083,,,
1787980006640,-0.39816,0.38716,-0.18749,0.318194,-0.058227,-0.560505,,,
1787980006640,-0.39816,0.38716,-0.18749,0.318194,-0.058227,-0.560505,,,
1787980006640,-0.15751,0.19569,-0.31027,0.361362,-0.054541,-0.575602,,,
1787980006640,-0.05978,-0.00440,-0.34702,0.367386,-0.102898,-0.565195,,,
1787980006640,-0.00324,-0.09487,-0.41836,0.387963,-0.149578,-0.561709,,,
1787980006640,0.09870,-0.09407,-0.44667,0.445576,-0.085460,-0.544196,,,
1787980006640,0.26051,-0.08466,-0.46835,0.501621,0.016763,-0.496619,,,
1787980006640,0.42126,-0.01310,-0.50717,0.567350,0.012303,-0.444522,,,
1787980006640,0.42126,-0.01310,-0.50717,0.567350,0.012303,-0.444522,,,
1787980006640,0.35703,0.03335,-0.36996,0.607237,-0.025480,-0.366050,,,
1787980006640,-0.03076,0.10589,-0.01588,0.638701,-0.074180,-0.332519,,,
1787980006640,-0.25586,0.14810,0.35264,0.591238,-0.016633,-0.302964,,,
1787980006640,-0.39233,0.21785,0.38155,0.518532,0.054520,-0.293161,,,
1787980006640,-0.32853,0.27352,0.24886,0.439412,0.053068,-0.304426,,,
1787980006640,-0.21826,0.34324,0.03714,0.370938,-0.001750,-0.335208,,,
1787980006640,-0.21826,0.34324,0.03714,0.370938,-0.001750,-0.335208,,,
1787980006640,-0.12915,0.38158,-0.07842,0.343230,-0.064871,-0.350014,,,
1787980006640,-0.02626,0.42024,-0.20126,0.373319,-0.071689,-0.361491,,,
1787980006640,0.10906,0.38285,-0.20250,0.395883,-0.044419,-0.349104,,,
1787980006640,0.21209,0.40221,-0.11888,0.382427,-0.065765,-0.330347,,,
1787980006640,0.26496,0.34613,0.00589,0.361439,-0.117432,-0.318966,,,
1787980006640,0.34943,0.22167,0.16908,0.367167,-0.122094,-0.244078,,,
1787980006640,0.34943,0.22167,0.16908,0.367167,-0.122094,-0.244078,,,
1787980006640,0.17906,0.19646,0.36737,0.362382,-0.077268,-0.176983,,,
1787980006640,0.12474,0.17663,0.60923,0.276302,-0.062329,-0.155304,,,
1787980006640,0.18207,0.13147,0.59074,0.165323,-0.087461,-0.152794,,,
1787980006640,0.18581,0.09551,0.54324,0.060343,-0.158175,-0.140592,,,
1787980006640,0.02477,0.06495,0.50982,0.023682,-0.129416,-0.154496,,,
1787980006640,-0.00195,-0.00616,0.38030,0.010163,-0.033854,-0.153201,,,
1787980006640,-0.00195,-0.00616,0.38030,0.010163,-0.033854,-0.153201,,,
1787980006640,0.08471,-0.07288,0.19395,0.025892,-0.046349,-0.150736,,,
1787980006640,0.13029,-0.15783,0.21473,-0.004224,-0.076277,-0.143397,,,
1787980006640,0.38185,-0.20096,0.16730,-0.057232,-0.079539,-0.098726,,,
1787980006640,0.72433,-0.24375,-0.18056,-0.054290,-0.146097,0.001170,,,
1787980006640,0.92649,-0.37496,-0.26581,-0.099170,-0.416252,0.054028,,,
1787980006640,1.30213,-0.70805,-1.19974,-0.057477,-1.018845,0.228763,,,
1787980006640,1.30213,-0.70805,-1.19974,-0.057477,-1.018845,0.228763,,,
1787980006640,1.17793,-0.77276,-1.37512,0.143569,-1.383785,0.418886,,,
1787980006640,0.85267,-0.69558,-1.97585,0.400735,-1.640041,0.606222,,,
1787980006640,0.58573,-0.41909,-1.85873,0.755782,-1.562901,0.621589,,,
1787980006640,-0.29581,-0.25359,-1.09735,1.091487,-1.466300,0.524805,,,
1787980006640,-0.02574,0.00271,-0.24741,1.082455,-1.230402,0.549811,,,
1787980006640,-0.33896,0.49059,-0.26918,0.994423,-1.397724,0.434195,,,
1787980006640,-0.33896,0.49059,-0.26918,0.994423,-1.397724,0.434195,,,
1787980006640,-0.30602,0.77830,-0.22562,0.790419,-1.737340,0.123529,,,
1787980006640,-0.57362,0.90059,-0.12538,0.615909,-1.859039,-0.067927,,,
1787980006640,-0.75717,0.90307,0.16266,0.474909,-1.702352,-0.291757,,,
1787980006640,-0.54709,0.95777,0.05270,0.510614,-1.541322,-0.339531,,,
1787980006640,-0.17072,0.95087,0.45209,0.380594,-1.371027,-0.427296,,,
1787980006640,-0.06222,0.75216,0.64440,0.138304,-1.444046,-0.403626,,,
1787980006640,-0.06222,0.75216,0.64440,0.138304,-1.444046,-0.403626,,,
1787980006640,-0.08132,0.57091,0.55066,0.026239,-1.374024,-0.486673,,,
1787980006640,0.06098,0.29824,0.62277,-0.051924,-1.191999,-0.438874,,,
1787980006640,0.02628,0.09747,0.59212,0.067442,-0.815931,-0.346942,,,
1787980006640,-0.30155,0.03921,0.95537,0.121340,-0.417042,-0.286937,,,
1787980006640,-0.35021,0.02402,0.92717,0.075461,-0.220375,-0.295204,,,
1787980006640,-0.37633,-0.07778,0.99878,0.008304,-0.200682,-0.339232,,,
1787980006640,-0.37633,-0.07778,0.99878,0.008304,-0.200682,-0.339232,,,
1787980006640,-0.28672,-0.20154,1.00024,-0.072562,-0.204615,-0.436052,,,
1787980006640,-0.03748,-0.41060,1.09069,-0.085017,-0.043292,-0.522756,,,
1787980006640,0.45563,-0.47418,0.33282,0.119360,0.310011,-0.462016,,,
1787980006640,0.26859,-1.06190,0.74896,0.298774,0.623714,-0.222965,,,
1787980006640,0.38456,-1.01798,0.64535,0.068975,0.548960,-0.144642,,,
1787980006640,-0.06228,-0.71303,0.15606,-0.058820,0.410637,-0.204330,,,
1787980006640,-0.06228,-0.71303,0.15606,-0.058820,0.410637,-0.204330,,,
1787980006640,-0.19924,-0.69389,-0.03216,0.027107,0.325411,-0.178405,,,
1787980006640,-0.38865,-0.66328,0.06580,0.177626,0.399068,-0.171370,,,
1787980006640,-0.39749,-0.73727,0.14029,0.224008,0.463423,-0.182105,,,
1787980006640,-0.27810,-0.64284,0.19284,0.239607,0.471919,-0.167705,,,
1787980006640,-0.03295,-0.71031,0.08448,0.236591,0.396896,-0.068438,,,
1787980006640,0.30124,-0.94278,0.19526,-0.046128,0.055469,0.000022,,,
1787980006640,0.30124,-0.94278,0.19526,-0.046128,0.055469,0.000022,,,
1787980006640,-0.08841,-0.63341,-0.66759,0.126339,-0.080880,-0.046864,,,
1787980006640,-0.20866,-0.77330,0.02745,0.080964,0.049386,-0.056707,,,
1787980006640,-0.01261,-0.59819,-0.05559,-0.251106,0.126006,-0.052834,,,
1787980006640,0.09045,-0.18118,-0.81893,-0.153710,-0.067051,-0.147178,,,
1787980006640,0.49533,-0.20525,-0.10885,-0.103015,-0.297023,-0.153144,,,
1787980006640,0.28062,-0.54900,0.50663,-0.115057,-0.327890,0.053988,,,
1787980006640,0.28062,-0.54900,0.50663,-0.115057,-0.327890,0.053988,,,
1787980006640,0.14874,-0.32864,0.34045,-0.071421,-0.351115,0.178861,,,
1787980017337,-0.02065,0.09971,0.33272,-0.071594,-0.430060,0.258190,13.1254460,77.5899377,19.75
1787980017337,-0.04296,0.31653,0.25071,-0.093924,-0.406484,0.302490,,,
1787980017337,0.06201,0.66703,-0.08818,-0.073014,-0.238691,0.403131,,,
1787980017337,-0.03546,0.92200,-0.27380,0.024891,-0.053735,0.447110,,,
1787980017337,-0.06630,0.97528,-0.21922,0.034705,0.019764,0.382521,,,
1787980017337,-0.06630,0.97528,-0.21922,0.034705,0.019764,0.382521,,,
1787980017337,0.05303,0.89755,0.00478,-0.064086,-0.123397,0.236884,,,
1787980017337,-0.00794,0.53813,0.09757,-0.151239,-0.176703,0.076905,,,
1787980017337,0.18690,0.09255,0.03823,-0.161123,0.124980,-0.036211,,,
1787980017337,0.85022,0.10260,-0.12394,-0.058337,0.447175,0.030604,,,
1787980017337,0.45535,0.28883,-0.04446,-0.069688,0.266650,-0.132458,,,
1787980017337,0.42584,-0.04371,0.03577,-0.255112,-0.193850,-0.363385,,,
1787980017337,0.42584,-0.04371,0.03577,-0.255112,-0.193850,-0.363385,,,
1787980017337,0.37478,-0.66803,0.22664,-0.193671,-0.339438,-0.258340,,,
1787980017337,-0.12825,-0.86202,0.73144,0.011916,-0.016665,-0.109794,,,
1787980017337,-0.18372,-0.85558,0.93109,0.037204,0.203238,-0.050104,,,
1787980017337,-0.25552,-0.55745,0.84210,-0.049558,0.209468,-0.044388,,,
1787980017337,-0.40538,-0.42360,0.74392,-0.077118,0.145396,-0.184322,,,
1787980017337,-0.35255,-0.39140,0.68788,-0.103729,0.045845,-0.289287,,,
1787980017337,-0.35255,-0.39140,0.68788,-0.103729,0.045845,-0.289287,,,
1787980017337,-0.32946,-0.50246,0.63684,-0.111255,0.037829,-0.427879,,,
1787980017337,-0.23178,-0.68997,0.55241,-0.071835,0.192785,-0.505791,,,
1787980017337,-0.21548,-0.67520,0.42808,-0.009156,0.382700,-0.506108,,,
1787980017337,0.05866,-1.01884,-0.39078,0.114420,0.251748,-0.467244,,,
1787980017337,0.26404,-0.66138,-0.35836,0.101121,-0.070041,-0.466735,,,
1787980017337,0.18773,-0.65734,-0.47794,0.189756,-0.332680,-0.645702,,,
1787980017337,0.18773,-0.65734,-0.47794,0.189756,-0.332680,-0.645702,,,
1787980017337,0.14343,-0.96433,-0.28952,0.313154,-0.257377,-0.773619,,,
1787980017337,0.31689,-0.95514,-0.25776,0.185522,0.309621,-0.703521,,,
1787980017337,0.36088,-0.49317,-0.78362,0.250894,1.031471,-0.715708,,,
1787980017337,0.42277,0.83404,-0.70988,0.495722,1.113619,-0.873354,,,
1787980017337,-0.30352,0.52654,0.58841,0.463185,0.741173,-1.036821,,,
1787980017337,-0.63360,0.40166,1.53038,0.153270,0.470094,-0.973598,,,
1787980017337,-0.63360,0.40166,1.53038,0.153270,0.470094,-0.973598,,,
1787980017337,-1.24557,0.18256,1.37697,0.046736,0.049536,-0.920924,,,
1787980017337,-1.94347,-0.22593,1.08800,0.010937,-0.265394,-0.888617,,,
1787980017337,-1.56585,-0.49518,0.74965,-0.272361,-0.094084,-0.905637,,,
1787980017337,-0.78628,-0.80632,-1.73321,-0.331435,0.576063,-0.731461,,,
1787980017337,-0.23967,-0.84968,-2.88866,0.091626,1.035630,-0.450804,,,
1787980017337,0.24894,-0.51477,-2.28180,0.424200,0.881842,-0.222122,,,
1787980017337,0.24894,-0.51477,-2.28180,0.424200,0.881842,-0.222122,,,
1787980017337,0.07608,-0.63554,-1.20928,0.506046,0.515501,-0.117841,,,
1787980017337,0.32456,-0.51877,0.94130,0.202317,0.542340,0.253244,,,
1787980017337,-0.59161,-0.51501,1.69886,-0.026486,0.528820,0.703105,,,
1787980017337,-1.90860,-0.56086,2.16620,-0.284451,0.484823,0.448100,,,
1787980017337,-2.19404,-0.64781,1.57819,-0.315447,0.408484,-0.028905,,,
1787980017337,-1.28111,0.51885,1.44663,-0.185251,0.553559,-0.260858,,,
1787980017337,-1.28111,0.51885,1.44663,-0.185251,0.553559,-0.260858,,,
1787980017337,-1.01720,0.51694,0.98532,-0.239885,1.004689,-0.358977,,,
1787980017337,0.63866,0.32512,-0.23863,-0.302575,1.203226,-0.250983,,,
1787980017337,1.72949,0.32748,-0.86384,-0.603257,0.934761,0.148383,,,
1787980017337,2.16106,0.95738,-1.24176,-1.088100,0.315875,0.377511,,,
1787980017337,1.65990,0.92366,-1.13996,-1.870256,0.184248,0.176604,,,
1787980017337,2.23670,1.18936,-2.49477,-1.861233,-0.253981,0.162114,,,
1787980017337,2.23670,1.18936,-2.49477,-1.861233,-0.253981,0.162114,,,
1787980017337,1.39395,0.85156,-2.07236,-0.797856,-0.755881,0.335835,,,
1787980017337,-0.17494,0.66565,0.52010,-0.062207,-0.443349,0.409277,,,
1787980017337,-0.52372,0.59271,1.45106,0.103151,0.360058,0.358916,,,
1787980017337,-0.01870,0.72488,1.42762,0.050282,0.774589,0.254491,,,
1787980017337,0.18540,0.58171,1.16535,-0.091539,0.756525,0.093310,,,
1787980017337,0.09612,0.31337,1.22520,-0.255248,0.548291,-0.006946,,,
1787980017337,0.09612,0.31337,1.22520,-0.255248,0.548291,-0.006946,,,
1787980017337,-0.46852,-0.06742,1.34044,-0.424217,0.352603,-0.014111,,,
1787980017337,-1.29813,-0.35313,1.25673,-0.477919,0.410848,-0.060929,,,
1787980017337,-1.68799,-0.73577,1.07726,-0.496632,0.678577,-0.223753,,,
1787980017337,-1.58973,-1.15069,0.63458,-0.510476,0.897084,-0.350721,,,
1787980017337,-1.03578,-1.41543,-0.04082,-0.680491,0.725547,-0.390525,,,
1787980017337,0.18392,-1.57459,-1.50616,-0.755149,0.484714,-0.195168,,,
1787980017337,0.18392,-1.57459,-1.50616,-0.755149,0.484714,-0.195168,,,
1787980017337,0.99273,-1.34645,-2.77235,-0.505389,0.467032,0.003396,,,
1787980017337,1.40283,-0.99824,-3.25654,-0.148001,0.247241,0.143711,,,
1787980017337,1.08995,-1.08327,-2.70756,0.057612,-0.246639,0.196921,,,
1787980017337,0.79140,-1.50629,-1.79802,-0.219902,-0.229869,0.109960,,,
1787980017337,1.77568,-1.44014,-2.57187,-0.344162,0.139962,0.106558,,,
1787980017337,1.81164,-0.79267,-3.20112,0.324578,-0.042654,0.387461,,,
1787980017337,1.81164,-0.79267,-3.20112,0.324578,-0.042654,0.387461,,,
1787980017337,-0.45823,0.62867,-1.58144,1.176568,-0.613571,0.725014,,,
1787980017337,-3.33571,0.74946,0.79150,1.443303,-0.581780,0.276745,,,
1787980017337,-3.57590,0.39110,1.28332,1.089769,0.077370,-0.385589,,,
1787980017337,-1.28828,0.46925,0.27218,0.766557,0.676185,-0.536999,,,
1787980017337,0.69992,0.70617,-0.73299,0.564334,1.100717,-0.227598,,,
1787980017337,1.58404,0.68469,-1.97989,0.895443,0.933252,0.282519,,,
1787980017337,1.58404,0.68469,-1.97989,0.895443,0.933252,0.282519,,,
1787980017337,1.06022,0.70027,-1.32388,1.236329,0.395124,0.533937,,,
1787980017337,-0.48925,0.37962,0.45020,1.057356,-0.119800,0.579815,,,
1787980017337,-1.16561,0.89247,1.65678,0.433813,-0.633646,0.571224,,,
1787980017337,-1.95791,1.09015,2.26670,-0.218621,-0.863667,0.430977,,,
1787980017337,-1.88763,1.36062,2.14248,-0.570736,-0.726810,0.354657,,,
1787980017337,-1.84902,1.78123,2.04720,-0.638140,-0.314443,0.337752,,,
1787980017337,-1.84902,1.78123,2.04720,-0.638140,-0.314443,0.337752,,,
1787980017337,-1.79074,2.25970,2.14854,-0.709081,0.537699,0.175520,,,
1787980017337,-0.63498,2.61889,1.52085,-1.019678,1.682390,-0.267323,,,
1787980017337,1.32115,2.20488,-0.17676,-1.018327,2.213721,-0.438734,,,
1787980017337,2.55738,1.33604,-1.03394,-0.970089,1.959928,-0.708618,,,
1787980017337,3.21337,0.56179,-1.30536,-1.357526,0.633881,-1.006184,,,
1787980017337,2.79523,-0.69668,-1.77282,-1.313656,-0.914189,-0.732955,,,
1787980017337,2.79523,-0.69668,-1.77282,-1.313656,-0.914189,-0.732955,,,
1787980017337,1.19510,-0.85222,-1.24452,-0.722822,-1.254248,-0.303857,,,
1787980017337,0.13727,-0.57697,-0.20214,0.038430,-0.510614,-0.200910,,,
1787980017337,0.25625,-0.65093,0.73415,0.496261,0.258030,-0.169241,,,
1787980017337,0.43205,-0.77783,1.75440,0.483422,0.631879,-0.025818,,,
1787980017337,0.08323,-0.80367,2.15836,0.158457,0.598215,0.179191,,,
1787980017337,-0.93664,-0.71942,2.23963,-0.271524,0.578928,0.295589,,,
1787980017337,-0.93664,-0.71942,2.23963,-0.271524,0.578928,0.295589,,,
1787980017337,-1.55517,-0.58202,1.80473,-0.596642,0.598773,0.247318,,,
1787980017337,-1.81778,-0.61406,0.77945,-0.660287,0.641145,0.116703,,,
1787980017337,-1.77623,-0.86459,0.22907,-0.679081,0.568660,-0.045055,,,
1787980017337,-1.42651,-1.10879,-0.73571,-0.714127,0.367376,-0.127536,,,
1787980017337,-1.12156,-1.22888,-1.57859,-0.597408,0.201446,-0.189184,,,
1787980017337,0.13862,-1.04924,-2.47622,-0.443003,0.401701,-0.338968,,,
1787980017337,0.13862,-1.04924,-2.47622,-0.443003,0.401701,-0.338968,,,
1787980017337,1.32579,-0.97698,-3.22618,-0.335064,0.544642,-0.371965,,,
1787980017337,2.13878,-0.75136,-4.32992,-0.031822,0.548063,-0.374353,,,
1787980017337,2.96590,-0.86677,-4.06531,0.215461,0.190629,-0.517833,,,
1787980017337,2.60368,0.05190,-3.73191,0.787789,-0.472046,0.220234,,,
1787980017337,0.25835,-0.32626,-2.47889,1.526754,-0.759708,0.608044,,,
1787980017337,-1.08008,0.34435,-0.47411,1.567622,-0.298950,0.535243,,,
1787980017337,-1.08008,0.34435,-0.47411,1.567622,-0.298950,0.535243,,,
1787980017337,-0.30225,0.30723,-0.30841,1.167546,0.212702,0.285931,,,
1787980017337,1.44361,0.78235,-1.21366,1.028529,0.055119,0.402191,,,
1787980017337,1.06503,0.85254,-1.60505,1.491115,-0.306661,0.519170,,,
1787980017337,-0.28356,1.12273,-0.30680,2.006263,-0.415674,0.496595,,,
1787980017337,-1.32246,1.20380,0.67926,2.286408,-0.258812,0.406094,,,
1787980017337,-2.82671,1.56067,1.71851,2.406225,-0.060800,0.273962,,,
1787980017337,-2.82671,1.56067,1.71851,2.406225,-0.060800,0.273962,,,
1787980017337,-3.00386,2.09356,2.16429,2.374890,0.035512,0.138153,,,
1787980017337,-3.33100,2.90414,2.69291,2.099847,0.187569,0.049721,,,
1787980017337,-3.94382,3.41403,2.81603,1.656554,0.295048,-0.393384,,,
1787980017337,-3.71229,4.47023,3.52080,0.990915,0.473582,-0.887832,,,
1787980017337,-3.57614,4.61773,3.47997,0.214161,1.550716,-1.041715,,,
1787980017337,-3.17433,4.65481,1.77519,0.057694,3.134452,-1.442334,,,
1787980017337,-3.17433,4.65481,1.77519,0.057694,3.134452,-1.442334,,,
1787980017337,-1.44949,5.38968,0.75512,0.273991,3.463951,-2.143572,,,
1787980017337,0.55840,5.47461,1.49021,-0.193921,2.186191,-2.955163,,,
1787980017337,1.54723,4.47983,1.35299,-0.880471,0.821638,-3.297803,,,
1787980017337,2.78751,3.84626,0.98895,-1.242009,0.222662,-2.734935,,,
1787980017337,1.62255,4.10968,0.69375,-1.347590,-0.058580,-2.405082,,,
1787980017337,0.73940,5.22459,0.20658,-1.038962,0.187161,-3.042334,,,
1787980017337,0.73940,5.22459,0.20658,-1.038962,0.187161,-3.042334,,,
1787980017337,1.79118,4.83284,-0.11955,-0.511496,0.755783,-3.848523,,,
1787980017337,3.73504,2.84753,-0.09796,-0.103881,1.022868,-3.898997,,,
1787980017337,4.76025,1.23701,0.04941,-0.182396,0.890477,-3.255243,,,
1787980017337,4.63975,-0.33035,-0.37822,-0.551008,0.479703,-2.747165,,,
1787980017337,4.74265,-1.44718,-1.03998,-0.783462,-0.110954,-2.322532,,,
1787980017337,4.41985,-2.74918,-1.65126,-0.674405,-0.540230,-1.790543,,,
1787980017337,4.41985,-2.74918,-1.65126,-0.674405,-0.540230,-1.790543,,,
1787980017337,4.22846,-3.20860,-1.67504,-0.250614,-0.578957,-1.375258,,,
1787980017337,4.98934,-3.20240,-0.79825,0.305572,-0.317280,-1.133614,,,
1787980017337,5.63035,-3.20902,0.35818,0.302695,0.060749,-0.809948,,,
1787980017337,5.91867,-3.95241,0.58043,-0.290411,0.305841,-0.524117,,,
1787980017337,6.83508,-3.19227,-0.00933,-0.987232,-0.074842,-0.170855,,,
1787980017337,7.34598,-2.41252,-1.52775,-1.217190,-0.578265,0.268200,,,
1787980017337,7.34598,-2.41252,-1.52775,-1.217190,-0.578265,0.268200,,,
1787980017337,6.45478,-3.04036,-2.78044,-0.709199,-0.824863,0.895715,,,
1787980017337,5.36144,-2.52533,-3.23935,0.107723,-0.413344,1.870581,,,
1787980017337,4.24171,-0.54969,-2.91329,0.852179,0.136104,2.550109,,,
1787980017337,3.48754,1.19819,-2.34764,1.504316,0.567711,2.654887,,,
1787980017337,3.62728,2.23091,-1.30774,1.900300,0.740889,2.669551,,,
1787980017337,3.34905,1.81759,-0.41401,2.005808,0.560434,2.775708,,,
1787980017337,3.34905,1.81759,-0.41401,2.005808,0.560434,2.775708,,,
1787980017337,2.72245,2.19208,0.41989,1.716141,0.170233,3.229828,,,
1787980017337,0.45847,3.41221,0.43489,1.376901,-0.063574,3.687460,,,
1787980017337,-1.89242,4.55033,0.10326,1.278221,-0.131748,3.451056,,,
1787980017337,-4.10724,4.44320,-0.04689,1.258516,0.015026,2.705842,,,
1787980017337,-4.29742,4.64153,0.18443,1.116063,0.399683,1.899223,,,
1787980017337,-3.40399,5.04909,0.71583,0.590892,0.750462,1.433857,,,
1787980017337,-3.40399,5.04909,0.71583,0.590892,0.750462,1.433857,,,
1787980017337,-3.51861,5.41027,0.61465,-0.488171,0.782391,1.189396,,,
1787980017337,-3.81840,6.62820,-0.75254,-1.405544,0.286082,0.630633,,,
1787980017337,-4.37728,6.93195,-1.92417,-1.637037,-0.414736,-0.150009,,,
1787980017337,-3.23608,8.37599,-1.95899,-1.272302,-0.567021,-1.082867,,,
1787980017337,-3.15058,8.20839,-1.14538,-1.130687,-0.814862,-2.054255,,,
1787980017337,-3.37556,4.78809,-1.10795,-0.900683,-0.948031,-3.243600,,,
1787980017337,-3.37556,4.78809,-1.10795,-0.900683,-0.948031,-3.243600,,,
1787980017337,-0.87201,3.80930,0.18213,-0.570857,-1.034254,-3.561541,,,
1787980017337,1.02505,2.92828,1.30681,-0.490651,-0.357814,-2.971620,,,
1787980017337,1.23983,2.35965,1.13321,-0.565438,0.430971,-2.543777,,,
1787980017337,1.37458,1.88488,0.21923,-0.799282,0.592220,-2.293908,,,
1787980017337,1.42828,1.35928,-0.73143,-0.876613,0.201710,-1.996394,,,
1787980017337,0.77559,0.50618,-1.59789,-0.584658,-0.291795,-1.984300,,,
1787980017337,0.77559,0.50618,-1.59789,-0.584658,-0.291795,-1.984300,,,
1787980022807,1.11832,-0.06322,-1.28343,-0.164852,-0.348911,-2.122396,13.1252608,77.5899717,26.15
1787980022807,1.80599,-0.96715,-0.59784,0.100896,0.076040,-2.105158,,,
1787980022807,2.44834,-1.63134,-0.46390,0.194360,0.570282,-2.020495,,,
1787980022807,3.51830,-1.85586,-0.43662,0.152655,0.572318,-2.075397,,,
1787980022807,5.15026,-2.04408,0.15411,-0.045237,-0.149104,-2.170333,,,
1787980022807,6.90188,-2.71895,0.86390,-0.458100,-0.677735,-1.878490,,,
1787980022807,6.90188,-2.71895,0.86390,-0.458100,-0.677735,-1.878490,,,
1787980022807,7.89684,-2.99338,0.79003,-0.885198,-0.721523,-1.370350,,,
1787980022807,9.43296,-2.26250,0.22637,-0.893322,-0.487247,-0.712160,,,
1787980022807,9.58727,-2.74852,-0.18293,-0.495158,-0.303985,0.282993,,,
1787980022807,6.87839,-4.41708,-0.49051,-0.243928,-0.234406,1.368973,,,
1787980022807,5.80332,-3.39665,-0.71440,-0.040952,-0.178503,2.301986,,,
1787980022807,4.92566,-0.31031,-0.61898,0.254614,-0.181608,2.916943,,,
1787980022807,4.92566,-0.31031,-0.61898,0.254614,-0.181608,2.916943,,,
1787980022807,4.03021,1.07992,-0.16639,0.777851,0.069399,3.098619,,,
1787980022807,3.07655,1.68999,1.05542,0.710547,0.560763,3.177271,,,
1787980022807,2.05210,2.06643,0.74487,0.379872,0.812613,3.320682,,,
1787980022807,0.75687,2.55232,0.02723,0.224565,0.578506,3.429776,,,
1787980022807,-0.55976,3.26967,-0.13324,0.062895,0.259181,3.425737,,,
1787980022807,-1.83446,3.98781,-0.40807,-0.042991,0.104734,3.211032,,,
1787980022807,-1.83446,3.98781,-0.40807,-0.042991,0.104734,3.211032,,,
1787980022807,-2.56212,4.69416,-0.62673,-0.093522,0.283829,2.789027,,,
1787980022807,-2.43058,5.80914,-0.97801,-0.049607,0.565303,2.384948,,,
1787980022807,-2.52914,6.71917,-1.04008,-0.143819,0.572948,1.953913,,,
1787980022807,-3.22296,7.24127,-1.40287,-0.358927,0.318644,1.399741,,,
1787980022807,-4.23540,6.89685,-2.01290,-0.407315,0.135921,0.674997,,,
1787980022807,-4.07163,7.50649,-2.17043,-0.287780,0.251392,-0.157523,,,
1787980022807,-4.07163,7.50649,-2.17043,-0.287780,0.251392,-0.157523,,,
1787980022807,-3.89697,7.76994,-2.22006,-0.281390,0.367392,-1.084566,,,
1787980022807,-3.91763,6.07565,-3.05124,0.061752,0.414097,-2.061477,,,
1787980022807,-2.22451,4.53843,-2.98137,1.210057,0.437308,-2.409944,,,
1787980022807,-0.73998,4.04213,-0.67908,2.210841,0.300066,-2.355436,,,
1787980022807,-0.14075,4.13403,1.12770,2.102664,0.258224,-2.595766,,,
1787980022807,0.81728,2.76117,1.68934,1.413858,0.137169,-2.843231,,,
1787980022807,0.81728,2.76117,1.68934,1.413858,0.137169,-2.843231,,,
1787980022807,1.64512,1.52322,1.17683,0.763289,-0.193474,-2.660463,,,
1787980022807,1.75203,0.39255,0.20854,0.468495,-0.570132,-2.402447,,,
1787980022807,2.02056,-0.37390,0.09440,0.592030,-0.816925,-2.201285,,,
1787980022807,2.40719,-1.12911,0.89460,0.746097,-0.820014,-1.965168,,,
1787980022807,2.62382,-1.82640,1.66561,0.653149,-0.716111,-1.757327,,,
1787980022807,3.03420,-2.18141,2.55786,0.311539,-0.651640,-1.609370,,,
1787980022807,3.03420,-2.18141,2.55786,0.311539,-0.651640,-1.609370,,,
1787980022807,3.96011,-2.12355,2.99781,-0.138021,-0.737779,-1.539980,,,
1787980022807,4.76937,-2.71351,2.86695,-0.427205,-0.732120,-1.414124,,,
1787980022807,5.87018,-3.01366,2.82578,-0.502013,-0.475424,-1.244857,,,
1787980022807,8.84993,-2.20823,2.88096,-0.385135,0.183308,-0.939219,,,
1787980022807,9.55736,-2.95290,2.45178,-0.153208,0.425030,0.004560,,,
1787980022807,6.61096,-5.34061,1.56649,-0.171693,0.499061,1.215107,,,
1787980022807,6.61096,-5.34061,1.56649,-0.171693,0.499061,1.215107,,,
1787980022807,5.12914,-4.04431,0.99308,-0.493957,0.553881,2.051966,,,
1787980022807,4.12130,-1.51591,0.04288,-0.501662,0.467682,2.426440,,,
1787980022807,3.76060,-0.25745,-0.39995,-0.038196,0.676038,2.421726,,,
1787980022807,3.90233,0.56857,0.18677,0.253248,1.200909,2.529397,,,
1787980022807,3.54170,1.08729,0.11786,0.117314,1.482847,2.874973,,,
1787980022807,2.43802,2.04789,-0.55547,-0.136483,1.304075,3.189095,,,
1787980022807,2.43802,2.04789,-0.55547,-0.136483,1.304075,3.189095,,,
1787980022807,1.09937,3.02596,-1.30846,-0.364919,1.032551,3.224614,,,
1787980022807,-0.34312,3.61016,-2.13552,-0.543358,0.782990,3.092845,,,
1787980022807,-1.49370,4.14347,-2.82418,-0.540662,0.575495,2.679816,,,
1787980022807,-2.19151,4.69149,-3.39070,-0.334334,0.434968,2.077456,,,
1787980022807,-2.13092,5.20412,-3.70495,0.026656,0.451821,1.554464,,,
1787980022807,-1.27633,6.41975,-3.28058,0.172745,0.405362,1.274903,,,
1787980022807,-1.27633,6.41975,-3.28058,0.172745,0.405362,1.274903,,,
1787980022807,-1.76082,6.21448,-3.29512,0.190550,0.254202,1.128420,,,
1787980022807,-2.11252,6.57039,-3.30368,0.252579,0.240756,0.792641,,,
1787980022807,-1.99926,7.68556,-2.84509,0.041698,0.137700,0.305443,,,
1787980022807,-3.51843,6.87925,-3.29222,-0.138372,-0.413488,-0.618747,,,
1787980022807,-3.90790,4.86637,-3.52754,0.403878,-0.990194,-1.378438,,,
1787980022807,-3.44244,4.59511,-1.54104,0.910445,-1.265934,-1.636681,,,
1787980022807,-3.44244,4.59511,-1.54104,0.910445,-1.265934,-1.636681,,,
1787980022807,-3.19848,5.05730,0.04798,0.840193,-1.130636,-2.084609,,,
1787980022807,-2.45869,5.46520,0.61231,0.655248,-0.838713,-2.847525,,,
1787980022807,-1.27749,4.77875,0.39489,0.661213,-0.650306,-3.495324,,,
1787980022807,0.27153,3.95178,-0.24072,0.727502,-0.681929,-3.974445,,,
1787980022807,2.30761,2.75452,-0.15598,0.805732,-0.619540,-3.852474,,,
1787980022807,3.86090,1.11608,-0.01375,0.981311,-0.566086,-3.374480,,,
1787980022807,3.86090,1.11608,-0.01375,0.981311,-0.566086,-3.374480,,,
1787980022807,5.00292,0.07887,0.82215,1.230793,-0.669306,-2.869160,,,
1787980022807,5.16058,-1.34676,2.17430,1.112252,-0.656182,-2.449207,,,
1787980022807,5.60463,-2.04204,2.90392,0.687871,-0.583982,-1.909888,,,
1787980022807,6.26871,-1.48213,3.26919,0.252379,-0.732616,-1.544439,,,
1787980022807,6.83033,-1.59322,3.31676,0.046086,-1.008507,-1.465929,,,
1787980022807,8.13219,-2.87600,3.86520,0.086019,-0.780295,-1.272138,,,
1787980022807,8.13219,-2.87600,3.86520,0.086019,-0.780295,-1.272138,,,
1787980022807,9.67483,-3.39409,4.40732,0.116190,-0.070622,-0.605837,,,
1787980022807,10.43299,-3.84995,4.51302,0.058708,0.639194,0.518892,,,
1787980022807,8.12887,-5.13764,4.09267,-0.191834,0.690949,1.742607,,,
1787980022807,5.03383,-4.34056,3.70059,-0.778751,0.633663,2.346781,,,
1787980022807,4.23513,-2.38034,2.86146,-1.096537,0.659663,2.561559,,,
1787980022807,4.91645,0.30729,2.34045,-1.045544,1.020753,2.711424,,,
1787980022807,4.91645,0.30729,2.34045,-1.045544,1.020753,2.711424,,,
1787980022807,5.27139,2.23415,2.10441,-1.182038,1.232153,2.967451,,,
1787980022807,4.67441,3.46984,0.87717,-1.310056,1.402290,3.268853,,,
1787980022807,3.26120,4.68844,-0.56251,-1.234106,1.458255,3.625418,,,
1787980022807,0.83584,4.87097,-1.51794,-1.162944,1.358246,3.313890,,,
1787980022807,0.21961,5.59187,-1.97967,-1.328817,1.006104,3.073446,,,
1787980022807,-1.27407,5.58030,-3.23704,-1.288733,0.802130,2.673463,,,
1787980022807,-1.27407,5.58030,-3.23704,-1.288733,0.802130,2.673463,,,
1787980022807,-1.56023,5.99907,-4.11970,-0.917157,0.777749,2.315166,,,
1787980022807,-1.87090,6.35128,-4.47266,-0.499997,0.773224,2.064310,,,
1787980022807,-1.63558,7.24355,-4.11245,-0.451116,0.586789,1.927014,,,
1787980022807,-2.99565,7.24895,-4.63337,-0.522273,0.224530,1.499678,,,
1787980022807,-3.25519,8.02521,-4.99531,-0.367801,-0.115970,0.615396,,,
1787980022807,-2.91934,9.13075,-4.65847,-0.199183,-0.614491,-0.405097,,,
1787980022807,-2.91934,9.13075,-4.65847,-0.199183,-0.614491,-0.405097,,,
1787980022807,-4.14582,6.78383,-4.81456,0.281689,-1.262275,-1.446186,,,
1787980022807,-3.66405,4.37227,-3.72725,1.380247,-1.482017,-2.020476,,,
1787980022807,-2.88245,4.85233,-0.86418,1.874780,-0.900838,-2.192929,,,
1787980022807,-1.97800,5.39417,1.42338,1.253361,0.093929,-2.523668,,,
1787980022807,-0.81335,4.97245,0.74597,0.526341,0.007542,-3.085274,,,
1787980022807,0.87510,4.74668,-0.37853,0.006822,-0.624809,-3.462329,,,
1787980022807,0.87510,4.74668,-0.37853,0.006822,-0.624809,-3.462329,,,
1787980022807,1.39764,3.51214,-0.93682,-0.340712,-1.362554,-3.622042,,,
1787980022807,1.94200,2.46129,-1.46588,-0.207271,-1.993349,-3.701429,,,
1787980022807,3.28287,1.55206,-0.90746,0.439953,-2.308347,-3.608957,,,
1787980022807,4.95513,0.11134,1.20819,1.151129,-2.379198,-3.471658,,,
1787980022807,6.41698,-0.98778,3.87636,0.332067,-2.321003,-3.113761,,,
1787980022807,7.38175,-2.39538,3.04326,-0.808310,-1.732020,-2.225525,,,
1787980022807,7.38175,-2.39538,3.04326,-0.808310,-1.732020,-2.225525,,,
1787980022807,7.75136,-2.10757,1.93103,-0.893886,-1.367578,-1.636703,,,
1787980022807,8.06749,-2.76215,1.67226,-0.705466,-1.229899,-1.659326,,,
1787980022807,10.59570,-3.14670,2.18873,-0.575153,-0.592903,-1.254485,,,
1787980022807,12.14276,-4.32321,1.63965,-0.287274,0.445060,-0.061698,,,
1787980022807,10.21841,-6.30091,0.88408,0.094285,0.971183,1.567253,,,
1787980022807,6.33544,-5.70583,0.56852,0.113660,1.071390,2.676414,,,
1787980022807,6.33544,-5.70583,0.56852,0.113660,1.071390,2.676414,,,
1787980022807,4.87995,-3.39940,0.62875,0.027534,1.042838,2.986329,,,
1787980022807,5.62053,-0.34611,0.95027,-0.052054,1.194297,3.025771,,,
1787980022807,6.60698,1.82119,1.29212,-0.199688,1.225206,3.344405,,,
1787980022807,6.74333,3.64496,1.58237,-0.658128,0.836386,3.823887,,,
1787980022807,4.99497,4.55333,1.01209,-0.911967,0.266828,4.395836,,,
1787980022807,1.46564,5.41996,0.53026,-1.123349,0.093805,4.245609,,,
1787980022807,1.46564,5.41996,0.53026,-1.123349,0.093805,4.245609,,,
1787980022807,-0.10270,6.51460,-0.46917,-1.231692,0.221314,4.037275,,,
1787980022807,-2.10986,6.78295,-1.96616,-0.946357,0.567699,3.634870,,,
1787980022807,-2.89966,7.23496,-2.81024,-0.362158,0.967524,3.097926,,,
1787980022807,-3.58906,7.15820,-3.18962,0.131944,1.257021,2.447674,,,
1787980022807,-3.50083,7.70814,-3.06200,0.201342,1.243855,1.788267,,,
1787980022807,-3.70094,7.71537,-3.36666,-0.011353,1.020140,1.046088,,,
1787980022807,-3.70094,7.71537,-3.36666,-0.011353,1.020140,1.046088,,,
1787980022807,-3.42116,7.81932,-3.98140,-0.085997,0.756538,0.275321,,,
1787980022807,-2.28150,9.44132,-3.85842,0.001560,0.335104,-0.441126,,,
1787980022807,-2.74355,9.35546,-3.80110,-0.053265,-0.234484,-1.465081,,,
1787980022807,-2.75553,7.33116,-4.06921,0.197395,-0.779810,-2.519959,,,
1787980022807,-1.97183,6.23719,-3.30280,0.778086,-1.430047,-2.838203,,,
1787980022807,-1.64609,6.75670,-1.48056,1.064945,-1.513940,-3.230142,,,
1787980022807,-1.64609,6.75670,-1.48056,1.064945,-1.513940,-3.230142,,,
1787980022807,-0.95238,6.48510,-0.65560,1.263755,-1.084437,-3.905496,,,
1787980022807,1.42869,5.86164,-0.20674,1.678285,-0.523180,-4.263025,,,
1787980022807,3.35499,4.47213,0.62748,2.040937,-0.136075,-4.033499,,,
1787980022807,4.36009,2.70079,1.92496,1.868820,-0.004249,-3.814137,,,
1787980022807,5.65667,1.19357,2.61169,1.198132,-0.372743,-3.753355,,,
1787980022807,7.80923,-0.61288,2.77738,0.671828,-1.024060,-3.387681,,,
1787980022807,7.80923,-0.61288,2.77738,0.671828,-1.024060,-3.387681,,,
1787980022807,8.59615,-2.12165,3.04600,0.238276,-1.607111,-2.231200,,,
1787980022807,6.78844,-2.81565,3.12826,-0.138882,-2.178778,-1.355609,,,
1787980022807,6.12238,-3.05471,3.38866,-0.396893,-2.408916,-1.303807,,,
1787980022807,6.28213,-4.23876,3.99317,-0.682716,-2.022422,-1.240594,,,
1787980022807,7.55691,-4.69409,4.14807,-1.004016,-1.020209,-1.149513,,,
1787980022807,10.60249,-4.59049,3.47244,-1.012556,-0.027064,-0.639217,,,
1787980022807,10.60249,-4.59049,3.47244,-1.012556,-0.027064,-0.639217,,,
1787980022807,11.32875,-5.47337,2.73271,-0.883387,0.549294,0.758983,,,
1787980022807,8.83703,-4.68253,1.68792,-1.136679,0.461405,2.212220,,,
1787980022807,6.94924,-2.41922,0.31246,-1.066234,0.128209,2.970642,,,
1787980022807,6.49367,0.57302,0.56332,-0.501325,-0.151604,3.358279,,,
1787980022807,6.23703,2.81979,1.50179,-0.191372,0.158152,3.798917,,,
1787980022807,5.34379,4.82798,1.84384,-0.279806,0.614107,4.263310,,,
1787980022807,5.34379,4.82798,1.84384,-0.279806,0.614107,4.263310,,,
1787980022807,3.26253,5.91790,0.82964,-0.475778,0.915624,4.495555,,,
1787980022807,0.83739,6.51239,-0.71168,-0.545466,0.998546,4.457157,,,
1787980022807,-1.25895,6.81752,-1.84115,-0.511914,0.936010,4.136269,,,
1787980022807,-2.99219,6.70040,-2.70227,-0.357842,0.867165,3.469070,,,
1787980022807,-3.62128,7.00372,-3.06900,-0.089114,0.741024,2.587842,,,
1787980022807,-4.14521,6.80792,-3.56731,0.180544,0.673704,1.557035,,,
1787980022807,-4.14521,6.80792,-3.56731,0.180544,0.673704,1.557035,,,
1787980022807,-3.78379,6.90875,-3.59926,0.227776,0.519449,0.707337,,,
1787980022807,-3.04140,6.82104,-3.40830,-0.062617,0.284820,0.342781,,,
1787980022807,-2.71197,7.48380,-3.41055,-0.509813,0.052418,0.259723,,,
1787980022807,-3.38576,9.00447,-3.92831,-0.845839,-0.347212,-0.326406,,,
1787980022807,-4.20343,7.80000,-4.55763,-0.695429,-0.800467,-1.245460,,,
1787980022807,-4.62637,5.55324,-4.70579,0.405473,-1.030947,-2.168329,,,
1787980022807,-4.62637,5.55324,-4.70579,0.405473,-1.030947,-2.168329,,,
1787980022807,-3.67050,5.45383,-2.58884,1.579126,-1.063871,-2.871304,,,
1787980022807,-1.64108,6.68924,0.80249,1.641219,-0.660564,-3.313234,,,
1787980022807,0.28336,6.78998,1.94798,1.282571,-0.330604,-3.678002,,,
1787980022807,1.85654,5.84965,2.37836,0.876163,-0.123708,-3.916185,,,
1787980022807,2.42449,3.85488,2.58537,0.185164,0.117155,-3.913206,,,
1787980022807,3.28740,0.94365,3.95519,-0.668348,-1.220713,-3.887827,,,
1787980022807,3.28740,0.94365,3.95519,-0.668348,-1.220713,-3.887827,,,
1787980022807,4.38258,1.90682,1.81930,-1.658916,-2.675569,-3.355408,,,
1787980022807,3.69603,-1.13564,0.10967,-0.501915,-2.422366,-2.984188,,,
1787980022807,4.33890,-0.33925,1.40283,-0.465350,-2.032949,-2.209405,,,
1787980022807,3.64283,-0.74537,0.59710,-0.289898,-1.427150,-1.867549,,,
1787980022807,3.52295,-1.55325,0.74886,-0.295002,-1.126518,-1.807503,,,
1787980022807,4.33766,-2.14744,0.88150,-0.615319,-0.976725,-1.718853,,,
1787980022807,4.33766,-2.14744,0.88150,-0.615319,-0.976725,-1.718853,,,
1787980022807,5.29792,-2.08911,0.62683,-1.057694,-0.789899,-1.679385,,,
1787980022807,8.02684,-0.10804,-0.28991,-1.331375,-0.484644,-1.538774,,,
1787980022807,7.95656,-1.49548,-1.91675,-1.174717,-0.418565,-0.874341,,,
1787980022807,6.62908,-3.27874,-3.17598,-0.707293,-0.764664,0.192325,,,
1787980022807,5.83094,-3.20809,-3.12753,-0.151799,-1.220672,1.502225,,,
1787980028874,3.80350,-0.98432,-1.18834,0.262778,-1.493816,2.507639,13.1251815,77.5899153,20.76
1787980028874,3.80350,-0.98432,-1.18834,0.262778,-1.493816,2.507639,,,
1787980028874,0.92730,0.67462,0.86116,0.396096,-1.780384,2.433989,,,
1787980028874,-0.93661,1.32056,3.47274,-0.143655,-1.461146,1.685929,,,
1787980028874,-0.84446,1.37646,3.83830,-1.448565,-1.372739,1.279972,,,
1787980028874,-0.57310,2.02398,1.48865,-1.726944,-1.640103,1.343478,,,
1787980028874,-1.76381,2.50937,0.75256,-1.122810,-1.725229,1.342625,,,
1787980028874,-2.83275,2.41017,1.36506,-0.435338,-1.163209,1.337916,,,
1787980028874,-2.83275,2.41017,1.36506,-0.435338,-1.163209,1.337916,,,
1787980028874,-3.50325,2.59018,2.00875,-0.279793,-0.632907,1.287030,,,
1787980028874,-5.12122,2.11325,1.94337,-0.548244,-0.420845,1.039003,,,
1787980028874,-5.39478,2.31252,1.54626,-0.815537,-0.246829,0.367854,,,
1787980028874,-3.70135,2.20157,0.91495,-1.045047,-0.015584,-0.108108,,,
1787980028874,-2.79040,2.36226,0.20276,-1.294002,0.113977,-0.295322,,,
1787980028874,-2.10885,3.12148,-1.07214,-1.271360,0.238767,-0.709078,,,
1787980028874,-2.10885,3.12148,-1.07214,-1.271360,0.238767,-0.709078,,,
1787980028874,-1.06076,4.01208,-1.63119,-0.950547,0.265043,-1.178663,,,
1787980028874,-1.01038,2.79669,-2.52023,-0.379975,0.236233,-1.905728,,,
1787980028874,-0.35177,0.30703,-2.62509,0.336546,0.004324,-2.497002,,,
1787980028874,1.85550,-1.44391,-1.24787,0.836097,-0.188989,-2.236061,,,
1787980028874,2.73465,-2.41631,0.07729,0.934739,0.102952,-1.414717,,,
1787980028874,3.07569,-2.44278,0.90596,0.670192,0.716254,-0.817271,,,
1787980028874,3.07569,-2.44278,0.90596,0.670192,0.716254,-0.817271,,,
1787980028874,3.72483,-2.21335,0.43397,0.294766,0.938341,-0.313381,,,
1787980028874,4.54930,-1.54485,-0.16580,0.031999,0.490604,0.302988,,,
1787980028874,4.25193,-0.96793,-0.24505,0.025720,-0.436727,0.990460,,,
1787980028874,2.25705,-1.05004,-0.13047,0.587763,-0.792647,1.322024,,,
1787980028874,1.08164,-0.90183,0.82358,1.269681,-0.254879,1.363243,,,
1787980028874,0.61298,-0.44685,2.01618,1.504644,0.496215,1.467059,,,
1787980028874,0.61298,-0.44685,2.01618,1.504644,0.496215,1.467059,,,
1787980028874,0.10373,-0.14345,2.28138,1.430956,0.909510,1.479522,,,
1787980028874,-0.56870,-0.13165,2.00868,1.195080,0.976208,1.343734,,,
1787980028874,-0.91921,0.22947,1.59828,0.943352,0.790319,1.127108,,,
1787980028874,-1.43671,0.18567,0.87702,0.802663,0.627061,0.948794,,,
1787980028874,-1.81260,0.39676,0.43696,0.814536,0.716357,0.780054,,,
1787980028874,-2.35804,0.60945,0.05426,0.890284,1.096915,0.401645,,,
1787980028874,-2.35804,0.60945,0.05426,0.890284,1.096915,0.401645,,,
1787980028874,-2.28181,0.67933,-0.29355,0.936088,1.480101,-0.144540,,,
1787980028874,-1.51533,0.28962,-0.87489,1.096181,1.713639,-0.631520,,,
1787980028874,-0.57432,-0.13687,-1.00563,1.241855,1.828819,-0.816550,,,
1787980028874,0.44546,-0.20538,-0.93206,1.177770,1.750423,-0.864659,,,
1787980028874,1.01254,-0.61337,-1.14669,1.056183,1.547042,-0.864042,,,
1787980028874,2.09285,-0.63236,-1.27886,1.016603,1.397564,-0.739406,,,
1787980028874,2.09285,-0.63236,-1.27886,1.016603,1.397564,-0.739406,,,
1787980028874,3.21109,-0.22292,-1.00710,0.974367,1.200036,-0.433487,,,
1787980028874,3.67962,-0.05058,-0.62831,0.806781,0.912895,-0.181889,,,
1787980028874,3.30783,-1.42688,-0.76303,0.635736,0.708584,-0.012706,,,
1787980028874,3.19012,-2.47330,-0.99099,0.467084,0.617041,0.484989,,,
1787980028874,2.90977,-2.08639,-1.24376,0.408727,0.512358,1.191543,,,
1787980028874,1.92767,-0.92937,-1.52690,0.599306,0.449538,1.615431,,,
1787980028874,1.92767,-0.92937,-1.52690,0.599306,0.449538,1.615431,,,
1787980028874,1.37691,-0.05503,-1.23434,0.814461,0.525164,1.758784,,,
1787980028874,1.41204,1.01500,-0.62064,0.901674,0.624392,1.822938,,,
1787980028874,1.01313,1.55293,-0.23274,0.810922,0.651438,1.829068,,,
1787980028874,0.98524,2.48768,-0.03189,0.658542,0.724589,1.825454,,,
1787980028874,0.34234,2.83546,-0.23613,0.442363,0.836547,1.801271,,,
1787980028874,0.00754,3.31739,-0.85562,0.342575,0.996797,1.707397,,,
1787980028874,0.00754,3.31739,-0.85562,0.342575,0.996797,1.707397,,,
1787980030608,-0.76249,3.12727,-1.54320,0.328592,1.053446,1.598010,13.1251973,77.5898571,25.67
1787980030608,-1.34225,3.08311,-2.22263,0.423027,0.949758,1.514959,,,
1787980030608,-1.99095,3.07289,-2.54890,0.668374,0.661754,1.391032,,,
1787980030608,-3.20107,2.49254,-2.46720,0.865040,0.445168,1.129072,,,
1787980030608,-3.48237,2.38815,-2.26739,1.001884,0.381086,0.867675,,,
1787980030608,-3.37896,2.78618,-1.74615,0.981678,0.429013,0.628404,,,
1787980030608,-3.37896,2.78618,-1.74615,0.981678,0.429013,0.628404,,,
1787980030608,-3.46770,2.99053,-1.50520,0.787662,0.462315,0.203513,,,
1787980030608,-2.88959,3.25055,-1.37441,0.499853,0.506496,-0.409336,,,
1787980030608,-1.71882,3.40411,-1.35945,0.113733,0.453479,-0.811088,,,
1787980030608,-1.41426,3.05814,-1.94919,-0.190410,0.041954,-1.080714,,,
1787980030608,-1.20427,2.28838,-2.37634,-0.128146,-0.524805,-1.287137,,,
1787980030608,-0.85748,1.46314,-1.75509,0.259454,-1.069851,-1.281120,,,
1787980030608,-0.85748,1.46314,-1.75509,0.259454,-1.069851,-1.281120,,,
1787980030608,-0.57400,1.24645,-0.12547,0.307851,-1.239556,-1.305206,,,
1787980030608,-0.63822,0.70599,1.24730,0.075267,-1.045801,-1.611293,,,
1787980030608,0.24118,-0.04921,1.73296,-0.180536,-0.697446,-1.885741,,,
1787980030608,1.91446,-0.89214,1.77548,-0.447141,-0.421902,-1.590678,,,
1787980030608,2.43554,-1.11227,1.54454,-0.823253,-0.554330,-1.140740,,,
1787980030608,2.28240,-1.87960,1.91399,-1.122187,-1.238257,-0.909942,,,
1787980030608,2.28240,-1.87960,1.91399,-1.122187,-1.238257,-0.909942,,,
1787980030608,2.54544,-1.10230,1.31659,-1.427319,-1.483575,-0.498236,,,
1787980030608,2.09065,-0.50460,-0.59885,-0.541761,-0.963715,-0.032950,,,
1787980030608,1.58608,-0.22973,-0.15387,0.522331,-0.307312,0.145498,,,
1787980030608,1.14485,-0.57109,1.21122,0.895204,0.125959,0.226673,,,
1787980030608,0.71305,-1.12048,1.88744,0.661552,0.258649,0.356721,,,
1787980030608,-0.08393,-1.31940,1.73559,0.225821,0.246552,0.370803,,,
1787980030608,-0.08393,-1.31940,1.73559,0.225821,0.246552,0.370803,,,
1787980030608,-0.36803,-1.11288,1.28651,-0.084136,0.172484,0.241558,,,
1787980030608,-0.42838,-0.82821,0.66886,-0.230608,0.151106,0.030771,,,
1787980030608,-0.14691,-0.51996,0.27286,-0.250012,0.215943,-0.171546,,,
1787980030608,0.28185,-0.66081,-0.25804,-0.083148,0.306271,-0.296812,,,
1787980030608,0.59465,-0.97266,-0.27828,0.088422,0.297002,-0.282573,,,
1787980030608,0.65252,-1.41595,-0.19731,0.167975,0.230050,-0.127355,,,
1787980030608,0.65252,-1.41595,-0.19731,0.167975,0.230050,-0.127355,,,
1787980030608,0.48363,-1.55118,-0.09842,0.214853,0.234847,-0.006863,,,
1787980030608,0.59179,-1.36715,0.12801,0.178024,0.288834,0.049943,,,
1787980030608,0.78515,-1.09917,0.17806,0.028689,0.250142,0.093613,,,
1787980030608,1.09317,-0.68124,-0.02462,-0.123769,0.089992,0.098631,,,
1787980030608,1.47819,-0.15031,-0.12358,-0.220369,-0.097498,0.139190,,,
1787980030608,1.74404,0.40217,-0.17480,-0.229833,-0.250276,0.160072,,,
1787980030608,1.74404,0.40217,-0.17480,-0.229833,-0.250276,0.160072,,,
1787980030608,1.47167,-0.05870,-0.31320,-0.147032,-0.256127,0.213008,,,
1787980030608,1.26471,-0.53312,-0.33588,-0.072714,-0.156920,0.400799,,,
1787980030608,0.91375,-0.51550,-0.48676,-0.027071,-0.069553,0.657447,,,
1787980030608,0.54911,-0.05066,-0.75697,0.125918,-0.025026,0.840433,,,
1787980030608,-0.06479,-0.00347,-0.68271,0.373979,0.004615,0.973025,,,
1787980030608,-0.19972,0.44894,-0.22406,0.602848,0.108705,1.083235,,,
1787980030608,-0.19972,0.44894,-0.22406,0.602848,0.108705,1.083235,,,
1787980030608,-0.18845,1.21097,0.25909,0.736955,0.296319,1.166062,,,
1787980030608,-0.12243,1.94769,1.03003,0.636576,0.425235,1.180812,,,
1787980030608,-0.38984,2.09356,0.99834,0.317105,0.491236,1.163415,,,
1787980030608,-0.66538,2.74198,0.61973,-0.057941,0.338375,1.124669,,,
1787980030608,-1.41102,3.06824,0.11148,-0.320339,-0.072308,0.822494,,,
1787980030608,-2.15926,2.52234,-0.31235,-0.465233,-0.557853,0.227878,,,
1787980030608,-2.15926,2.52234,-0.31235,-0.465233,-0.557853,0.227878,,,
1787980030608,-2.07816,1.62270,-0.19604,-0.558434,-0.822533,-0.060299,,,
1787980030608,-2.10996,0.89210,-0.41854,-0.426800,-0.684685,0.040078,,,
1787980030608,-2.46272,0.94107,-0.26459,-0.151312,-0.163660,0.108143,,,
1787980030608,-2.99409,0.91454,-0.18446,-0.029501,0.519164,-0.121786,,,
1787980030608,-2.48386,1.11130,-0.16577,-0.240201,0.756324,-0.508961,,,
1787980030608,-1.70420,1.45235,-0.43138,-0.712739,0.437288,-0.904540,,,
1787980030608,-1.70420,1.45235,-0.43138,-0.712739,0.437288,-0.904540,,,
1787980030608,-1.37521,1.38859,-1.07299,-1.135682,-0.094497,-1.419309,,,
1787980030608,-0.51464,1.08188,-1.99005,-1.201725,-0.609518,-1.711976,,,
1787980030608,-0.04238,0.40395,-2.47884,-0.803206,-0.893480,-1.690857,,,
1787980030608,0.29904,-0.44024,-2.35885,-0.044393,-0.662269,-1.623193,,,
1787980030608,1.62477,-0.37306,-1.20017,0.689733,-0.021548,-1.424739,,,
1787980030608,2.91292,-0.46649,0.41073,0.912514,0.900341,-1.102718,,,
1787980030608,2.91292,-0.46649,0.41073,0.912514,0.900341,-1.102718,,,
1787980030608,3.69574,-0.46996,0.76647,0.444837,1.408241,-0.754388,,,
1787980030608,3.73336,-0.91181,-0.05825,-0.234698,0.773575,-0.356518,,,
1787980030608,3.12824,-1.26814,-0.93506,-0.523410,-0.589213,0.068410,,,
1787980030608,1.86440,-1.30393,-0.92286,-0.403377,-1.673885,0.435047,,,
1787980030608,0.74826,-1.26495,-0.40452,-0.095301,-1.778525,0.645404,,,
1787980030608,-0.11711,-1.14583,0.25507,0.322740,-1.016539,0.691283,,,
1787980030608,-0.11711,-1.14583,0.25507,0.322740,-1.016539,0.691283,,,
1787980030608,-0.26043,-0.71618,0.76659,0.632676,0.047384,0.690962,,,
1787980030608,-0.11812,-0.09412,1.09223,0.709136,0.643234,0.641879,,,
1787980030608,-0.03486,0.05879,1.06546,0.601210,0.653942,0.511910,,,
1787980030608,0.51296,-0.03744,1.17427,0.419616,0.375005,0.544821,,,
1787980030608,0.70700,0.27962,1.32529,0.223347,0.095771,0.817198,,,
1787980030608,0.30307,0.94232,1.40637,0.080282,-0.052536,1.021610,,,
1787980030608,0.30307,0.94232,1.40637,0.080282,-0.052536,1.021610,,,
1787980030608,-0.11019,1.69611,1.38458,-0.060163,-0.099508,1.139601,,,
1787980030608,-1.33999,1.96437,0.83950,-0.127844,-0.124391,1.026318,,,
1787980030608,-2.03510,2.11193,0.54040,-0.028960,-0.137376,0.736879,,,
1787980030608,-2.87651,1.68244,0.47758,0.128236,-0.039140,0.251090,,,
1787980030608,-2.98432,0.94600,0.60333,0.249502,0.175474,-0.313988,,,
1787980030608,-2.02142,0.34492,0.83435,0.220400,0.385341,-0.617168,,,
1787980030608,-2.02142,0.34492,0.83435,0.220400,0.385341,-0.617168,,,
1787980030608,-1.36290,0.12094,0.77602,0.078816,0.486076,-0.672254,,,
1787980030608,-1.25516,0.08028,0.28682,-0.007693,0.425040,-0.777503,,,
1787980030608,-1.14604,-0.26993,-0.13006,0.061593,0.414186,-1.015364,,,
1787980030608,-0.60261,-0.49327,-0.26827,0.183273,0.504334,-1.166552,,,
1787980030608,0.02925,-0.75139,-0.33164,0.287875,0.626011,-1.213495,,,
1787980030608,0.90433,-0.81723,-0.25688,0.405295,0.688286,-1.239409,,,
1787980030608,0.90433,-0.81723,-0.25688,0.405295,0.688286,-1.239409,,,
1787980030608,1.77697,-0.89992,-0.00189,0.394468,0.637345,-1.198203,,,
1787980030608,2.58332,-1.26765,0.23502,0.208400,0.522638,-1.086972,,,
1787980030608,3.46500,-1.27749,0.23044,-0.095705,0.287963,-0.800251,,,
1787980030608,3.50459,-2.10955,-0.27667,-0.240857,-0.066997,-0.349206,,,
1787980030608,3.31227,-2.12687,-0.47595,-0.253963,-0.361571,0.239977,,,
1787980030608,2.40890,-1.92344,-0.65902,-0.165790,-0.545855,0.734446,,,
1787980030608,2.40890,-1.92344,-0.65902,-0.165790,-0.545855,0.734446,,,
1787980030608,1.94002,-0.90044,-0.33462,-0.080341,-0.551300,1.053215,,,
1787980030608,1.28934,0.07240,-0.14863,0.056879,-0.384985,1.097728,,,
1787980030608,0.73125,0.30806,-0.10464,0.212432,-0.228431,1.000535,,,
1787980030608,-0.24670,0.34417,0.75847,0.206928,-0.035114,1.052795,,,
1787980030608,-0.47991,0.46421,0.64129,0.334564,0.062910,1.045856,,,
1787980030608,-0.47354,1.16699,-0.01270,0.677562,0.439119,1.188067,,,
1787980030608,-0.47354,1.16699,-0.01270,0.677562,0.439119,1.188067,,,
1787980030608,-0.86208,1.59612,-0.67842,1.302121,1.298144,1.267725,,,
1787980030608,-0.93243,1.80654,0.12143,1.657040,1.826662,0.985022,,,
1787980030608,-0.38051,1.99841,0.52338,1.207199,1.907010,0.746545,,,
1787980030608,-0.24793,1.85193,0.03167,0.409554,1.465061,0.620737,,,
1787980030608,-0.30010,1.91711,-0.79983,-0.204661,0.775324,0.452985,,,
1787980030608,-0.67779,1.70970,-1.64090,-0.488567,0.037984,0.333445,,,
1787980030608,-0.67779,1.70970,-1.64090,-0.488567,0.037984,0.333445,,,
1787980030608,-1.25705,1.41904,-1.99931,-0.569803,-0.441093,0.243768,,,
1787980030608,-1.70098,1.49451,-2.17291,-0.436958,-0.673638,0.191817,,,
1787980030608,-2.07429,1.61176,-1.90696,-0.224539,-0.602256,0.123525,,,
1787980030608,-2.53105,1.70950,-1.71513,-0.031964,-0.260263,-0.060184,,,
1787980030608,-2.55189,1.87142,-1.72711,0.169112,0.169022,-0.430637,,,
1787980030608,-1.99154,1.84187,-1.79554,0.448849,0.491814,-0.858746,,,
1787980030608,-1.99154,1.84187,-1.79554,0.448849,0.491814,-0.858746,,,
1787980030608,-0.93201,1.68248,-1.44709,0.603818,0.573116,-1.150545,,,
1787980030608,0.08539,1.12255,-0.88343,0.416902,0.401410,-1.320552,,,
1787980030608,1.16162,0.80491,-0.63729,0.067425,0.074202,-1.381254,,,
1787980030608,2.00584,0.27385,-0.64149,-0.326548,-0.290599,-1.205494,,,
1787980030608,1.99782,-0.34631,-0.94736,-0.576994,-0.763387,-0.904312,,,
1787980030608,1.45932,-0.74135,-1.34388,-0.641940,-1.095209,-0.579609,,,
1787980030608,1.45932,-0.74135,-1.34388,-0.641940,-1.095209,-0.579609,,,
1787980030608,1.00423,-0.75673,-1.40561,-0.406473,-1.246237,-0.341113,,,
1787980030608,0.72967,-0.64307,-0.87417,-0.064764,-1.143267,-0.148746,,,
1787980030608,0.29074,-0.81627,-0.32873,0.283563,-0.787897,-0.147880,,,
1787980030608,0.35707,-1.08825,0.45660,0.529856,-0.273109,-0.295749,,,
1787980030608,1.05148,-1.35322,1.13807,0.532429,0.003340,-0.259284,,,
1787980030608,1.60358,-2.24911,3.37520,-0.029767,-0.672359,-0.140625,,,
1787980030608,1.60358,-2.24911,3.37520,-0.029767,-0.672359,-0.140625,,,
1787980030608,1.63377,-1.65623,4.06838,-1.355694,-1.319007,0.127140,,,
1787980030608,1.03247,-0.78648,1.08826,-1.509564,-1.109092,0.395374,,,
1787980034872,1.02704,0.10441,-0.25092,-0.735688,-0.782516,0.652453,13.1251372,77.5898610,20.69
1787980034872,0.34974,0.73446,-0.19806,0.132158,-0.219814,0.798533,,,
1787980034872,-0.21274,0.76469,0.50211,0.589564,0.314362,0.771941,,,
1787980034872,-0.76824,0.57165,0.81194,0.791562,0.580929,0.651917,,,
1787980034872,-0.76824,0.57165,0.81194,0.791562,0.580929,0.651917,,,
1787980034872,-0.89397,0.53318,0.82534,0.994738,0.733785,0.520755,,,
1787980034872,-1.04423,0.45395,1.05353,1.098510,0.854574,0.433814,,,
1787980034872,-1.25364,0.34307,1.29691,0.988581,0.913613,0.305543,,,
1787980034872,-1.36411,0.21029,1.42068,0.658181,0.844761,0.084909,,,
1787980034872,-1.13552,0.17662,1.30205,0.243442,0.663708,-0.136216,,,
1787980034872,-0.87985,0.17428,0.84352,-0.177448,0.368065,-0.290447,,,
1787980034872,-0.87985,0.17428,0.84352,-0.177448,0.368065,-0.290447,,,
1787980034872,-0.90203,0.05127,0.21572,-0.433018,0.087110,-0.466915,,,
1787980034872,-0.75939,-0.07318,-0.38815,-0.454977,-0.018112,-0.581455,,,
1787980034872,-0.56585,-0.23373,-0.64833,-0.330175,-0.006351,-0.637776,,,
1787980034872,-0.48343,-0.61201,-0.82783,-0.150188,0.050643,-0.704184,,,
1787980034872,-0.23639,-1.03480,-0.82102,0.030645,0.143619,-0.745065,,,
1787980034872,0.38339,-1.11754,-0.58881,0.110237,0.182380,-0.723367,,,
1787980034872,0.38339,-1.11754,-0.58881,0.110237,0.182380,-0.723367,,,
1787980034872,0.97582,-1.18905,-0.49880,0.141496,0.175459,-0.666182,,,
1787980034872,1.97647,-0.97752,-0.14672,0.117376,0.082975,-0.502489,,,
1787980034872,2.66193,-0.39833,0.17799,-0.022902,-0.132379,-0.291480,,,
1787980034872,2.74647,-0.28388,0.19541,-0.135934,-0.363942,-0.182676,,,
1787980034872,2.41537,-0.84321,0.07029,-0.141676,-0.511221,-0.049556,,,
1787980034872,1.76419,-1.93952,0.03558,-0.066929,-0.477622,0.238759,,,
1787980034872,1.76419,-1.93952,0.03558,-0.066929,-0.477622,0.238759,,,
1787980034872,1.45744,-1.93466,0.21762,-0.044654,-0.310813,0.633843,,,
1787980034872,0.90951,-1.11981,0.17538,-0.106417,-0.192235,0.867001,,,
1787980034872,0.74476,-0.29747,0.03489,-0.143340,-0.198325,0.931616,,,
1787980034872,0.27037,0.18345,-0.17970,-0.175566,-0.319720,0.944818,,,
1787980034872,-0.18829,0.40765,-0.31223,-0.094410,-0.434803,0.901947,,,
1787980034872,-0.58352,0.73427,-0.34962,0.204226,-0.330770,0.888929,,,
1787980034872,-0.58352,0.73427,-0.34962,0.204226,-0.330770,0.888929,,,
1787980034872,-0.71063,1.29815,-0.09419,0.639099,0.116141,0.939306,,,
1787980034872,-1.11131,1.59271,0.24557,0.980833,0.693442,0.853042,,,
1787980034872,-1.07682,1.74284,0.51571,0.985548,1.073895,0.713835,,,
1787980034872,-0.96289,1.94831,0.33892,0.797044,1.087930,0.577815,,,
1787980034872,-0.88649,2.16949,0.05379,0.558123,0.841727,0.367179,,,
1787980034872,-1.26247,1.69922,-0.28230,0.326512,0.524197,0.143116,,,
1787980034872,-1.26247,1.69922,-0.28230,0.326512,0.524197,0.143116,,,
1787980034872,-1.40005,1.27080,-0.56253,0.156807,0.306121,-0.011087,,,
1787980034872,-1.57124,0.95416,-0.88276,0.100568,0.146298,-0.027798,,,
1787980034872,-1.85275,0.98284,-0.96345,0.191287,0.148309,-0.108745,,,
1787980034872,-2.02442,1.10907,-0.78792,0.264634,0.295940,-0.308422,,,
1787980034872,-1.73519,1.16028,-0.71383,0.241892,0.535012,-0.531736,,,
1787980034872,-1.22786,1.31111,-0.88706,0.129561,0.538558,-0.818580,,,
1787980034872,-1.22786,1.31111,-0.88706,0.129561,0.538558,-0.818580,,,
1787980034872,-0.71668,1.05001,-1.25121,0.078160,0.428668,-1.107864,,,
1787980034872,0.14947,0.82787,-1.45791,0.133906,0.302007,-1.255993,,,
1787980034872,0.87884,0.49704,-1.45316,0.331727,0.249552,-1.296204,,,
1787980034872,1.60580,-0.06490,-0.96280,0.490533,0.259868,-1.226111,,,
1787980034872,2.40869,-0.54313,-0.39613,0.489227,0.289785,-1.015185,,,
1787980034872,3.21184,-0.83368,0.23614,0.272037,0.162590,-0.638348,,,
1787980034872,3.21184,-0.83368,0.23614,0.272037,0.162590,-0.638348,,,
1787980034872,3.05560,-1.08857,0.37736,-0.107176,-0.166015,-0.307914,,,
1787980034872,2.68110,-1.18044,0.29482,-0.372101,-0.596164,-0.017268,,,
1787980034872,1.84413,-1.49211,0.25937,-0.462382,-0.832036,0.160616,,,
1787980034872,1.03208,-1.83283,0.26499,-0.472628,-0.804972,0.310610,,,
1787980034872,0.50736,-1.91864,0.21994,-0.396814,-0.592012,0.403288,,,
1787980034872,0.37325,-1.75446,0.11190,-0.214515,-0.337621,0.482878,,,
1787980034872,0.37325,-1.75446,0.11190,-0.214515,-0.337621,0.482878,,,
1787980034872,0.47795,-1.49846,0.20724,-0.028380,-0.075628,0.615051,,,
1787980034872,0.82558,-0.92661,0.31225,0.055183,0.082850,0.797535,,,
1787980034872,1.27935,0.08382,0.48867,0.067001,0.009125,1.046225,,,
1787980034872,1.13108,1.05184,0.61503,0.149523,-0.168006,1.248001,,,
1787980034872,0.55043,1.33015,0.77551,0.319982,-0.157957,1.346795,,,
1787980034872,-0.54476,1.10018,1.02762,0.417767,-0.037254,1.452630,,,
1787980034872,-0.54476,1.10018,1.02762,0.417767,-0.037254,1.452630,,,
1787980034872,-1.59881,1.24278,1.12406,0.286647,0.042888,1.365544,,,
1787980034872,-2.93149,1.22082,0.81674,0.037345,-0.072365,0.971367,,,
1787980034872,-3.53160,1.28798,0.50881,-0.102786,-0.251674,0.408548,,,
1787980034872,-3.70572,1.18552,0.21616,-0.084049,-0.266406,-0.176681,,,
1787980034872,-3.37971,1.17138,0.20452,-0.048975,-0.209588,-0.737910,,,
1787980034872,-2.48886,0.90278,0.06021,0.068571,-0.092776,-1.194661,,,
1787980034872,-2.48886,0.90278,0.06021,0.068571,-0.092776,-1.194661,,,
1787980034872,-1.51596,0.38953,0.23482,0.246472,-0.005660,-1.341260,,,
1787980034872,-0.63510,-0.13250,0.85623,0.252278,0.072882,-1.383229,,,
1787980034872,0.18884,-0.23445,1.17807,-0.030629,0.131109,-1.408278,,,
1787980034872,1.33550,-0.12839,0.95382,-0.356261,0.110754,-1.431955,,,
1787980034872,2.44649,0.00301,0.69712,-0.592081,-0.001640,-1.290927,,,
1787980034872,2.98244,-0.31950,0.10564,-0.675838,-0.312089,-0.996991,,,
1787980034872,2.98244,-0.31950,0.10564,-0.675838,-0.312089,-0.996991,,,
1787980034872,2.98505,-0.79621,-0.27977,-0.515325,-0.519938,-0.630023,,,
1787980034872,2.31704,-1.55792,-0.29324,-0.339977,-0.504975,-0.254509,,,
1787980034872,2.12388,-1.76047,-0.16963,-0.249185,-0.284194,0.063291,,,
1787980034872,1.91298,-1.48301,-0.16765,-0.286794,-0.214225,0.390505,,,
1787980034872,1.42361,-1.22488,-0.42110,-0.317360,-0.320210,0.590619,,,
1787980034872,0.89021,-0.95484,-0.70811,-0.190275,-0.393215,0.734684,,,
1787980034872,0.89021,-0.95484,-0.70811,-0.190275,-0.393215,0.734684,,,
1787980034872,0.53834,-0.65488,-0.62836,0.133041,-0.273784,0.883145,,,
1787980034872,0.75356,0.09821,0.03680,0.411674,0.087565,1.024003,,,
1787980034872,0.88364,0.76249,0.82892,0.277140,0.316535,1.253539,,,
1787980034872,0.35097,1.60152,0.56787,-0.068636,0.400545,1.257974,,,
1787980034872,-0.10618,2.07617,-0.14055,-0.181255,0.191995,1.034197,,,
1787980034872,-0.42863,1.98977,-0.68889,0.063563,-0.033522,0.906296,,,
1787980034872,-0.42863,1.98977,-0.68889,0.063563,-0.033522,0.906296,,,
1787980034872,-1.31361,1.51655,-0.57399,0.297780,-0.022364,0.811575,,,
1787980034872,-1.87786,1.35973,-0.33534,0.424960,0.138204,0.712041,,,
1787980034872,-2.42703,1.18113,-0.28866,0.452257,0.314664,0.577685,,,
1787980034872,-2.84422,1.22518,-0.31238,0.400546,0.458445,0.367360,,,
1787980034872,-2.91811,1.35734,-0.41974,0.227558,0.517344,0.106584,,,
1787980034872,-2.28172,1.70517,-0.49168,-0.016734,0.536950,-0.110181,,,
1787980034872,-2.28172,1.70517,-0.49168,-0.016734,0.536950,-0.110181,,,
1787980034872,-1.87981,2.04406,-0.65134,-0.308597,0.367834,-0.318463,,,
1787980034872,-1.94561,2.22753,-1.18438,-0.517577,0.174099,-0.773322,,,
1787980034872,-1.44471,2.15749,-1.62396,-0.536162,0.048170,-1.308198,,,
1787980034872,-0.38253,1.46034,-1.89403,-0.406668,-0.025193,-1.545847,,,
1787980034872,0.32032,0.92885,-1.95404,-0.122324,-0.054219,-1.620971,,,
1787980034872,1.55698,0.57875,-1.32448,0.089325,0.028419,-1.553831,,,
1787980034872,1.55698,0.57875,-1.32448,0.089325,0.028419,-1.553831,,,
1787980034872,2.11923,-0.07951,-1.01107,0.128048,0.166933,-1.340651,,,
1787980034872,3.07636,-0.21236,-0.67947,0.043581,0.180007,-1.103926,,,
1787980034872,3.52658,-0.38425,-0.64548,-0.136374,-0.074836,-0.925283,,,
1787980034872,3.65164,-1.31714,-0.87900,-0.150384,-0.542410,-0.697133,,,
1787980034872,3.39417,-2.39718,-0.78757,0.078272,-0.870659,-0.305612,,,
1787980034872,2.69418,-3.49966,-0.19739,0.427151,-0.810354,0.219089,,,
1787980034872,2.69418,-3.49966,-0.19739,0.427151,-0.810354,0.219089,,,
1787980034872,2.28311,-3.36490,0.14641,0.978676,-0.380435,0.825364,,,
1787980034872,2.03476,-1.96154,0.90769,1.481274,0.272799,1.309685,,,
1787980034872,1.95534,-0.96348,1.88583,1.447060,0.746048,1.911107,,,
1787980034872,1.36743,0.82888,2.78948,0.795588,0.705371,2.219817,,,
1787980034872,0.37014,2.25681,2.81791,-0.199844,-0.075412,2.041208,,,
1787980034872,-1.19244,2.59642,1.87763,-0.861118,-0.886979,1.514380,,,
1787980034872,-1.19244,2.59642,1.87763,-0.861118,-0.886979,1.514380,,,
1787980034872,-1.97917,2.37966,1.09222,-0.837956,-0.986266,1.123803,,,
1787980034872,-3.06373,1.83613,0.31712,-0.391394,-0.480741,0.827457,,,
1787980034872,-3.54258,1.77884,0.16257,0.138768,0.177116,0.470943,,,
1787980034872,-3.87211,1.47903,0.12422,0.527321,0.728190,0.070865,,,
1787980034872,-3.66743,1.32812,0.23021,0.661894,1.065774,-0.301286,,,
1787980034872,-3.22600,1.27466,0.30331,0.492641,0.963086,-0.759010,,,
1787980034872,-3.22600,1.27466,0.30331,0.492641,0.963086,-0.759010,,,
1787980034872,-2.60256,1.03996,0.11176,0.221364,0.513487,-1.247619,,,
1787980034872,-1.64930,0.52337,-0.12258,0.122212,0.047785,-1.635763,,,
1787980034872,-0.70831,0.11033,0.38130,0.017397,-0.389920,-1.944426,,,
1787980034872,0.90963,0.12069,0.82835,-0.109217,-0.317432,-1.994217,,,
1787980034872,2.06825,-0.06828,0.93114,-0.106895,0.132994,-1.857616,,,
1787980034872,3.08864,-0.64001,0.61167,-0.021727,0.573828,-1.649535,,,
1787980034872,3.08864,-0.64001,0.61167,-0.021727,0.573828,-1.649535,,,
1787980034872,3.89325,-1.05233,0.45144,-0.005163,0.683146,-1.329829,,,
1787980034872,4.41844,-1.66690,0.19557,-0.023522,0.502096,-0.893478,,,
1787980034872,4.32316,-2.24260,0.02007,-0.073870,0.240915,-0.414303,,,
1787980034872,3.97131,-2.78730,-0.28449,-0.075186,0.065986,0.160676,,,
1787980034872,3.23711,-2.92202,-0.53074,0.024735,-0.012071,0.782777,,,
1787980034872,2.20819,-2.28215,-0.43717,0.156616,0.029307,1.224603,,,
1787980034872,2.20819,-2.28215,-0.43717,0.156616,0.029307,1.224603,,,
1787980034872,1.91016,-1.28706,-0.09526,0.170728,0.134320,1.456256,,,
1787980034872,2.18199,0.25987,0.53289,-0.029253,0.117943,1.574791,,,
1787980034872,1.77077,1.16622,0.54543,-0.434834,-0.044499,1.621879,,,
1787980034872,0.84423,1.86990,-0.45377,-0.578231,-0.235903,1.520225,,,
1787980034872,-0.27069,1.69318,-1.29695,-0.265881,-0.262169,1.365215,,,
1787980034872,-1.57331,0.85544,-1.78387,0.362614,0.039137,1.218928,,,
1787980034872,-1.57331,0.85544,-1.78387,0.362614,0.039137,1.218928,,,
1787980034872,-2.10775,0.67445,-1.51521,0.932546,0.506026,1.084920,,,
1787980034872,-2.28535,0.66965,-0.91855,1.176736,0.928569,0.960824,,,
1787980034872,-2.02652,0.99080,-0.54620,1.049962,1.207230,0.835210,,,
1787980034872,-1.48174,1.63672,-0.47762,0.651056,1.112875,0.679639,,,
1787980034872,-1.48406,1.72817,-0.86271,0.158697,0.603237,0.469936,,,
1787980034872,-1.45728,2.16806,-1.12668,-0.313651,-0.005702,0.243155,,,
1787980034872,-1.45728,2.16806,-1.12668,-0.313651,-0.005702,0.243155,,,
1787980034872,-1.62280,2.55608,-1.45814,-0.550195,-0.541096,-0.056412,,,
1787980034872,-1.79157,2.56800,-1.65906,-0.373139,-0.684960,-0.411362,,,
1787980034872,-1.17361,2.79371,-1.16306,-0.120005,-0.329995,-0.635980,,,
1787980034872,-0.20586,3.70073,-0.72554,-0.045695,-0.053684,-0.843218,,,
1787980034872,-0.21580,3.14334,-0.99301,0.089313,-0.256345,-1.234878,,,
1787980034872,-0.42590,0.69716,-0.86167,0.359147,-0.699106,-1.435230,,,
1787980034872,-0.42590,0.69716,-0.86167,0.359147,-0.699106,-1.435230,,,
1787980034872,-0.40977,-1.17807,0.23871,0.457784,-1.032431,-1.300229,,,
1787980034872,0.28237,-1.96328,1.66661,0.355239,-0.955933,-0.867370,,,
1787980034872,0.57919,-1.66310,2.21870,0.148904,-0.361725,-0.567498,,,
1787980034872,1.78064,-0.32890,2.13590,-0.182127,0.201676,-0.237810,,,
1787980034872,2.01610,0.62641,1.42771,-0.485998,0.067976,0.051715,,,
1787980034872,0.86113,0.57431,0.49555,-0.600110,-0.594705,0.078635,,,
1787980034872,0.86113,0.57431,0.49555,-0.600110,-0.594705,0.078635,,,
1787980034872,-0.00202,0.14273,0.44313,-0.498801,-1.112857,0.019667,,,
1787980034872,-1.08937,-0.70967,0.69458,-0.296850,-1.020963,-0.011855,,,
1787980034872,-1.55579,-1.06892,0.95847,-0.068668,-0.454956,-0.133859,,,
1787980034872,-1.58980,-1.12301,1.22638,-0.020367,0.211898,-0.326007,,,
1787980034872,-1.07137,-1.01954,1.09688,-0.210701,0.455688,-0.548141,,,
1787980034872,-0.24713,-0.88665,0.65114,-0.409409,0.327123,-0.678803,,,
1787980034872,-0.24713,-0.88665,0.65114,-0.409409,0.327123,-0.678803,,,
1787980034872,0.30878,-0.89409,0.24375,-0.520662,0.104565,-0.706051,,,
1787980034872,0.83335,-0.89056,-0.05772,-0.504777,-0.126855,-0.688886,,,
1787980034872,1.23558,-0.91470,-0.11359,-0.383231,-0.225862,-0.640963,,,
1787980034872,2.02377,-0.56384,0.19554,-0.251803,-0.026881,-0.605323,,,
1787980034872,3.07244,-0.09695,0.37697,-0.173519,0.270857,-0.525121,,,
1787980034872,3.58772,-0.51364,0.14018,-0.160610,0.421810,-0.354022,,,
1787980034872,3.58772,-0.51364,0.14018,-0.160610,0.421810,-0.354022,,,
1787980034872,3.43267,-1.45131,-0.27516,-0.151155,0.378725,0.038414,,,
1787980034872,2.67631,-2.27141,-0.65876,-0.073764,0.124779,0.578938,,,
1787980034872,1.79311,-1.97971,-0.71325,0.008516,-0.078041,1.019758,,,
1787980034872,0.79839,-1.42458,-0.52907,0.057633,-0.036438,1.211316,,,
1787980034872,0.72091,-0.57586,-0.37605,0.077619,0.115723,1.353312,,,
1787980034872,0.92008,0.85274,-0.25386,0.049396,0.217536,1.437547,,,
1787980034872,0.92008,0.85274,-0.25386,0.049396,0.217536,1.437547,,,
1787980034872,1.15471,2.10029,-0.22414,0.005129,0.144284,1.482608,,,
1787980034872,0.44050,2.58773,-0.36453,-0.079247,0.027970,1.455611,,,
1787980034872,-0.50293,2.51887,-0.86753,-0.070349,-0.045312,1.328762,,,
1787980034872,-1.34158,2.23634,-1.24910,0.111078,-0.151323,1.267854,,,
1787980034872,-2.25118,2.13819,-1.22467,0.437470,-0.129110,1.151447,,,
1787980034872,-3.18998,1.93680,-0.94586,0.697388,0.036857,0.925275,,,
1787980034872,-3.18998,1.93680,-0.94586,0.697388,0.036857,0.925275,,,
1787980034872,-3.63893,1.84989,-0.68092,0.789030,0.225200,0.615217,,,
1787980034872,-3.87699,1.78817,-0.38118,0.693280,0.364123,0.222934,,,
1787980034872,-3.88747,1.79131,-0.26792,0.447697,0.367502,-0.238399,,,
1787980034872,-3.29979,1.74044,-0.39530,0.171294,0.224680,-0.732495,,,
1787980034872,-2.34257,2.07807,-0.35983,-0.042781,0.140771,-1.085787,,,
1787980034872,-1.30608,2.50978,-0.44622,-0.245312,0.036253,-1.486569,,,
1787980034872,-1.30608,2.50978,-0.44622,-0.245312,0.036253,-1.486569,,,
1787980034872,-0.33977,2.01212,-0.44083,-0.445718,-0.198710,-1.849444,,,
1787980034872,1.53637,2.39338,0.47837,-1.141957,-0.968376,-2.054299,,,
1787980034872,2.62696,2.27101,0.32637,-1.780149,-1.587454,-1.959109,,,
1787980034872,2.16659,1.20385,-0.73494,-1.925131,-1.848985,-1.823664,,,
1787980034872,1.90071,-0.62465,-1.44649,-1.409474,-1.621741,-1.552924,,,
1787980034872,1.71055,-2.53845,-1.31417,-0.634014,-1.231114,-1.054666,,,
1787980034872,1.71055,-2.53845,-1.31417,-0.634014,-1.231114,-1.054666,,,
1787980034872,1.70779,-3.18656,-0.59144,-0.051202,-0.707913,-0.580500,,,
1787980034872,2.06658,-3.16920,0.39878,0.177526,-0.225485,-0.137513,,,
1787980034872,2.37934,-2.45464,0.61290,0.191766,0.048696,0.351493,,,
1787980034872,2.39323,-0.96108,0.40974,0.245766,0.091782,0.742910,,,
1787980034872,2.20156,0.28587,0.28240,0.428674,0.076682,0.977408,,,
1787980034872,1.03768,0.61565,0.27112,0.658352,-0.035690,1.026261,,,
1787980034872,1.03768,0.61565,0.27112,0.658352,-0.035690,1.026261,,,
1787980034872,-0.01097,0.28573,0.47603,0.783367,-0.081422,0.957361,,,
1787980034872,-1.09670,-0.32674,0.79703,0.765579,-0.010359,0.916728,,,
1787980034872,-1.80899,-0.27141,0.94055,0.654544,0.125132,0.726671,,,
1787980034872,-2.24109,-0.01478,0.92235,0.470017,0.245933,0.372468,,,
1787980034872,-2.22464,0.17224,0.64039,0.387200,0.437908,0.034314,,,
1787980034872,-1.95409,0.24874,0.20222,0.464288,0.631520,-0.287960,,,
1787980034872,-1.95409,0.24874,0.20222,0.464288,0.631520,-0.287960,,,
1787980034872,-1.48750,0.04147,0.04482,0.616137,0.783275,-0.551343,,,
1787980034872,-0.32674,0.15469,0.36394,0.696431,0.896481,-0.628279,,,
1787980034872,0.53116,0.40966,0.57252,0.656769,0.940943,-0.685367,,,
1787980034872,1.45065,0.49773,0.60289,0.532025,0.883052,-0.670361,,,
1787980034872,2.10408,0.53123,0.46727,0.439598,0.725900,-0.526568,,,
1787980034872,2.33729,0.28615,0.14540,0.522185,0.470150,-0.280595,,,
1787980034872,2.33729,0.28615,0.14540,0.522185,0.470150,-0.280595,,,
1787980034872,1.60565,-0.53498,0.07104,0.761624,0.282863,-0.038809,,,
1787980034872,0.57034,-1.92101,0.30608,0.991989,0.483611,0.152038,,,
1787980034872,0.56437,-1.76811,0.81810,0.980703,0.863656,0.433206,,,
1787980034872,0.55562,-0.85741,1.04580,0.680293,1.108807,0.597865,,,
1787980034872,0.67949,-0.03237,0.62498,0.290066,0.996219,0.594212,,,
1787980034872,0.32424,0.14310,-0.13640,-0.054224,0.592425,0.525326,,,
1787980034872,0.32424,0.14310,-0.13640,-0.054224,0.592425,0.525326,,,
1787980034872,-0.01420,0.01042,-0.73167,-0.177718,0.198983,0.503070,,,
1787980034872,-0.44311,-0.10056,-1.26225,0.007047,0.152320,0.577270,,,
1787980034872,-0.55530,0.23881,-1.23123,0.351749,0.609072,0.682706,,,
1787980034872,-0.61934,0.77891,-1.08373,0.505623,1.135612,0.738181,,,
1787980034872,-0.51546,1.35908,-1.29898,0.373452,1.222448,0.663024,,,
1787980034872,-0.44375,1.75818,-1.77777,0.195811,1.001588,0.510343,,,
1787980034872,-0.44375,1.75818,-1.77777,0.195811,1.001588,0.510343,,,
1787980034872,-0.56567,1.72755,-2.28240,0.173339,0.688463,0.325647,,,
1787980034872,-0.74241,1.23423,-2.70322,0.325908,0.456317,0.192078,,,
1787980034872,-0.43971,1.04793,-2.67153,0.557862,0.431822,0.293718,,,
1787980034872,-0.55971,0.96350,-2.51882,0.756411,0.548645,0.507935,,,
1787980034872,-0.74864,1.15194,-2.48802,0.903956,0.675533,0.654758,,,
1787980034872,-0.90911,1.51765,-2.49202,1.008227,0.686013,0.723178,,,
1787980034872,-0.90911,1.51765,-2.49202,1.008227,0.686013,0.723178,,,
1787980034872,-0.84224,2.07769,-2.26879,1.060184,0.550240,0.711418,,,
1787980034872,-0.95311,2.53200,-1.94858,1.023376,0.325831,0.581666,,,
1787980034872,-1.20248,2.45254,-1.82770,0.981724,0.132849,0.372475,,,
1787980034872,-1.38329,2.21910,-1.89440,1.111699,0.070581,0.141769,,,
1787980034872,-1.10944,2.23221,-1.65720,1.408298,0.182727,0.046884,,,
1787980034872,-0.84295,2.20727,-1.14889,1.752362,0.464777,0.036563,,,
1787980034872,-0.84295,2.20727,-1.14889,1.752362,0.464777,0.036563,,,
1787980034872,-0.84317,1.86776,-0.66183,1.961531,0.757093,0.019937,,,
1787980034872,-0.72379,1.44724,-0.17018,2.006232,0.946107,0.023089,,,
1787980034872,-0.50667,1.14445,0.12257,1.953522,1.015733,0.106874,,,
1787980034872,-0.35302,1.14372,0.55157,1.808371,0.970935,0.193328,,,
1787980034872,-0.46999,1.03431,0.81765,1.528298,0.884637,0.161954,,,
1787980034872,-0.42272,0.90280,0.96942,1.121505,0.767748,0.062212,,,
1787980034872,-0.42272,0.90280,0.96942,1.121505,0.767748,0.062212,,,
1787980034872,-0.35733,0.64169,0.70160,0.841825,0.599067,0.007056,,,
1787980034872,-0.54065,0.25112,0.38775,0.786424,0.542943,0.005927,,,
1787980034872,-0.57504,0.09264,0.32796,0.906934,0.652886,0.007012,,,
1787980034872,-0.56736,-0.13842,0.51542,1.053264,0.879053,0.009053,,,
1787980034872,-0.60361,-0.37079,0.65984,1.063519,1.063176,-0.009599,,,
1787980034872,-0.34603,-0.43331,0.81025,1.012760,1.072458,-0.035481,,,
1787980034872,-0.34603,-0.43331,0.81025,1.012760,1.072458,-0.035481,,,
1787980034872,-0.23103,-0.51819,0.97195,0.853268,1.008051,-0.111433,,,
1787980034872,0.18970,-0.60785,0.94203,0.613195,1.000311,-0.242048,,,
1787980034872,0.94835,-0.51907,0.56088,0.437264,0.977879,-0.237132,,,
1787980034872,1.85495,-0.29161,0.23786,0.388812,0.870856,-0.097471,,,
1787980034872,2.03137,-0.36841,0.23101,0.335073,0.535074,0.066697,,,
1787980034872,1.39854,-0.71424,-0.74218,0.690148,0.714055,0.282958,,,
1787980034872,1.39854,-0.71424,-0.74218,0.690148,0.714055,0.282958,,,
1787980034872,0.89924,-0.62720,-0.84185,1.278607,1.129723,0.539552,,,
1787980034872,0.37332,-0.58414,-0.26489,1.605535,1.388112,0.631113,,,
1787980034872,0.19244,-0.52940,0.14171,1.566854,1.406144,0.660718,,,
1787980034872,-0.07983,-0.63121,0.27397,1.363235,1.266900,0.615843,,,
1787980034872,-0.16697,-0.64943,0.24605,1.079920,1.015912,0.561175,,,
1787980034872,-0.18620,-0.48882,0.01615,0.850472,0.802957,0.546779,,,
1787980034872,-0.18620,-0.48882,0.01615,0.850472,0.802957,0.546779,,,
1787980034872,-0.36562,-0.30379,-0.21759,0.733066,0.687633,0.510191,,,
1787980034872,-0.42177,-0.05943,-0.40191,0.655015,0.630660,0.460094,,,
1787980034872,-0.43973,-0.01496,-0.50503,0.579362,0.561722,0.468626,,,
1787980034872,-0.74093,0.12274,-0.59599,0.468526,0.431062,0.431915,,,
1787980034872,-0.99918,0.27653,-0.73016,0.429694,0.351265,0.316814,,,
1787980034872,-1.16389,0.38187,-0.76298,0.498587,0.317124,0.137958,,,
1787980034872,-1.16389,0.38187,-0.76298,0.498587,0.317124,0.137958,,,
1787980034872,-1.21085,0.15864,-0.60301,0.575417,0.362003,-0.064948,,,
1787980034872,-0.87531,-0.01267,-0.17971,0.592096,0.317802,-0.251129,,,
1787980034872,-0.52308,-0.22799,0.15736,0.514846,0.205946,-0.406879,,,
1787980034872,-0.11813,-0.41943,0.57259,0.314837,0.091152,-0.506781,,,
1787980034872,0.44512,-0.36552,0.75069,0.026282,0.047210,-0.571944,,,
1787980034872,1.26073,0.11556,0.60310,-0.233094,-0.048511,-0.651769,,,
1787980034872,1.26073,0.11556,0.60310,-0.233094,-0.048511,-0.651769,,,
1787980034872,2.22579,0.44431,0.46868,-0.458769,-0.176268,-0.742380,,,
1787980034872,2.88685,-0.54402,-0.03411,-0.563790,-0.366177,-0.715084,,,
1787980034872,3.05414,-1.70686,-0.42807,-0.559824,-0.461516,-0.208072,,,
1787980034872,2.33747,-2.58870,-1.02010,-0.386406,-0.440365,0.492631,,,
1787980034872,1.68541,-1.66942,-1.19727,-0.041770,-0.239608,0.964226,,,
1787980034872,1.30064,-0.23197,-1.27037,0.370446,0.237716,1.090982,,,
1787980034872,1.30064,-0.23197,-1.27037,0.370446,0.237716,1.090982,,,
1787980034872,1.19386,0.50478,-1.23317,0.788682,0.783509,1.055529,,,
1787980034872,1.00175,0.26991,-1.16738,1.005283,1.107218,0.955552,,,
1787980034872,0.95625,0.07135,-1.20244,0.987306,1.153419,0.948042,,,
1787980034872,1.05692,0.19525,-1.32024,0.893331,1.043263,0.981968,,,
1787980034872,0.90027,0.21221,-1.45301,0.858061,0.842506,1.059969,,,
1787980034872,0.37525,0.12305,-1.38730,0.761522,0.657222,1.184290,,,
1787980034872,0.37525,0.12305,-1.38730,0.761522,0.657222,1.184290,,,
1787980034872,-0.30976,0.29731,-1.37902,0.568956,0.467217,1.295155,,,
1787980034872,-1.12235,0.84970,-1.50041,0.370014,0.245137,1.267474,,,
1787980034872,-1.72377,1.24271,-1.56251,0.206371,0.031740,1.120922,,,
1787980034872,-2.01399,1.84728,-1.53727,0.070078,-0.097819,0.908773,,,
1787980034872,-2.08280,2.53841,-1.45731,-0.028459,-0.207169,0.622542,,,
1787980034872,-2.06679,3.22158,-1.38588,-0.002806,-0.291363,0.307136,,,
1787980034872,-2.06679,3.22158,-1.38588,-0.002806,-0.291363,0.307136,,,
1787980034872,-2.35540,3.08203,-1.24798,0.141469,-0.297439,-0.121533,,,
1787980034872,-1.62302,3.50550,-0.47261,0.212670,-0.221044,-0.598566,,,
1787980034872,-0.79311,3.60775,-0.00805,0.072911,-0.136070,-1.002524,,,
1787980034872,-0.55622,2.16081,-0.24884,0.003277,-0.304209,-1.282857,,,
1787980034872,-0.17797,0.62585,-0.00503,0.089392,-0.645132,-1.203890,,,
1787980034872,-0.09243,-0.23918,0.85910,0.073210,-0.765298,-0.873102,,,
1787980034872,-0.09243,-0.23918,0.85910,0.073210,-0.765298,-0.873102,,,
1787980034872,0.10681,-0.06280,1.30960,0.015023,-0.537042,-0.687528,,,
1787980034872,0.77636,0.36607,1.36868,-0.013112,-0.159240,-0.429262,,,
1787980034872,0.49431,0.57328,1.12581,-0.068027,-0.156268,-0.196299,,,
1787980034872,-0.55852,0.65661,1.04935,-0.097486,-0.429087,-0.306818,,,
1787980034872,-1.09431,0.22950,1.35026,-0.205064,-0.604274,-0.598244,,,
1787980034872,-1.57287,-0.72006,1.35071,-0.275021,-0.423580,-0.917940,,,
1787980034872,-1.57287,-0.72006,1.35071,-0.275021,-0.423580,-0.917940,,,
1787980034872,-1.30313,-1.36664,1.30428,-0.257766,0.050870,-1.145707,,,
1787980034872,-0.64003,-1.88254,1.11415,-0.290113,0.562517,-1.249259,,,
1787980034872,0.00524,-2.16701,0.53824,-0.379334,0.853117,-1.382382,,,
1787980034872,1.51336,-1.93434,-0.07904,-0.455484,0.972327,-1.429116,,,
1787980034872,2.93890,-1.87999,-0.74534,-0.392624,0.989215,-1.315642,,,
1787980034872,4.63625,-1.95490,-1.16691,-0.233011,1.005132,-0.905678,,,
1787980034872,4.63625,-1.95490,-1.16691,-0.233011,1.005132,-0.905678,,,
1787980034872,5.23828,-1.97771,-1.44810,-0.107337,0.834514,-0.233154,,,
1787980034872,5.08056,-1.12211,-1.61891,-0.073033,0.325718,0.343836,,,
1787980034872,4.61039,-0.25861,-1.62151,0.091116,-0.181977,0.519090,,,
1787980034872,4.21358,-0.71536,-1.44255,0.432965,-0.180018,0.603100,,,
1787980034872,3.91879,-1.68307,-1.01269,0.721100,0.219515,1.104698,,,
1787980034872,2.62572,-1.37569,-0.66079,0.599739,0.442744,1.709837,,,
1787980034872,2.62572,-1.37569,-0.66079,0.599739,0.442744,1.709837,,,
1787980034872,1.58196,-0.24029,-0.97293,0.524707,0.505090,1.908598,,,
1787980034872,0.86810,0.88277,-1.60482,0.765716,0.720232,1.795170,,,
1787980034872,0.97729,1.75525,-1.62656,1.157732,1.145069,1.689107,,,
1787980034872,1.10983,1.99034,-1.36841,1.406443,1.453668,1.670370,,,
1787980034872,0.76935,1.77500,-1.25218,1.342772,1.415462,1.764509,,,
1787980034872,-0.42387,1.30368,-1.34802,1.086869,1.192897,1.832266,,,
1787980034872,-0.42387,1.30368,-1.34802,1.086869,1.192897,1.832266,,,
1787980034872,-1.36241,1.36072,-1.64592,0.779854,0.938897,1.753088,,,
1787980034872,-2.06208,1.58501,-1.98352,0.499211,0.729165,1.563840,,,
1787980045811,-2.36667,2.01251,-2.33621,0.297965,0.574564,1.312918,13.1250736,77.5898716,20.57
1787980045811,-2.45410,2.44053,-2.77664,0.243257,0.474211,1.095250,,,
1787980045811,-2.18238,3.26437,-2.82872,0.226352,0.392608,0.871837,,,
1787980045811,-2.07559,4.11776,-2.73182,0.214989,0.129628,0.496805,,,
1787980045811,-2.07559,4.11776,-2.73182,0.214989,0.129628,0.496805,,,
1787980045811,-2.31411,3.83780,-2.56983,0.194332,-0.172532,0.034866,,,
1787980045811,-2.04978,3.32665,-2.09700,0.143780,-0.366257,-0.279801,,,
1787980045811,-1.37127,3.55876,-1.55889,0.146557,-0.516771,-0.465900,,,
1787980045811,-0.62435,4.31772,-0.86333,0.181293,-0.603138,-0.598231,,,
1787980045811,-1.37314,3.33494,-0.77380,0.279085,-0.720644,-0.881159,,,
1787980045811,-1.84756,1.79571,-0.19993,0.463575,-0.808283,-1.109976,,,
1787980045811,-1.84756,1.79571,-0.19993,0.463575,-0.808283,-1.109976,,,
1787980045811,-1.72375,1.21764,0.46032,0.537506,-0.633787,-1.165458,,,
1787980045811,-1.18307,1.57120,1.08741,0.619427,-0.359915,-1.277684,,,
1787980045811,-0.54062,1.54500,1.49313,0.620806,-0.062883,-1.420704,,,
1787980045811,0.14139,1.20449,1.44453,0.523762,0.127731,-1.434827,,,
1787980045811,0.21467,0.56820,1.33104,0.377534,-0.004639,-1.473312,,,
1787980045811,0.34932,0.00540,1.48246,0.169481,-0.268955,-1.650164,,,
1787980045811,0.34932,0.00540,1.48246,0.169481,-0.268955,-1.650164,,,
1787980045811,0.74263,-0.70574,1.56660,-0.080985,-0.439202,-1.758335,,,
1787980045811,1.33029,-1.46069,1.46052,-0.191921,-0.382997,-1.770364,,,
1787980045811,1.88913,-2.21531,1.27239,-0.283271,-0.129122,-1.623066,,,
1787980045811,2.58078,-2.74081,0.78080,-0.185397,0.139960,-1.423640,,,
1787980045811,3.53105,-2.95809,0.67762,0.003238,0.381325,-1.162710,,,
1787980045811,4.48805,-3.21807,0.84984,0.096598,0.545594,-0.792806,,,
1787980045811,4.48805,-3.21807,0.84984,0.096598,0.545594,-0.792806,,,
1787980045811,5.23308,-2.80796,1.01102,-0.000014,0.560082,-0.353606,,,
1787980045811,5.58530,-2.28053,0.80036,-0.182617,0.464346,-0.018060,,,
1787980045811,5.97534,-1.56772,0.48018,-0.333368,0.360007,0.268543,,,
1787980045811,5.98619,-1.51252,-0.13880,-0.299407,0.339702,0.638496,,,
1787980045811,4.99451,-2.43577,-0.68172,-0.186897,0.341718,1.148281,,,
1787980045811,3.98586,-2.16790,-1.03452,-0.199665,0.362057,1.777301,,,
1787980045811,3.98586,-2.16790,-1.03452,-0.199665,0.362057,1.777301,,,
1787980045811,2.90570,-1.09121,-1.42054,-0.218700,0.319337,2.199417,,,
1787980045811,2.20756,0.79204,-1.89443,-0.093627,0.359196,2.343511,,,
1787980045811,1.81652,2.09478,-2.27931,0.294750,0.536319,2.323713,,,
1787980045811,1.42117,2.90263,-2.56525,0.832996,0.891637,2.272516,,,
1787980045811,1.16542,3.62824,-2.48689,1.329107,1.266783,2.320996,,,
1787980045811,0.03695,3.30718,-2.19436,1.617242,1.477414,2.283405,,,
1787980045811,0.03695,3.30718,-2.19436,1.617242,1.477414,2.283405,,,
1787980045811,-0.77369,3.00477,-2.08555,1.594222,1.506133,2.185723,,,
1787980045811,-1.42882,2.69198,-1.91898,1.293292,1.399407,2.014094,,,
1787980045811,-1.61808,2.75257,-2.03880,0.860539,1.071941,1.845177,,,
1787980045811,-1.96544,2.87817,-2.29511,0.453364,0.537791,1.707327,,,
1787980045811,-3.01685,2.72616,-2.83189,0.265000,-0.132861,1.523709,,,
1787980045811,-3.21011,3.37469,-2.77910,0.418465,-0.460470,1.370487,,,
1787980045811,-3.21011,3.37469,-2.77910,0.418465,-0.460470,1.370487,,,
1787980045811,-3.50224,4.70011,-2.04818,0.569736,-0.531084,1.251858,,,
1787980045811,-4.70115,5.75081,-1.65934,0.840305,-0.420841,0.509468,,,
1787980045811,-4.63398,6.74978,-1.02735,1.026508,0.123882,-0.826802,,,
1787980045811,-3.65498,6.17863,-0.83560,0.931989,0.441182,-2.014522,,,
1787980045811,-2.89566,3.93554,-1.30429,1.241473,-0.066907,-2.776708,,,
1787980045811,-0.91893,3.06477,0.93600,1.094338,-0.682630,-2.874121,,,
1787980045811,-0.91893,3.06477,0.93600,1.094338,-0.682630,-2.874121,,,
1787980045811,-0.05722,2.39368,2.19018,0.088178,-1.086271,-2.895293,,,
1787980045811,1.64984,1.82484,1.43891,-0.643388,-1.289500,-2.900627,,,
1787980045811,3.39820,0.93424,0.82164,-0.837970,-1.195587,-2.171830,,,
1787980045811,3.26640,0.09896,0.07486,-0.912519,-1.095132,-0.918374,,,
1787980045811,1.81709,0.12685,-0.17678,-1.001243,-1.414016,-0.164063,,,
1787980045811,-0.35471,0.17595,-0.33294,-1.017552,-1.962657,-0.342602,,,
1787980045811,-0.35471,0.17595,-0.33294,-1.017552,-1.962657,-0.342602,,,
1787980045811,-1.15867,-0.18765,-0.10531,-0.991244,-2.094093,-0.946535,,,
1787980045811,-0.96383,-0.60754,0.17482,-1.158599,-1.724831,-1.402035,,,
1787980045811,-0.41987,-0.84677,-0.15651,-1.209301,-1.129753,-1.735031,,,
1787980045811,0.60994,-1.22728,-0.75406,-1.011822,-0.647872,-2.117409,,,
1787980045811,2.42718,-1.50493,-0.95189,-0.622879,-0.137755,-2.289160,,,
1787980045811,5.29215,-1.68749,-0.68345,-0.188452,0.247976,-2.134630,,,
1787980045811,5.29215,-1.68749,-0.68345,-0.188452,0.247976,-2.134630,,,
1787980045811,7.33886,-2.64930,-0.33742,0.258824,0.597481,-1.694314,,,
1787980045811,10.03465,-2.41677,0.73305,0.296373,0.807135,-0.506580,,,
1787980045811,9.07106,-2.06990,0.64365,0.122021,0.431098,0.717673,,,
1787980045811,5.59586,-3.29336,-0.30200,0.190816,-0.162223,1.418824,,,
1787980045811,3.91090,-3.25566,-0.08624,0.351149,-0.097586,1.753072,,,
1787980045811,2.89109,-2.19837,0.24677,0.377023,0.418360,1.995308,,,
1787980045811,2.89109,-2.19837,0.24677,0.377023,0.418360,1.995308,,,
1787980045811,2.36104,-1.01405,0.10713,0.388260,1.104311,1.975329,,,
1787980045811,3.42428,0.59440,-0.31408,0.594471,1.710787,1.913839,,,
1787980045811,3.92794,1.37713,-0.29603,0.676002,1.994174,2.175688,,,
1787980045811,3.05863,2.24952,-1.09047,0.634053,2.170952,2.639951,,,
1787980045811,1.93337,2.79834,-1.75908,0.538459,2.182601,2.923708,,,
1787980045811,0.70845,2.99718,-1.41158,0.040557,1.580393,2.699129,,,
1787980045811,0.70845,2.99718,-1.41158,0.040557,1.580393,2.699129,,,
1787980045811,-0.23103,3.22139,-2.27150,-0.356745,1.032025,2.567791,,,
1787980045811,-1.32768,3.51714,-3.19138,-0.464227,0.676019,2.294102,,,
1787980045811,-2.14426,3.70920,-3.77785,-0.324014,0.432928,1.923523,,,
1787980045811,-2.70492,3.99965,-3.91282,-0.158088,0.275882,1.471224,,,
1787980045811,-2.87405,4.46730,-3.88927,-0.080034,0.120547,1.060352,,,
1787980045811,-3.04165,4.66950,-3.92571,-0.017544,0.039334,0.652959,,,
1787980045811,-3.04165,4.66950,-3.92571,-0.017544,0.039334,0.652959,,,
1787980045811,-2.96624,4.75518,-3.95206,0.100292,0.060367,0.260901,,,
1787980045811,-2.02041,5.99162,-3.48691,0.127800,0.037465,-0.073267,,,
1787980045811,-2.43195,5.71305,-3.68312,0.133150,-0.321129,-0.564433,,,
1787980045811,-2.95118,3.57570,-3.87007,0.625444,-0.763506,-1.051345,,,
1787980045811,-2.97752,2.66099,-2.54907,1.191445,-0.927228,-1.311790,,,
1787980045811,-2.76994,3.11056,-0.07656,1.439466,-0.648417,-1.594355,,,
1787980045811,-2.76994,3.11056,-0.07656,1.439466,-0.648417,-1.594355,,,
1787980045811,-1.70581,3.72205,1.36543,1.462961,-0.109010,-2.007386,,,
1787980045811,-0.04853,3.07884,1.81272,1.118631,0.282468,-2.215394,,,
1787980045811,1.34417,2.40820,1.42727,0.599219,0.029583,-2.066651,,,
1787980045811,1.20945,1.51494,0.74869,0.222841,-0.811468,-1.945831,,,
1787980045811,1.21613,0.88183,0.67169,0.040110,-1.414593,-2.071030,,,
1787980045811,1.83502,-0.15624,0.63836,0.191509,-1.752604,-2.023481,,,
1787980045811,1.83502,-0.15624,0.63836,0.191509,-1.752604,-2.023481,,,
1787980045811,2.08296,-1.13305,1.84634,0.493776,-1.595458,-1.945112,,,
1787980045811,2.22506,-2.20964,2.85848,0.119030,-0.700557,-1.631878,,,
1787980045811,2.84670,-2.48120,2.13608,0.112840,0.238417,-1.480162,,,
1787980045811,4.25780,-2.67021,1.83001,0.434132,0.486627,-1.321192,,,
1787980045811,5.53718,-2.90337,2.45229,0.446131,0.484867,-1.012796,,,
1787980045811,6.66371,-3.42110,3.04585,0.246403,0.400075,-0.513962,,,
1787980045811,6.66371,-3.42110,3.04585,0.246403,0.400075,-0.513962,,,
1787980045811,7.03064,-3.13759,3.22310,-0.242735,0.371310,0.179696,,,
1787980045811,6.24596,-2.43017,2.19416,-0.630526,0.345963,0.684956,,,
1787980045811,5.33855,-2.69720,1.10596,-0.656840,0.486987,1.020229,,,
1787980045811,4.93889,-1.90141,0.31657,-0.697896,0.832011,1.532584,,,
1787980045811,4.17830,-0.86433,-0.64806,-0.692156,1.060135,1.900430,,,
1787980045811,3.35049,0.15078,-1.76663,-0.468041,1.113667,2.062418,,,
1787980045811,3.35049,0.15078,-1.76663,-0.468041,1.113667,2.062418,,,
1787980045811,2.55217,0.36101,-2.41458,-0.061935,1.164139,2.218241,,,
1787980045811,1.95312,0.90411,-2.58259,0.376314,1.408854,2.427523,,,
1787980045811,1.73679,2.07113,-2.54817,0.730306,1.839118,2.604791,,,
1787980045811,1.90978,3.81989,-2.45496,0.957202,2.275035,2.454786,,,
1787980045811,1.85068,4.27273,-2.56300,0.870164,2.525011,2.102965,,,
1787980045811,1.88520,3.53038,-3.18755,0.461090,2.496004,1.953619,,,
1787980045811,1.88520,3.53038,-3.18755,0.461090,2.496004,1.953619,,,
1787980045811,1.79829,3.42022,-3.99204,0.027517,1.922550,2.007630,,,
1787980045811,0.85459,3.21261,-4.81258,-0.243032,0.924323,2.129126,,,
1787980045811,-0.17144,3.67613,-4.93802,-0.446089,-0.066039,2.072887,,,
1787980045811,-1.70086,3.82245,-4.96456,-0.575577,-0.900742,1.841788,,,
1787980045811,-2.44936,4.27047,-4.79446,-0.482636,-1.228435,1.528924,,,
1787980045811,-3.23414,4.94864,-4.38399,-0.235699,-1.160059,1.217711,,,
1787980045811,-3.23414,4.94864,-4.38399,-0.235699,-1.160059,1.217711,,,
1787980045811,-3.91393,5.24598,-4.13592,0.208963,-0.781454,0.675938,,,
1787980045811,-4.14888,5.22070,-3.55288,0.753737,-0.522617,-0.052268,,,
1787980045811,-3.94423,4.71389,-2.56810,1.078447,-0.603533,-0.798494,,,
1787980045811,-3.34317,3.64671,-1.07167,1.401583,-0.850208,-1.305282,,,
1787980045811,-2.95747,3.44317,0.79230,1.477725,-0.908930,-1.750364,,,
1787980045811,-2.09933,2.91708,2.69474,1.052246,-0.534416,-2.187999,,,
1787980045811,-2.09933,2.91708,2.69474,1.052246,-0.534416,-2.187999,,,
1787980045811,-0.64099,2.17270,2.90568,0.425597,-0.254826,-2.365400,,,
1787980045811,1.12074,1.61396,2.19830,-0.088343,-0.300375,-2.215869,,,
1787980045811,1.89884,1.03894,1.49322,-0.362379,-0.538747,-1.849977,,,
1787980045811,2.30039,0.99548,1.00653,-0.371570,-0.759011,-1.371810,,,
1787980045811,2.00118,1.00271,0.94758,-0.296197,-0.885101,-1.018301,,,
1787980045811,1.25795,0.92030,0.89747,-0.218815,-0.903361,-0.919279,,,
1787980045811,1.25795,0.92030,0.89747,-0.218815,-0.903361,-0.919279,,,
1787980045811,0.61326,0.13616,0.80954,-0.082629,-0.864172,-0.965523,,,
1787980045811,0.20595,-0.71580,0.93544,0.016283,-0.611168,-1.031924,,,
1787980045811,0.40941,-1.19157,0.97611,0.023598,-0.289200,-1.122000,,,
1787980045811,1.04099,-1.60329,1.05911,-0.046122,-0.191668,-1.211142,,,
1787980045811,1.83491,-1.60842,0.99870,-0.256427,-0.151058,-1.259950,,,
1787980045811,2.90906,-1.81457,0.46142,-0.268042,-0.142264,-1.180595,,,
1787980045811,2.90906,-1.81457,0.46142,-0.268042,-0.142264,-1.180595,,,
1787980045811,3.65379,-2.08712,0.31405,-0.108062,-0.126634,-0.905231,,,
1787980045811,4.34091,-2.23527,0.43683,0.181730,-0.035821,-0.450588,,,
1787980045811,4.11855,-2.58101,0.88417,0.413238,0.111907,0.020130,,,
1787980045811,3.53478,-2.72605,1.41562,0.387129,0.206106,0.390986,,,
1787980045811,3.34109,-2.35192,1.68591,0.098417,0.196026,0.679565,,,
1787980045811,2.87662,-2.09028,1.24774,-0.228774,0.168785,0.943926,,,
1787980045811,2.87662,-2.09028,1.24774,-0.228774,0.168785,0.943926,,,
1787980045811,2.66977,-1.51890,0.62748,-0.376349,0.166849,1.241106,,,
1787980045811,2.41536,-0.32142,-0.03009,-0.372101,0.225821,1.517907,,,
1787980045811,1.93278,0.55344,-0.46467,-0.186255,0.231725,1.692951,,,
1787980045811,0.89929,0.86170,-0.94933,0.121782,0.365357,1.785690,,,
1787980045811,0.03901,1.03260,-1.15384,0.529118,0.639336,1.838839,,,
1787980045811,-0.80093,1.02609,-1.03295,0.802109,0.875274,1.783467,,,
1787980045811,-0.80093,1.02609,-1.03295,0.802109,0.875274,1.783467,,,
1787980045811,-1.35067,1.18102,-0.90754,0.783680,0.986407,1.632623,,,
1787980045811,-1.48139,1.67451,-0.96672,0.545744,1.085924,1.385465,,,
1787980045811,-1.37887,2.27455,-1.52302,0.347548,1.131821,1.110068,,,
1787980045811,-1.11507,2.89139,-2.37273,0.356987,1.147055,0.770819,,,
1787980045811,-0.88247,2.86497,-2.86661,0.505655,1.147514,0.460390,,,
1787980045811,-0.69378,2.30973,-3.10691,0.577008,1.035495,0.307423,,,
1787980045811,-0.69378,2.30973,-3.10691,0.577008,1.035495,0.307423,,,
1787980045811,-0.63410,1.70874,-3.26022,0.575392,0.636349,0.242058,,,
1787980045811,-0.76652,1.11959,-3.25956,0.623923,0.070014,0.268053,,,
1787980045811,-1.18120,0.67982,-2.90798,0.732451,-0.377961,0.189262,,,
1787980045811,-1.21834,0.24199,-2.01582,0.860168,-0.624315,0.072380,,,
1787980045811,-1.30615,-0.03913,-1.21228,0.951098,-0.596494,-0.091640,,,
1787980045811,-1.03210,-0.11447,-0.30825,0.978712,-0.304114,-0.309333,,,
1787980045811,-1.03210,-0.11447,-0.30825,0.978712,-0.304114,-0.309333,,,
1787980045811,-0.48757,-0.26022,0.22979,0.966483,0.146147,-0.500623,,,
1787980045811,0.55403,-0.50186,0.51676,0.864230,0.341077,-0.524884,,,
1787980045811,1.39296,-0.29166,0.76378,0.874467,0.408236,-0.281485,,,
1787980045811,1.90460,0.94526,1.43333,0.656807,0.544667,-0.125583,,,
1787980045811,1.73303,1.12142,1.15541,0.281982,0.352902,-0.131077,,,
1787980045811,1.33184,0.06020,0.29404,0.250245,0.012908,-0.054324,,,
1787980045811,1.33184,0.06020,0.29404,0.250245,0.012908,-0.054324,,,
1787980045811,0.66614,-0.69831,0.33428,0.413819,-0.155259,0.254033,,,
1787980045811,-0.16211,-0.69014,1.05228,0.428839,-0.045380,0.505757,,,
1787980045811,-0.68337,-0.43870,1.19759,0.321027,0.180760,0.637259,,,
1787980045811,-0.79117,0.44476,1.08647,0.172497,0.412007,0.635886,,,
1787980045811,-0.63891,1.02028,0.95378,-0.080694,0.461169,0.729901,,,
1787980045811,-1.08408,1.79650,0.50241,-0.443715,0.276702,0.689270,,,
1787980045811,-1.35186,2.35970,0.03791,-0.739228,-0.011883,0.465571,,,
1787980045811,-1.43913,2.54464,-0.40466,-0.828110,-0.078637,0.320212,,,
1787980045811,-1.37941,2.46343,-0.51442,-0.745464,0.189802,0.380964,,,
1787980045811,-2.42476,1.97263,-1.03876,-0.548319,0.438147,0.132069,,,
1787980045811,-2.49855,1.44383,-1.39480,-0.274809,0.484615,-0.341692,,,
1787980045811,-1.70265,1.09206,-0.77606,-0.206933,0.422126,-0.489987,,,
1787980045811,-1.63672,1.01045,-0.57408,-0.324506,0.091401,-0.810145,,,
1787980045811,-0.88132,0.80809,-0.27057,-0.459186,-0.282491,-1.218010,,,
1787980045811,-0.11694,0.49914,-0.06281,-0.534977,-0.539711,-1.385945,,,
1787980045811,0.49875,0.19875,0.06592,-0.542224,-0.666151,-1.496428,,,
1787980051979,1.15482,-0.41156,0.12384,-0.416300,-0.542008,-1.360184,13.1251033,77.5898304,18.21
1787980051979,1.54616,-1.07837,0.20874,-0.192604,-0.290946,-1.075287,,,
1787980051979,1.61668,-1.46185,0.33079,-0.070028,-0.051878,-0.791759,,,
1787980051979,1.70388,-1.58405,0.30608,-0.072902,-0.026870,-0.573450,,,
1787980051979,1.60322,-1.53812,0.15623,-0.089968,-0.147875,-0.416617,,,
1787980051979,1.60322,-1.53812,0.15623,-0.089968,-0.147875,-0.416617,,,
1787980051979,1.29340,-1.64779,-0.31522,0.069834,-0.179844,-0.305335,,,
1787980051979,1.39804,-1.65917,-0.02775,0.315298,-0.089508,-0.141359,,,
1787980051979,1.21169,-1.58407,0.43064,0.462525,0.120587,0.006301,,,
1787980051979,1.21906,-1.40632,0.72530,0.490996,0.274617,0.156615,,,
1787980051979,1.19134,-1.11615,0.83439,0.431275,0.275574,0.243791,,,
1787980051979,1.12644,-0.94418,0.79549,0.380746,0.188367,0.262643,,,
1787980051979,1.34704,-0.35834,0.95731,0.339673,0.110595,0.338680,,,
1787980051979,0.86326,-0.43554,1.10319,0.248980,-0.036623,0.411334,,,
1787980051979,0.49537,-0.44989,0.98989,0.127999,0.001991,0.454221,,,
1787980051979,0.81572,0.29775,0.39630,0.250307,0.193753,0.555469,,,
1787980051979,0.36659,0.41340,0.20533,0.482065,0.207587,0.612863,,,
1787980051979,-0.29064,-0.50762,0.14616,0.491997,0.329618,0.667725,,,
1787980051979,-0.42270,-0.32681,0.19568,0.341722,0.367385,0.848902,,,
1787980051979,-0.77327,0.19932,-0.01556,0.230563,0.300927,0.862040,,,
1787980051979,-1.00349,0.80538,-0.11364,0.173596,0.216177,0.706763,,,
1787980051979,-1.06126,1.04293,-0.08897,0.052863,0.166514,0.556492,,,
1787980051979,-1.05051,1.42402,-0.26848,-0.058461,0.103663,0.427449,,,
1787980051979,-1.22499,1.52751,-0.49215,-0.058732,0.074949,0.259792,,,
1787980051979,-1.38261,1.34859,-0.61239,-0.032315,0.143459,0.084254,,,
1787980051979,-1.31929,1.35106,-0.68737,-0.066902,0.201755,-0.061238,,,
1787980051979,-1.21678,1.30917,-1.02591,-0.097395,0.207521,-0.211457,,,
1787980051979,-1.10477,1.21794,-1.29524,-0.050058,0.142107,-0.380844,,,
1787980051979,-0.97417,0.87470,-1.57372,0.086390,0.147511,-0.515302,,,
1787980051979,-0.75902,0.63320,-1.66052,0.346625,0.332174,-0.569180,,,
1787980051979,-0.28206,0.54320,-1.42530,0.607163,0.615194,-0.569140,,,
1787980051979,0.24317,0.61099,-1.20220,0.727045,0.849143,-0.596976,,,
1787980051979,1.02917,0.64745,-1.12954,0.687494,0.831212,-0.647933,,,
1787980051979,1.02917,0.64745,-1.12954,0.687494,0.831212,-0.647933,,,
1787980051979,1.42521,0.08706,-1.27096,0.577315,0.641037,-0.597186,,,
1787980051979,1.50620,-0.61042,-1.49148,0.466609,0.362530,-0.470133,,,
1787980051979,1.56745,-0.91192,-1.56329,0.472767,0.079944,-0.297327,,,
1787980051979,1.37077,-1.31173,-1.37351,0.553361,0.038415,-0.108658,,,
1787980051979,1.70313,-1.10896,-0.96717,0.593337,0.183340,0.123754,,,
1787980051979,2.23877,-0.10996,-0.52830,0.444417,0.170770,0.339634,,,
1787980051979,1.61995,-0.62675,-0.90574,0.332307,-0.046565,0.506307,,,
1787980051979,1.49738,0.03446,-0.74223,0.297635,-0.335593,0.642786,,,
1787980051979,0.70345,-0.14284,-0.85004,0.351854,-0.553991,0.692254,,,
1787980051979,0.46332,0.02161,-0.69208,0.554049,-0.545696,0.783488,,,
1787980051979,0.05954,0.07182,-0.45147,0.841628,-0.193730,0.906252,,,
1787980051979,-0.25376,0.36067,-0.00449,1.066949,0.201860,1.036222,,,
1787980051979,-0.76921,0.60378,0.25900,1.166737,0.517719,1.039902,,,
1787980051979,-1.19601,0.70377,0.31451,1.200422,0.731295,0.918902,,,
1787980051979,-1.25165,0.97086,0.32152,1.213153,0.774767,0.838266,,,
1787980051979,-1.35474,1.35534,0.30006,1.311635,0.796889,0.762764,,,
1787980051979,-1.59837,1.35300,0.42826,1.387545,0.876432,0.652470,,,
1787980051979,-1.82705,1.33358,0.64423,1.293564,0.951824,0.497515,,,
1787980051979,-1.82773,1.29244,0.78135,1.009084,0.913295,0.279971,,,
1787980051979,-1.50047,1.48975,0.94291,0.495127,0.628718,0.004434,,,
1787980051979,-1.36066,1.41373,0.77229,-0.121867,0.090344,-0.334246,,,
1787980051979,-1.11976,1.12136,0.32981,-0.619805,-0.492306,-0.653238,,,
1787980051979,-0.86529,0.79319,0.02704,-0.871562,-0.791807,-0.787776,,,
1787980051979,-0.52874,0.54195,-0.23373,-0.929348,-0.835430,-0.787022,,,
1787980051979,0.02085,0.69052,-0.30066,-0.800739,-0.673067,-0.687881,,,
1787980051979,0.41220,0.84446,-0.28564,-0.597712,-0.441701,-0.557902,,,
1787980051979,0.48654,0.71656,-0.21674,-0.502092,-0.286132,-0.463607,,,
1787980051979,0.48654,0.71656,-0.21674,-0.502092,-0.286132,-0.463607,,,
1787980051979,0.44462,0.56339,-0.11918,-0.582721,-0.446524,-0.407987,,,
1787980051979,0.23325,0.29985,0.03119,-0.753050,-0.831971,-0.416178,,,
1787980051979,-0.23403,-0.04814,0.43427,-1.021890,-1.205466,-0.474267,,,
1787980051979,-0.54152,-0.40857,0.35417,-1.250405,-1.240341,-0.519298,,,
1787980051979,-0.41353,-0.44456,0.00681,-1.308962,-1.083983,-0.493889,,,
1787980051979,-0.30837,-0.25829,-0.29841,-1.216713,-0.922066,-0.438274,,,
1787980051979,-0.27908,-0.01208,-0.53948,-1.052394,-0.780210,-0.483998,,,
1787980051979,-0.25486,-0.13055,-0.70750,-0.872962,-0.632937,-0.595766,,,
1787980051979,0.06834,-0.22469,-0.83438,-0.642598,-0.443334,-0.663186,,,
1787980051979,0.30714,-0.59274,-0.94639,-0.378240,-0.180341,-0.689031,,,
1787980051979,0.99101,-0.66107,-0.76055,-0.157664,0.062250,-0.631252,,,
1787980051979,1.42759,-0.74415,-0.55973,-0.104139,0.104246,-0.554311,,,
1787980051979,2.08934,-0.80025,-0.30548,-0.213759,-0.052976,-0.418721,,,
1787980051979,1.95860,-1.12967,-0.30491,-0.485772,-0.448432,-0.171012,,,
1787980051979,1.72959,-0.98339,-0.50809,-0.727476,-0.956518,0.104942,,,
1787980051979,1.19765,-0.62769,-0.66268,-0.694983,-1.226693,0.314178,,,
1787980051979,0.52806,-0.41527,-0.55946,-0.447628,-1.105669,0.374306,,,
1787980051979,0.20511,-0.30847,-0.45468,-0.102131,-0.622385,0.377939,,,
1787980051979,0.02029,-0.38197,-0.37318,0.279112,-0.020782,0.412261,,,
1787980051979,-0.09465,-0.34481,-0.21197,0.592191,0.386716,0.448878,,,
1787980051979,-0.09243,-0.06267,0.14668,0.674288,0.557112,0.454990,,,
1787980051979,-0.28996,-0.02893,0.17119,0.666366,0.607472,0.383071,,,
1787980051979,-0.21824,0.01037,0.10042,0.758819,0.700054,0.297873,,,
1787980051979,0.02634,0.02423,0.18485,0.858738,0.895140,0.287663,,,
1787980051979,0.38631,0.03077,0.32390,0.867806,1.055839,0.365951,,,
1787980051979,0.44158,0.03384,0.32456,0.769925,1.073876,0.493269,,,
1787980051979,0.32206,0.18261,0.22187,0.543528,0.929652,0.608595,,,
1787980051979,0.32206,0.18261,0.22187,0.543528,0.929652,0.608595,,,
1787980051979,0.02688,0.35689,-0.03527,0.291158,0.631166,0.653687,,,
1787980051979,-0.32684,0.74451,-0.21489,0.076310,0.281688,0.621920,,,
1787980051979,-0.73099,0.95239,-0.39141,-0.050971,0.029383,0.532545,,,
1787980051979,-1.21320,1.06725,-0.49105,-0.096799,-0.052548,0.412280,,,
1787980051979,-1.53246,1.08636,-0.55026,-0.023891,-0.048077,0.181387,,,
1787980051979,-1.71229,0.69827,-0.57160,0.156192,0.075657,-0.104111,,,
1787980051979,-1.27850,0.46999,-0.19432,0.168185,0.229895,-0.271855,,,
1787980051979,-0.67941,0.29896,0.10855,-0.043813,0.228446,-0.233086,,,
1787980051979,-0.57197,0.31293,-0.07072,-0.352427,0.014356,-0.281756,,,
1787980051979,0.01781,0.85727,-0.23544,-0.643927,-0.370685,-0.306093,,,
1787980051979,0.21386,1.29836,-0.22185,-0.840222,-0.811552,-0.313655,,,
1787980051979,-0.03576,1.11020,-0.13893,-0.849989,-1.062650,-0.357367,,,
1787980051979,-0.37638,0.65914,0.13190,-0.817412,-0.997326,-0.348815,,,
1787980051979,-0.52273,0.28229,0.34459,-0.752227,-0.832099,-0.248031,,,
1787980051979,-1.03724,-0.15326,0.57065,-0.707799,-0.781320,-0.200339,,,
1787980051979,-1.33163,-0.29192,0.79726,-0.807327,-0.647773,-0.270924,,,
1787980051979,-1.12191,0.17377,0.84594,-0.949303,-0.575311,-0.345837,,,
1787980051979,-1.15434,0.18972,0.70161,-1.134615,-0.566258,-0.568926,,,
1787980051979,-0.52566,0.27984,0.56818,-1.453488,-0.666420,-0.746030,,,
1787980051979,0.49212,0.89298,0.30495,-1.875483,-0.930489,-0.820730,,,
1787980051979,1.10103,0.90713,0.07279,-2.369744,-1.263781,-0.707371,,,
1787980051979,1.20055,1.13496,-0.59029,-2.734744,-1.737388,-0.468585,,,
1787980051979,0.59724,1.58742,-0.99938,-2.826114,-2.092546,-0.269210,,,
1787980051979,-0.63235,1.29423,-1.40342,-2.601644,-2.122515,-0.384155,,,
1787980051979,-0.80106,0.55556,-1.70337,-2.063854,-1.985816,-0.375729,,,
1787980051979,-1.50785,-0.22319,-1.68168,-1.413689,-1.527530,-0.469197,,,
1787980051979,-1.34691,-0.59562,-1.20188,-1.004201,-0.871554,-0.762112,,,
1787980051979,-1.34691,-0.59562,-1.20188,-1.004201,-0.871554,-0.762112,,,
1787980051979,-0.16458,-0.92656,-0.92846,-0.849584,-0.296833,-0.740262,,,
1787980051979,0.93267,-0.75257,-0.83081,-0.943161,-0.009484,-0.564740,,,
1787980051979,1.35704,-0.36207,-1.06846,-1.180808,-0.129000,-0.720757,,,
1787980051979,1.86040,-0.62930,-1.43560,-1.327101,-0.339472,-0.890468,,,
1787980051979,2.58100,-0.68886,-1.38770,-1.259409,-0.655987,-0.654473,,,
1787980051979,1.86473,-0.96126,-1.03374,-1.155838,-0.992757,-0.289498,,,
1787980051979,-0.08229,-1.63954,-0.09621,-1.274204,-1.155405,-0.208906,,,
1787980051979,-0.85524,-1.96982,0.69212,-1.626989,-1.200839,-0.365421,,,
1787980051979,-0.69933,-0.40942,2.89432,-2.383775,-1.027300,-0.606446,,,
1787980051979,-1.70031,1.83249,4.63206,-3.657970,-1.351349,-1.477621,,,
1787980051979,0.56686,1.26568,2.57133,-4.746092,-1.334281,-2.489441,,,
1787980051979,2.05488,-0.21783,1.08539,-5.265969,-2.047785,-1.956098,,,
1787980051979,-0.20054,-0.85342,2.59302,-5.727246,-3.011395,-1.284122,,,
1787980051979,-0.78503,0.91618,2.73712,-6.267513,-2.409343,-1.156966,,,
1787980051979,0.03989,1.66145,1.95615,-6.174242,-2.453692,-1.177122,,,
1787980051979,0.94462,1.73615,1.56550,-5.589619,-1.976144,-0.923643,,,
1787980051979,2.84755,0.61734,1.89051,-4.501854,-1.360320,-0.464090,,,
1787980051979,3.01910,0.59926,1.82062,-3.042614,-2.014583,0.110198,,,
1787980051979,1.24188,0.28953,0.80875,-1.645440,-1.439761,0.684832,,,
1787980051979,0.64908,0.94440,1.21822,-1.024701,-0.800845,1.277351,,,
1787980051979,-0.47718,1.79295,0.90687,-0.947839,-0.800104,1.419639,,,
1787980051979,-0.91066,2.77267,0.70552,-0.975162,-1.045252,1.246982,,,
1787980051979,-1.43337,3.17579,0.21852,-0.768539,-1.102180,0.711351,,,
1787980051979,-1.41103,3.82145,0.59609,-0.509608,-0.853814,0.281322,,,
1787980051979,-1.16650,3.41232,0.97594,-0.542682,-0.731878,0.353843,,,
1787980051979,-2.19568,2.88639,0.80135,-0.814075,-0.835483,0.530230,,,
1787980051979,-2.64915,3.13356,-0.01987,-0.876637,-0.683899,0.315178,,,
1787980051979,-2.64915,3.13356,-0.01987,-0.876637,-0.683899,0.315178,,,
1787980051979,-1.35666,3.69181,-0.15626,-0.577570,-0.444234,0.095698,,,
1787980051979,-1.46148,2.51812,-0.20571,-0.175541,-0.345912,0.205228,,,
1787980051979,-2.26033,1.71957,0.08686,-0.050570,-0.142588,0.106165,,,
1787980051979,-2.54367,0.41548,0.13641,-0.061708,-0.284038,-0.101139,,,
1787980051979,-2.76345,-0.40514,0.23139,-0.352069,-0.515081,-0.284253,,,
1787980051979,-2.22342,-0.17849,0.06343,-0.592706,-0.350401,-0.424667,,,
1787980051979,-1.72103,1.11565,-0.61908,-0.505835,0.281959,-0.425495,,,
1787980051979,-0.66289,-0.19428,-1.09914,0.241585,0.883295,-0.804901,,,
1787980051979,1.26855,-2.02292,0.06791,1.044649,0.654002,-0.879804,,,
1787980051979,2.80212,-2.59613,1.37660,0.907240,0.725018,-0.205611,,,
1787980051979,2.00626,-2.20320,1.11323,0.053909,0.923609,0.291688,,,
1787980051979,0.87971,-1.77491,-0.13921,-0.458031,0.389215,0.203578,,,
1787980051979,0.66673,-1.45094,-0.33287,-0.680829,-0.447768,0.076304,,,
1787980051979,0.10809,-0.79860,-0.64179,-0.911635,-0.846507,0.077750,,,
1787980051979,-0.21882,-0.59267,-0.90729,-0.939544,-0.919718,-0.009150,,,
1787980051979,-0.13755,-0.43593,-1.14034,-0.911167,-0.552879,0.036044,,,
1787980051979,-0.33487,-0.26175,-1.41976,-0.881400,-0.328677,0.190532,,,
1787980051979,-0.55100,-0.04212,-1.39967,-0.759552,-0.498028,0.192467,,,
1787980051979,-1.00112,-0.24073,-1.27016,-0.743321,-0.717487,0.057289,,,
1787980051979,-0.60033,-0.26556,-0.63109,-0.786393,-1.054487,-0.019231,,,
1787980051979,-0.10465,1.20216,0.00553,-0.903056,-0.951665,0.078667,,,
1787980051979,-0.58604,0.75547,-0.87454,-0.785834,-0.388958,-0.079976,,,
1787980051979,-0.17287,0.40525,-1.24805,-0.345176,-0.299532,-0.206039,,,
1787980051979,0.17438,0.34470,-1.54710,0.090432,-0.353485,0.172580,,,
1787980051979,-0.54870,0.03741,-1.06520,0.345905,-0.386689,0.438957,,,
1787980051979,-0.59650,-0.03834,-0.38650,0.245259,-0.320061,0.222358,,,
1787980051979,-0.00016,-0.06737,-0.23730,-0.119091,-0.252513,-0.017309,,,
1787980051979,-0.00016,-0.06737,-0.23730,-0.119091,-0.252513,-0.017309,,,
1787980051979,1.16410,0.62025,-0.37898,-0.405750,-0.378214,0.079592,,,
1787980051979,0.83553,0.57455,-0.63500,-0.184209,-0.465745,0.119220,,,
1787980051979,1.03618,0.84030,0.09908,0.287351,-0.270267,0.124040,,,
1787980057993,0.88156,0.56219,0.80158,0.533146,-0.016138,0.193455,13.1250560,77.5897762,19.24
1787980057993,0.77008,0.64278,1.31682,0.429908,0.260350,0.223130,,,
1787980057993,0.49585,0.52394,1.35599,0.267903,0.167881,0.148436,,,
1787980057993,-0.22193,0.03183,1.06610,0.260445,-0.044582,0.079385,,,
1787980057993,-0.48523,0.32744,1.10196,0.357455,0.002669,0.159007,,,
1787980057993,-1.00313,0.22758,0.90105,0.510036,0.373416,0.211684,,,
1787980057993,-0.89569,0.58675,0.85335,0.430896,0.628147,0.208145,,,
1787980057993,-0.88644,0.74273,0.07923,0.092019,0.623716,0.097905,,,
1787980057993,-0.61093,0.81537,-0.25093,-0.207584,0.125646,-0.125574,,,
1787980057993,-0.53011,0.83139,-0.32482,-0.411632,-0.147885,-0.326930,,,
1787980057993,-0.12045,0.84292,-0.57503,-0.237490,-0.000373,-0.351521,,,
1787980057993,0.37194,0.54070,0.02504,-0.048445,-0.186009,-0.360191,,,
1787980057993,0.27110,0.77748,0.72123,-0.470854,-0.377802,-0.336111,,,
1787980057993,0.01908,0.80534,0.48747,-0.788589,-0.261214,-0.404329,,,
1787980057993,-0.24418,0.88435,0.08889,-0.691098,-0.029468,-0.338270,,,
1787980057993,-0.96828,1.11185,-0.11110,-0.282933,0.251468,-0.252104,,,
1787980057993,-1.51304,0.98272,0.13815,-0.005468,0.330471,-0.446012,,,
1787980057993,-1.13174,1.03594,0.87912,-0.354178,0.244443,-0.679569,,,
1787980057993,-0.04678,0.87900,0.87281,-0.880090,0.097488,-0.786387,,,
1787980057993,1.19119,0.09247,-0.32078,-1.087912,-0.029105,-0.657588,,,
1787980057993,2.04196,-0.02358,-0.51332,-1.004484,-0.224700,-0.403930,,,
1787980057993,2.16632,-0.69303,-1.02149,-0.696748,-0.085530,-0.030104,,,
1787980057993,1.74170,-1.30787,-0.79941,-0.264064,-0.116472,0.223022,,,
1787980057993,2.25445,-3.21694,0.21323,0.013490,-0.272370,0.479411,,,
1787980057993,2.25445,-3.21694,0.21323,0.013490,-0.272370,0.479411,,,
1787980057993,3.82498,-3.35692,1.37871,-0.675444,0.250512,0.868654,,,
1787980057993,3.71563,-0.36403,0.60675,-1.832695,-0.109649,1.581894,,,
1787980057993,1.82800,1.49487,-0.62080,-1.952004,-1.301930,1.379939,,,
1787980057993,-0.29425,2.70502,-0.17554,-1.435540,-1.889462,1.130057,,,
1787980057993,-1.45890,3.82366,0.60572,-0.798196,-1.228371,1.095358,,,
1787980057993,-2.22431,4.52561,1.03098,0.036780,-0.245341,0.757894,,,
1787980057993,-2.00828,4.42699,1.72298,0.976921,0.294780,0.820031,,,
1787980057993,-3.67759,5.32976,3.08872,1.442711,0.592529,0.749106,,,
1787980057993,-5.21450,5.37775,3.52618,0.979620,1.228310,0.015078,,,
1787980057993,-5.69027,5.23165,3.75723,-0.009954,1.788262,-0.921761,,,
1787980057993,-5.07078,5.20778,2.74041,-0.850061,2.415540,-1.990137,,,
1787980057993,-1.92033,5.45635,1.32214,-1.212725,2.997217,-2.803353,,,
1787980057993,0.21622,4.75227,-0.27290,-1.183175,3.304939,-2.708220,,,
1787980057993,1.83437,4.53368,-1.76578,-0.206963,2.730673,-2.931953,,,
1787980057993,2.57068,3.69022,-0.21286,0.046922,1.141686,-3.887664,,,
1787980057993,3.81883,2.70925,1.30557,-0.982084,0.532155,-4.411492,,,
1787980057993,5.67382,2.59185,0.80398,-2.032066,0.360821,-4.560802,,,
1787980057993,6.40402,2.17523,-1.18147,-2.400117,0.247598,-4.292003,,,
1787980057993,6.56424,1.48920,-2.33193,-2.139043,-0.003197,-3.944885,,,
1787980057993,6.51426,0.55827,-2.47313,-1.957956,-0.242392,-3.554987,,,
1787980057993,6.63109,-0.45814,-2.72221,-2.141939,-0.515288,-3.037880,,,
1787980057993,6.34637,-1.43456,-3.55200,-2.260626,-0.967845,-2.397792,,,
1787980057993,6.06562,-1.88594,-4.32224,-1.965687,-1.420148,-1.545372,,,
1787980057993,4.69087,-2.16457,-4.56931,-1.396819,-1.664787,-0.649566,,,
1787980057993,3.50099,-1.88718,-4.12217,-0.814107,-1.612957,-0.188651,,,
1787980057993,3.02710,-1.84639,-3.20431,-0.351446,-1.515118,0.094470,,,
1787980057993,2.65517,-1.78007,-2.37424,0.043315,-1.413364,0.385154,,,
1787980057993,2.65517,-1.78007,-2.37424,0.043315,-1.413364,0.385154,,,
1787980057993,2.36389,-1.44918,-1.35347,0.357039,-1.198301,0.627227,,,
1787980057993,1.88031,-1.30063,-0.55523,0.507514,-1.019688,0.877541,,,
1787980057993,1.18005,-0.89361,0.01960,0.594639,-0.797101,1.057440,,,
1787980057993,0.73645,-0.51100,0.38735,0.789602,-0.568708,1.137524,,,
1787980057993,0.41982,-0.01559,0.92709,1.113341,-0.411178,1.202723,,,
1787980057993,0.09410,0.41741,1.47007,1.308363,-0.155309,1.296811,,,
1787980057993,-0.44178,0.77691,1.85181,1.307395,0.077362,1.372384,,,
1787980057993,-0.86355,1.19323,2.04314,1.153567,0.141496,1.335979,,,
1787980057993,-1.48406,1.79990,1.82065,0.904542,0.146105,1.151548,,,
1787980057993,-1.76394,2.10246,1.50322,0.686145,0.140278,0.858808,,,
1787980057993,-2.05781,1.90436,0.97392,0.584100,0.124431,0.672144,,,
1787980057993,-2.36107,1.71143,0.86183,0.535778,0.160733,0.579106,,,
1787980057993,-2.59100,1.96034,1.01657,0.266730,0.233265,0.357894,,,
1787980057993,-2.63349,2.10580,0.81225,-0.177972,0.249450,-0.022867,,,
1787980057993,-2.27209,2.13431,0.11311,-0.579056,0.165388,-0.372198,,,
1787980057993,-2.05709,1.98596,-0.31677,-0.835272,-0.052026,-0.635925,,,
1787980057993,-1.76356,2.03340,-0.71006,-0.939794,-0.264176,-0.847432,,,
1787980057993,-1.69932,1.85791,-0.97191,-0.871733,-0.311617,-1.102252,,,
1787980057993,-1.24916,1.91585,-1.12922,-0.721527,-0.110254,-1.313291,,,
1787980057993,-0.68927,1.93485,-1.19810,-0.533089,0.085986,-1.518260,,,
1787980057993,0.02920,1.63728,-1.17573,-0.413233,0.154007,-1.688190,,,
1787980057993,0.60098,1.22242,-1.15443,-0.395441,0.090913,-1.798240,,,
1787980057993,1.33034,0.51667,-1.10751,-0.430669,-0.037331,-1.829393,,,
1787980057993,2.12601,-0.04582,-1.17384,-0.468488,-0.180011,-1.715822,,,
1787980057993,2.69786,-0.89684,-1.25608,-0.471397,-0.364534,-1.437649,,,
1787980057993,2.91772,-1.29548,-1.24456,-0.496944,-0.619947,-1.010595,,,
1787980057993,2.62306,-1.30987,-1.08196,-0.595867,-0.944864,-0.679565,,,
1787980057993,2.62306,-1.30987,-1.08196,-0.595867,-0.944864,-0.679565,,,
1787980057993,2.33414,-1.16464,-0.90986,-0.763411,-1.143621,-0.446019,,,
1787980057993,1.69836,-1.08080,-1.07807,-0.820774,-1.175184,-0.341980,,,
1787980057993,1.33087,-1.10038,-1.25889,-0.729577,-1.105390,-0.336166,,,
1787980057993,1.21183,-1.10838,-1.42260,-0.599423,-0.900213,-0.281873,,,
1787980057993,1.34343,-0.96614,-1.46521,-0.406489,-0.640296,-0.170426,,,
1787980057993,1.58212,-0.71263,-1.43589,-0.129751,-0.410131,-0.085294,,,
1787980057993,1.86389,-0.50879,-1.25410,0.106429,-0.277830,0.033217,,,
1787980057993,1.84676,-0.60478,-1.05860,0.295836,-0.301673,0.200672,,,
1787980057993,1.56869,-0.73540,-0.79263,0.457532,-0.321964,0.381437,,,
1787980057993,1.25225,-0.63538,-0.33648,0.581575,-0.312283,0.540786,,,
1787980057993,0.93987,-0.44251,0.10808,0.645324,-0.266038,0.691848,,,
1787980057993,0.54156,-0.10823,0.62851,0.607601,-0.194401,0.802020,,,
1787980057993,0.12470,0.20418,0.84827,0.435687,-0.086211,0.778643,,,
1787980057993,-0.31992,0.45379,0.87172,0.225795,-0.071825,0.609160,,,
1787980057993,-0.53594,0.42545,0.77383,0.051391,-0.067313,0.432893,,,
1787980057993,-0.51714,0.64377,0.60809,-0.044210,-0.086868,0.300392,,,
1787980057993,-0.72752,0.49956,0.39812,-0.028028,-0.079464,0.158095,,,
1787980057993,-0.67587,0.28017,0.30077,0.050540,0.044159,0.119966,,,
1787980057993,-0.73414,0.18635,0.28827,0.153740,0.184236,0.157269,,,
1787980057993,-0.74376,0.41711,0.43717,0.176830,0.293260,0.149839,,,
1787980057993,-0.79376,0.54812,0.39347,0.100792,0.337147,0.080432,,,
1787980057993,-0.85606,0.52220,0.19893,0.046933,0.301537,-0.015126,,,
1787980057993,-0.92133,0.38464,0.05037,-0.000832,0.230798,-0.117302,,,
1787980057993,-0.79622,0.37060,0.02397,-0.066465,0.173553,-0.224744,,,
1787980057993,-0.68494,0.24834,-0.10434,-0.116559,0.162220,-0.317679,,,
1787980057993,-0.41121,0.17232,-0.27977,-0.145563,0.166765,-0.379575,,,
1787980057993,-0.19038,0.09699,-0.44085,-0.183458,0.126043,-0.383084,,,
1787980057993,-0.19038,0.09699,-0.44085,-0.183458,0.126043,-0.383084,,,
1787980057993,0.02363,0.10475,-0.63054,-0.187569,0.044011,-0.377993,,,
1787980057993,0.11074,0.03498,-0.79714,-0.133752,-0.057307,-0.399203,,,
1787980057993,0.20221,-0.20799,-0.86319,-0.000899,-0.124159,-0.367169,,,
1787980057993,0.29092,-0.37990,-0.71846,0.146530,-0.108735,-0.273964,,,
1787980057993,0.31015,-0.45277,-0.35701,0.216854,-0.073113,-0.188755,,,
1787980057993,0.28276,-0.56970,-0.15632,0.196576,-0.035877,-0.136221,,,
1787980057993,0.42464,-0.41497,-0.06600,0.124313,-0.023201,-0.097264,,,
1787980057993,0.45443,-0.37855,-0.09869,0.051161,-0.111221,-0.048785,,,
1787980057993,0.44892,-0.37025,-0.09958,-0.011205,-0.200595,-0.003189,,,
1787980057993,0.51832,-0.21634,-0.01884,-0.094628,-0.287035,0.086137,,,
1787980057993,0.26363,-0.00027,-0.07036,-0.165337,-0.355819,0.132632,,,
1787980057993,0.02500,0.07406,-0.12915,-0.090796,-0.361963,0.077449,,,
1787980057993,-0.04467,0.01030,-0.07017,0.065537,-0.211981,0.060061,,,
1787980057993,-0.05450,0.00882,0.06784,0.250598,0.008012,0.070203,,,
1787980057993,-0.03684,-0.00836,0.27586,0.346633,0.184968,0.058891,,,
1787980057993,-0.01841,-0.01075,0.39520,0.344298,0.240840,0.040563,,,
1787980057993,-0.07447,-0.01241,0.31142,0.313296,0.216492,-0.038155,,,
1787980057993,-0.02494,-0.04410,0.25851,0.330073,0.180751,-0.093673,,,
1787980057993,0.02456,0.02363,0.21502,0.408875,0.197632,-0.134171,,,
1787980057993,0.03031,-0.06015,0.27687,0.514949,0.272643,-0.142386,,,
1787980057993,0.03039,-0.28556,0.39967,0.570222,0.391365,-0.108390,,,
1787980057993,0.09656,-0.23851,0.51505,0.539950,0.492780,-0.031393,,,
1787980057993,0.02558,-0.22839,0.54088,0.487082,0.535502,-0.010904,,,
1787980057993,-0.02395,-0.31694,0.45695,0.423896,0.559862,-0.042138,,,
1787980057993,0.10096,-0.37461,0.31308,0.344991,0.566154,-0.041725,,,
1787980057993,0.27704,-0.28763,0.21747,0.271081,0.534293,0.005678,,,
1787980057993,0.33389,-0.32625,0.14530,0.170264,0.446641,0.104820,,,
1787980057993,0.33389,-0.32625,0.14530,0.170264,0.446641,0.104820,,,
1787980057993,0.26732,-0.26877,0.04661,0.063372,0.353198,0.173664,,,
1787980057993,0.25141,0.10171,-0.09246,-0.049042,0.210125,0.221622,,,
1787980057993,0.05147,0.03790,-0.30311,-0.077173,0.117782,0.221398,,,
1787980057993,-0.03881,0.17546,-0.46776,-0.017124,0.081110,0.226895,,,
1787980057993,-0.14099,0.21615,-0.46626,0.095779,0.078383,0.238976,,,
1787980057993,-0.33295,0.27220,-0.30850,0.161769,0.091853,0.230570,,,
1787980057993,-0.41404,0.31153,-0.20103,0.168492,0.093070,0.199583,,,
1787980057993,-0.42859,0.47367,-0.04450,0.122707,0.096567,0.169113,,,
1787980057993,-0.55855,0.50171,-0.07508,0.056048,0.087701,0.097540,,,
1787980057993,-0.63081,0.50313,-0.25966,0.038020,0.090285,0.017793,,,
1787980057993,-0.70120,0.32253,-0.49276,0.115196,0.111775,-0.053196,,,
1787980057993,-0.55225,0.33329,-0.46611,0.281928,0.149962,-0.084693,,,
1787980057993,-0.51015,0.28955,-0.28484,0.423456,0.271896,-0.101352,,,
1787980057993,-0.30232,0.28081,-0.05445,0.520154,0.378991,-0.118130,,,
1787980057993,0.04910,0.43157,0.21943,0.497445,0.427924,-0.123302,,,
1787980057993,0.09996,0.42784,0.12267,0.355254,0.356423,-0.111831,,,
1787980057993,0.00053,0.02195,0.08543,0.425539,0.124936,-0.162401,,,
1787980057993,-0.15480,-0.45106,0.45488,0.414773,0.022842,-0.141369,,,
1787980057993,-0.19046,-0.47133,0.67612,0.267575,0.066932,-0.046961,,,
1787980057993,-0.30867,-0.24901,0.65313,0.115069,0.140707,-0.042236,,,
1787980057993,-0.25572,-0.16706,0.53271,0.030965,0.118656,-0.116665,,,
1787980057993,-0.10357,-0.22178,0.40252,-0.064584,0.024296,-0.161715,,,
1787980057993,-0.01342,-0.37933,0.22595,-0.144824,-0.049970,-0.157397,,,
1787980057993,0.13496,-0.28498,0.05325,-0.124368,-0.043027,-0.110008,,,
1787980057993,0.23279,-0.12846,0.02258,-0.067387,0.047341,-0.062153,,,
1787980057993,0.19389,-0.12881,-0.05383,-0.011014,0.061249,-0.065304,,,
1787980057993,0.23450,-0.24215,-0.09127,0.009009,0.014732,-0.054723,,,
1787980057993,0.23450,-0.24215,-0.09127,0.009009,0.014732,-0.054723,,,
1787980057993,0.16573,-0.24037,-0.09091,0.019052,-0.019254,-0.017866,,,
1787980057993,0.06345,-0.25587,-0.07193,0.059436,0.015980,-0.014568,,,
1787980057993,0.01813,-0.26498,-0.07419,0.108856,0.100024,-0.024833,,,
1787980057993,0.13473,-0.22944,-0.03688,0.134791,0.140606,-0.005713,,,
1787980057993,0.12119,-0.13611,-0.04607,0.089571,0.094248,-0.012784,,,
1787980057993,0.14292,-0.18186,-0.10081,0.087843,-0.003525,-0.058824,,,
1787980057993,0.24666,-0.15378,-0.01449,0.088382,-0.023804,-0.043494,,,
1787980063806,0.24542,-0.13582,-0.00002,0.091853,0.019875,-0.009648,13.1250264,77.5897471,22.42
1787980063806,0.25593,-0.11017,0.03812,0.101620,0.059872,0.023368,,,
1787980063806,0.22589,-0.10525,0.02132,0.105098,0.041071,0.042423,,,
1787980063806,0.20047,-0.07981,0.09729,0.088406,-0.008639,0.061644,,,
1787980063806,0.11820,-0.10595,0.13934,0.050701,-0.047237,0.081287,,,
1787980063806,0.10869,-0.01911,0.26800,0.018971,-0.061550,0.088108,,,
1787980063806,0.23648,0.31976,0.31920,-0.124426,-0.042592,0.111048,,,
1787980063806,0.10101,0.82329,-0.09217,-0.215846,-0.097863,0.096781,,,
1787980063806,-0.38509,0.66529,-0.42169,0.043410,-0.137668,-0.116699,,,
1787980063806,-0.60265,-0.27140,-0.11534,0.452468,0.141565,-0.328088,,,
1787980063806,-0.22100,-0.78824,0.22537,0.654554,0.655403,-0.251141,,,
1787980063806,0.54470,-0.69584,0.51394,0.606184,0.972581,0.017678,,,
1787980063806,0.56036,-0.63245,0.39788,0.451284,0.903659,0.285355,,,
1787980063806,0.08705,-0.87580,0.44005,0.286266,0.576894,0.413343,,,
1787980063806,-0.05681,-0.72654,0.67371,-0.176204,0.205149,0.505470,,,
1787980063806,0.01287,0.30425,0.60680,-0.902371,-0.186385,0.571072,,,
1787980063806,0.13508,1.46229,-0.03809,-1.445961,-0.562457,0.500265,,,
1787980063806,-0.49937,2.05246,-1.22178,-1.547966,-1.014088,0.307147,,,
1787980063806,-1.36932,1.47494,-1.83883,-1.063415,-1.251027,-0.123427,,,
1787980063806,-1.65191,0.34560,-1.70573,-0.419694,-1.232579,-0.519202,,,
1787980063806,-1.65191,0.34560,-1.70573,-0.419694,-1.232579,-0.519202,,,
1787980063806,-1.07586,0.09218,-0.98725,0.066889,-0.854959,-0.584060,,,
1787980063806,-0.39050,-0.03898,-0.01067,0.482065,-0.116512,-0.488759,,,
1787980063806,-0.02052,-0.33985,0.46944,0.713284,0.703989,-0.334603,,,
1787980063806,0.85240,-0.33589,0.85803,0.572044,1.081693,-0.131771,,,
1787980063806,0.80363,-0.51162,0.43385,-0.037720,0.792276,0.085773,,,
1787980063806,0.77946,-0.18256,-0.20350,-0.475692,-0.066267,0.190859,,,
1787980063806,0.34801,-0.10316,-0.54440,-0.561573,-0.707892,0.232881,,,
1787980063806,-0.21269,-0.24681,-0.39258,-0.307709,-0.806090,0.229771,,,
1787980063806,-0.57973,-0.56364,-0.09767,0.044889,-0.332054,0.197994,,,
1787980063806,0.09407,0.32514,0.68201,0.197773,0.226748,0.223692,,,
1787980063806,-0.33343,-0.14511,0.39813,0.034876,0.468226,0.217702,,,
1787980063806,-0.12964,-0.03953,0.05629,-0.038434,0.256792,0.138083,,,
1787980063806,-0.06348,0.11442,-0.00363,-0.114381,-0.038312,0.131103,,,
1787980063806,-0.42171,-0.04751,-0.05954,-0.071266,-0.106360,0.089193,,,
1787980063806,-0.25353,0.34199,0.06813,0.011760,0.108193,0.077506,,,
1787980063806,-0.28041,0.38324,0.08614,0.109048,0.240899,0.019113,,,
1787980063806,-0.16105,0.28380,0.10090,0.099103,0.268045,-0.072066,,,
1787980063806,0.05397,-0.11128,0.17369,-0.010424,0.090854,-0.088811,,,
1787980063806,0.12560,-0.22090,0.22255,-0.124700,-0.104297,-0.078378,,,
1787980063806,0.31018,-0.21318,0.24641,-0.198937,-0.142670,0.017732,,,
1787980063806,0.30035,-0.15058,0.23592,-0.191040,-0.101367,0.167279,,,
1787980063806,0.03282,0.00134,0.27142,-0.215913,-0.108231,0.237088,,,
1787980063806,-0.16081,0.16117,0.26965,-0.315896,-0.229516,0.228402,,,
1787980063806,-0.36097,0.15274,0.42862,-0.447839,-0.504903,0.169327,,,
1787980063806,-0.49467,0.14087,0.70489,-0.688729,-0.783186,0.073164,,,
1787980063806,-0.46488,0.05460,0.74057,-1.035208,-0.974293,-0.040019,,,
1787980063806,0.00346,0.18195,0.70238,-1.391797,-1.467587,-0.208044,,,
1787980063806,0.00346,0.18195,0.70238,-1.391797,-1.467587,-0.208044,,,
1787980063806,0.76000,-0.16659,0.31000,-1.653779,-1.993930,-0.117059,,,
1787980063806,1.24844,0.04725,0.08399,-1.751915,-2.482918,0.215290,,,
1787980063806,0.95446,0.31287,-0.03023,-1.622976,-3.045731,0.425979,,,
1787980063806,0.84159,0.21791,0.00602,-1.339204,-3.450176,0.557261,,,
1787980063806,1.21770,0.01903,-0.48734,-0.898189,-3.727515,0.858520,,,
1787980063806,1.16272,0.51701,-1.52465,0.550566,-2.649090,1.356772,,,
1787980063806,1.18842,1.07501,-1.11301,1.246851,-2.002786,1.526818,,,
1787980063806,0.97225,1.28481,0.04735,1.013265,-2.469159,1.451707,,,
1787980063806,0.42007,0.51518,-0.31732,0.959508,-2.828168,1.006679,,,
1787980063806,1.05644,1.06132,-0.65479,1.260077,-2.828089,0.900334,,,
1787980063806,0.40595,0.63631,-0.38081,1.497754,-2.275025,0.973104,,,
1787980063806,0.31811,0.78114,-0.00449,1.370336,-1.563000,0.808114,,,
1787980063806,-0.57985,0.25840,0.30967,1.156941,-2.027301,0.509022,,,
1787980063806,-0.15283,0.80926,-1.01437,1.877076,-1.296098,0.462778,,,
1787980063806,-0.45119,0.34745,1.35650,1.477201,-2.003487,0.274395,,,
1787980063806,0.28092,0.06680,1.78660,0.352993,-3.093565,0.227357,,,
1787980063806,-0.50859,0.15555,0.31261,0.258700,-2.454076,0.316048,,,
1787980063806,-0.39273,0.42877,0.44284,0.822558,-2.967092,0.269687,,,
1787980063806,-0.53926,1.87394,0.01877,1.553449,-0.461442,0.347580,,,
1787980063806,-0.86714,0.42947,1.06248,1.112883,-1.117943,-0.014439,,,
1787980063806,0.22623,0.22745,-0.12345,0.584044,-1.721942,0.216665,,,
1787980063806,-0.31741,0.28445,-0.05951,0.871876,-1.259533,0.254646,,,
1787980063806,-0.53426,1.47584,-0.34861,0.560732,-0.857633,-0.108959,,,
1787980063806,0.00588,-0.24480,-0.44381,1.013168,-0.301938,-0.423386,,,
1787980063806,1.63756,-0.10706,1.58598,0.826635,-0.029939,-0.217407,,,
1787980063806,1.78185,-0.61237,2.05731,0.268096,0.140418,0.227585,,,
1787980063806,1.50633,0.13983,1.73339,-0.306455,-0.189434,0.555489,,,
1787980063806,1.50633,0.13983,1.73339,-0.306455,-0.189434,0.555489,,,
1787980063806,0.95747,0.31170,1.11570,-0.685192,-0.200873,0.881336,,,
1787980063806,-0.19820,0.53795,1.55742,-0.637883,0.191834,1.090270,,,
1787980063806,-0.69242,0.84990,1.73524,-1.028549,0.858757,1.302948,,,
1787980063806,-0.86609,-0.07743,0.54618,-1.402882,0.605259,0.912384,,,
1787980063806,0.44324,0.22644,-0.98725,-1.194355,0.260673,1.067280,,,
1787980063806,0.44047,-0.32750,-1.37272,-0.504657,0.105382,1.033280,,,
1787980063806,0.32830,-0.55796,-0.94115,-0.060613,-0.035566,0.896013,,,
1787980063806,0.19233,-0.77163,0.29684,0.004882,-0.434787,0.771376,,,
1787980063806,-0.33192,-0.12037,0.38668,-0.219389,-0.610504,0.610020,,,
1787980063806,-0.13582,0.34707,-0.07699,-0.358028,-0.597787,0.608584,,,
1787980063806,-0.03588,0.45389,0.63759,-0.682509,-1.877051,0.604152,,,
1787980063806,-0.06717,0.75271,-0.42625,-0.877063,-1.021784,0.726201,,,
1787980063806,-0.59765,0.27029,-0.62463,-0.428049,-0.412218,0.522592,,,
1787980063806,-0.52218,0.27905,-0.19990,-0.129214,-0.146329,0.436042,,,
1787980063806,-0.88687,-0.10529,0.49666,-0.207100,0.110454,0.192449,,,
1787980063806,-0.32285,-0.14149,0.45567,-0.511844,0.298363,0.090685,,,
1787980063806,-0.30965,-0.00454,-0.43764,-0.291434,0.454522,0.178488,,,
1787980063806,-0.34249,-0.12818,-0.02167,-0.292813,0.365029,-0.095640,,,
1787980063806,0.14074,-0.34343,-0.37169,-0.230714,0.242677,-0.116612,,,
1787980063806,0.26597,-0.28669,-0.46785,-0.090942,0.079701,-0.013845,,,
1787980063806,0.27446,-0.21711,-0.44198,-0.028237,-0.106237,0.073571,,,
1787980063806,-0.10556,-0.13115,-0.33233,0.057545,-0.111326,0.050797,,,
1787980063806,-0.14704,0.01520,-0.20980,0.084565,-0.044689,0.057098,,,
1787980063806,-0.27361,0.20872,-0.23568,0.134207,-0.006899,-0.000531,,,
1787980063806,-0.28062,0.24577,-0.24901,0.170803,-0.013672,-0.092773,,,
1787980063806,-0.16410,0.25395,-0.16476,0.216372,-0.032161,-0.126322,,,
1787980063806,-0.07114,0.24011,-0.14125,0.265590,-0.116814,-0.125717,,,
1787980063806,-0.07114,0.24011,-0.14125,0.265590,-0.116814,-0.125717,,,
1787980063806,-0.17594,0.09784,0.00479,0.227550,-0.145131,-0.158828,,,
1787980063806,-0.29162,0.08218,-0.13450,0.244086,-0.127523,-0.217083,,,
1787980063806,-0.22047,0.00494,-0.25718,0.290803,-0.164555,-0.245790,,,
1787980063806,-0.23698,-0.04716,-0.22831,0.317288,-0.244712,-0.254274,,,
1787980063806,-0.30554,-0.18488,-0.04736,0.277670,-0.168745,-0.275082,,,
1787980063806,-0.15494,-0.19619,-0.08478,0.276055,-0.086348,-0.253300,,,
1787980063806,0.11403,-0.17298,0.07729,0.223860,-0.030679,-0.197616,,,
1787980063806,-0.00534,-0.05801,0.07668,0.151636,-0.002710,-0.200674,,,
1787980063806,0.12495,0.03879,0.01348,0.103740,-0.017036,-0.200674,,,
1787980063806,0.18650,0.02473,-0.02459,0.034724,-0.075466,-0.123578,,,
1787980063806,-0.04482,0.09214,0.00905,-0.064128,-0.147824,-0.137975,,,
1787980063806,0.09795,-0.03526,-0.26897,-0.058122,-0.029970,-0.166249,,,
1787980063806,0.22722,0.01855,-0.12596,0.018672,-0.029010,-0.102771,,,
1787980063806,-0.02638,-0.04557,0.21338,0.025513,0.049617,-0.162091,,,
1787980063806,0.22829,-0.02437,0.07013,0.037356,0.198472,-0.206341,,,
1787980063806,0.42746,-0.07201,0.03001,0.044346,0.158820,-0.065839,,,
1787980063806,0.13934,0.11506,-0.01563,0.065642,0.141000,-0.071282,,,
1787980063806,0.04773,0.12148,-0.03535,0.099432,0.211227,-0.185011,,,
1787980063806,0.25349,0.12764,0.02272,0.086614,0.155378,-0.160940,,,
1787980063806,0.05263,0.07417,0.30250,-0.070460,0.079687,-0.209535,,,
1787980063806,0.18999,0.19137,0.10865,-0.152422,0.039595,-0.205926,,,
1787980063806,0.28083,0.25823,-0.16825,-0.019892,0.017563,-0.138393,,,
1787980063806,0.08037,0.07810,-0.04984,0.061907,-0.048404,-0.091912,,,
1787980063806,0.07728,0.07420,0.07672,-0.007384,-0.133816,-0.108144,,,
1787980063806,0.23565,-0.02318,-0.00271,-0.014561,-0.202959,-0.114498,,,
1787980063806,0.28080,-0.01842,0.34850,0.020973,-0.222714,-0.118165,,,
1787980063806,0.33626,-0.46924,1.10648,-0.038872,-0.051635,-0.155761,,,
1787980063806,0.33626,-0.46924,1.10648,-0.038872,-0.051635,-0.155761,,,
1787980063806,0.73370,-0.52293,1.00425,-0.302748,0.021263,0.030375,,,
1787980063806,0.30990,-0.22194,0.36401,-0.448877,-0.220498,0.057367,,,
1787980063806,-0.01865,-0.35084,-0.26929,-0.409431,-0.297092,-0.092681,,,
1787980063806,-0.00511,-0.47004,-0.75667,-0.158376,-0.203509,-0.065647,,,
1787980063806,-0.16170,-0.52814,-0.63247,0.097346,-0.039116,0.015048,,,
1787980063806,-0.15270,-0.43793,-0.38274,0.209328,0.035045,0.052359,,,
1787980063806,-0.04877,-0.21119,-0.27893,0.210001,-0.060067,0.088576,,,
1787980063806,0.06564,0.13014,-0.27086,0.218056,-0.188855,0.084378,,,
1787980063806,0.08552,0.25487,-0.12683,0.216103,-0.230323,0.073669,,,
1787980063806,0.05232,0.29425,0.06383,0.210763,-0.172198,0.055982,,,
1787980068653,0.04848,0.31412,0.10276,0.239184,-0.044238,0.017970,13.1250313,77.5897403,20.82
1787980068653,0.12518,0.17770,0.24224,0.219929,0.033280,-0.009205,,,
1787980068653,0.15394,0.07032,0.25390,0.158228,0.059247,0.000667,,,
1787980068653,0.15328,-0.07062,0.18607,0.108684,0.040871,0.010085,,,
1787980068653,0.13644,-0.11396,0.07769,0.085370,0.006456,0.020420,,,
1787980068653,0.13645,-0.12832,0.11377,0.094406,-0.046955,0.020551,,,
1787980068653,0.14478,-0.14186,0.13339,0.073768,-0.045201,0.025540,,,
1787980068653,0.19409,-0.10805,0.16074,0.039307,-0.026160,0.085868,,,
1787980068653,0.11988,-0.09707,0.16666,-0.002896,-0.040397,0.105621,,,
1787980068960,0.06970,-0.10640,0.16323,-0.040891,-0.016496,0.103079,13.1250420,77.5897223,25.17
1787980068960,0.07700,-0.16673,0.07596,-0.064121,0.093342,0.140053,,,
1787980068960,0.09686,-0.04007,-0.21125,-0.038508,0.128577,0.189521,,,
1787980068960,-0.03156,-0.01878,-0.28717,-0.040605,0.003611,0.150259,,,
1787980068960,-0.05878,0.01246,-0.33427,-0.015763,-0.095912,0.061871,,,
1787980068960,0.08947,0.03457,-0.26819,0.072106,-0.094648,0.072518,,,
1787980068960,-0.03496,0.03878,0.06592,0.101964,-0.021035,0.083822,,,
1787980068960,-0.08108,0.10043,0.16315,0.046785,-0.009654,0.030877,,,
1787980068960,-0.08108,0.10043,0.16315,0.046785,-0.009654,0.030877,,,
1787980068960,-0.00638,0.06806,0.00995,0.002515,-0.053588,0.003247,,,
1787980068960,-0.03274,0.02495,-0.09789,0.003999,-0.075271,0.006061,,,
1787980068960,-0.07083,-0.05162,-0.05916,0.029652,-0.070400,0.017278,,,
1787980068960,-0.05287,-0.08204,-0.00459,0.070887,-0.050563,0.021064,,,
1787980068960,-0.07058,-0.12391,0.11509,0.055436,-0.043583,0.020663,,,
1787980068960,-0.11566,-0.09614,0.06780,0.009098,-0.039578,-0.041376,,,
1787980068960,0.02464,-0.05679,-0.08138,-0.001713,0.001779,-0.056588,,,
1787980068960,0.11381,0.00310,-0.15335,0.040396,0.013821,-0.046400,,,
1787980068960,0.09642,0.00678,-0.07881,0.059868,-0.007643,-0.058388,,,
1787980068960,0.13176,0.01805,0.03186,0.058297,-0.031461,-0.052131,,,
1787980068960,0.10658,-0.03076,0.10713,0.052030,-0.030682,-0.017787,,,
1787980068960,0.03676,-0.07285,0.18030,0.026803,0.034113,0.011180,,,
1787980068960,0.09241,-0.08966,0.12324,-0.014275,0.036506,0.049585,,,
1787980068960,0.01749,-0.07360,0.06047,-0.061300,0.003764,0.058541,,,
1787980068960,-0.03212,0.00686,-0.11260,-0.062510,-0.033622,0.002392,,,
1787980068960,0.05419,0.00223,-0.17177,-0.012636,-0.023306,0.008636,,,
1787980068960,-0.08395,0.02900,-0.13785,0.036630,0.024790,-0.010503,,,
1787980068960,-0.06944,0.02654,-0.11333,0.081851,0.056651,-0.056658,,,
1787980068960,0.05344,-0.01939,-0.04460,0.075350,0.017994,-0.045130,,,
1787980068960,0.08258,-0.03894,-0.01777,0.048476,-0.048472,-0.006195,,,
1787980068960,-0.04655,-0.05315,0.05443,0.028461,-0.054355,-0.007209,,,
1787980068960,-0.02931,-0.08994,0.12239,-0.018184,-0.040024,-0.017233,,,
1787980068960,-0.02087,-0.08324,0.05219,-0.031724,0.003131,-0.001220,,,
1787980068960,-0.01613,-0.03293,-0.10145,-0.006059,0.015714,-0.008240,,,
1787980068960,-0.00488,-0.01829,-0.09594,0.010079,-0.000142,-0.021291,,,
1787980068960,-0.00250,-0.06325,-0.08818,-0.007299,-0.005088,-0.015487,,,
1787980068960,-0.02449,-0.00055,-0.16409,0.023091,-0.020915,-0.028804,,,
1787980068960,-0.02449,-0.00055,-0.16409,0.023091,-0.020915,-0.028804,,,
1787980068960,0.03875,0.00178,-0.09060,0.074073,-0.026526,-0.045750,,,
1787980068960,0.01723,-0.05229,0.07834,0.062963,0.014905,-0.036541,,,
1787980068960,0.06031,-0.05590,0.09031,0.013926,0.006477,-0.015249,,,
1787980068960,0.01357,-0.01262,0.03948,-0.012725,-0.017917,-0.011366,,,
1787980068960,0.00075,-0.00228,-0.01735,0.005521,-0.006008,-0.028418,,,
1787980068960,0.04031,-0.01520,0.00106,0.033342,0.030526,-0.017139,,,
1787980068960,0.03407,-0.00217,0.06627,0.024568,0.040934,-0.014473,,,
1787980068960,0.04920,-0.06332,0.04769,-0.019558,0.035163,-0.012430,,,
1787980068960,0.08042,-0.05455,-0.00798,-0.042074,-0.001180,0.009573,,,
1787980068960,0.03527,-0.04019,-0.09863,-0.036108,-0.006464,0.009715,,,
1787980068960,-0.00021,-0.02770,-0.08360,-0.009499,-0.007250,0.002146,,,
1787980068960,0.01196,-0.04388,-0.07689,-0.013033,0.026175,-0.010034,,,
1787980068960,0.06590,-0.06432,-0.08687,0.008071,0.009358,0.002146,,,
1787980068960,0.02501,-0.06486,-0.01283,0.020056,-0.026012,-0.009306,,,
1787980068960,0.03999,-0.09577,0.08487,0.011287,0.001113,-0.005154,,,
1787980068960,0.03260,-0.05365,0.04313,-0.030527,0.025455,0.029324,,,
1787980068960,-0.02618,0.01675,-0.07393,-0.045664,-0.008408,0.013961,,,
1787980068960,-0.03294,0.02933,-0.11722,-0.004640,-0.009991,-0.019851,,,
1787980068960,0.01136,0.00581,-0.04061,0.035959,0.012375,-0.019189,,,
1787980068960,-0.04119,-0.03943,0.13092,0.017235,0.013999,-0.036601,,,
1787980068960,0.00688,-0.06646,0.03708,-0.034355,0.020113,-0.032971,,,
1787980068960,0.02286,-0.02044,-0.10260,-0.030130,0.018995,-0.020192,,,
1787980068960,0.03446,-0.03772,-0.13198,0.002363,0.007620,-0.023195,,,
1787980068960,0.05316,-0.04962,-0.04301,0.010769,-0.006047,-0.016160,,,
1787980068960,0.03480,-0.04411,-0.00781,0.002825,0.001419,-0.020557,,,
1787980068960,0.06727,-0.01544,-0.02614,0.008563,0.005919,-0.017609,,,
1787980068960,0.05121,-0.04014,0.00694,0.004482,0.008600,-0.014478,,,
1787980068960,0.05121,-0.04014,0.00694,0.004482,0.008600,-0.014478,,,
1787980068960,0.05638,-0.05005,0.03166,-0.002869,0.023910,-0.009186,,,
1787980068960,0.06813,-0.02989,0.05333,0.017764,0.011528,-0.014086,,,
1787980068960,0.01414,-0.07246,0.04375,-0.019423,0.025832,-0.000832,,,
1787980068960,0.03926,-0.02461,-0.05802,-0.025780,0.018453,0.000994,,,
1787980068960,0.00217,0.02339,-0.12616,0.000310,-0.003846,-0.006147,,,
1787980068960,-0.00058,0.02095,-0.03872,0.051528,-0.014982,-0.028589,,,
1787980068960,0.00293,-0.05985,0.23596,0.028550,0.019246,-0.018839,,,
1787980068960,0.00862,-0.05411,0.17871,-0.040939,0.059143,-0.000157,,,
1787980068960,-0.02409,0.03041,-0.00605,-0.056792,0.056532,-0.015630,,,
1787980068960,0.02347,-0.00285,-0.12387,-0.035350,0.069810,-0.024173,,,
1787980068960,0.05197,-0.00905,-0.17342,0.003731,0.038204,-0.025882,,,
1787980068960,0.04667,-0.04362,-0.09678,0.017005,-0.017237,-0.029660,,,
1787980068960,-0.04394,-0.08459,0.02533,0.012428,-0.009505,-0.035070,,,
1787980068960,-0.00902,-0.08508,0.08589,0.009135,0.044723,-0.025985,,,
1787980068960,0.06996,-0.02403,-0.05198,0.001067,0.056058,-0.009502,,,
1787980068960,0.04651,0.00727,-0.03370,-0.013518,0.012221,-0.021665,,,
1787980068960,0.08319,-0.00763,-0.07524,-0.005990,-0.004060,-0.016703,,,
1787980068960,0.04489,-0.03215,-0.00516,0.035296,-0.003176,-0.018395,,,
1787980068960,0.05978,-0.04902,0.11407,0.033442,-0.007247,0.000330,,,
1787980068960,0.05261,-0.05244,0.14577,0.013672,-0.010451,0.004621,,,
1787980068960,0.07980,-0.00500,0.11345,0.016176,-0.015970,0.024132,,,
1787980068960,0.02994,0.00725,0.18092,0.011075,-0.007996,0.024787,,,
1787980068960,0.02604,0.02598,0.16378,-0.000409,0.016748,0.016891,,,
1787980068960,0.03475,0.03170,0.16013,0.009783,0.018190,0.020725,,,
1787980068960,0.01141,-0.01218,0.18703,0.018124,0.019858,0.003404,,,
1787980068960,0.05111,-0.00882,0.21995,0.008704,0.011770,0.014262,,,
1787980068960,0.03925,-0.03674,0.20343,0.000739,-0.000083,0.012122,,,
1787980068960,0.03925,-0.03674,0.20343,0.000739,-0.000083,0.012122,,,
1787980068960,0.01918,-0.01061,0.22913,0.000955,0.002626,0.019930,,,
1787980068960,0.07268,0.00067,0.24758,-0.000931,-0.007604,0.029626,,,
1787980068960,0.01953,0.02019,0.26237,0.004463,0.007597,0.025382,,,
1787980068960,0.01942,0.00823,0.32689,-0.010304,0.037857,0.010638,,,
1787980068960,0.05623,0.01440,0.25456,-0.012651,0.030740,0.025029,,,
1787980068960,0.02676,0.02967,0.23044,0.007572,0.007386,0.010731,,,
1787980068960,0.05905,-0.02171,0.24128,0.004536,-0.009139,0.025946,,,
1787980068960,0.01697,0.01129,0.25610,0.010644,-0.026025,0.031550,,,
1787980068960,0.00842,0.02201,0.29891,0.019391,-0.023875,0.030880,,,
1787980068960,0.02948,0.00206,0.33813,0.023192,-0.020996,0.033295,,,
1787980068960,0.02372,0.00086,0.45277,0.008120,-0.021196,0.025061,,,
1787980068960,0.02431,0.00138,0.49760,-0.004728,0.003901,0.023719,,,
1787980068960,0.02932,0.03049,0.45387,-0.009951,0.015788,0.020474,,,
1787980068960,0.02462,0.05720,0.35857,-0.008346,0.001040,0.002229,,,
1787980068960,0.04988,0.05529,0.38510,-0.003539,-0.001053,0.014876,,,
1787980068960,0.00966,0.02858,0.42991,-0.002548,0.013623,0.012479,,,
1787980068960,0.04820,0.04293,0.39542,-0.003045,-0.004833,0.018861,,,
1787980068960,0.01023,0.03588,0.44889,-0.002042,-0.023461,0.009297,,,
1787980068960,0.03451,0.02900,0.48113,0.000549,-0.018348,0.008793,,,
1787980068960,0.00508,0.01012,0.52109,0.020201,0.004659,0.002000,,,
1787980068960,0.04739,-0.00120,0.57209,0.012866,0.012715,-0.009173,,,
1787980068960,0.06444,0.00062,0.61506,-0.013456,0.008645,-0.001223,,,
1787980068960,0.05262,0.00714,0.54389,-0.011233,0.028974,0.002312,,,
1787980068960,0.06700,0.06081,0.54204,-0.013231,0.011046,0.011592,,,
1787980068960,0.03069,0.04241,0.48125,-0.023125,0.014106,0.002266,,,
1787980068960,0.09173,0.04985,0.43823,0.015070,-0.007060,0.015090,,,
1787980068960,0.00984,0.02098,0.55410,0.017772,-0.008820,0.008049,,,
1787980068960,0.00984,0.02098,0.55410,0.017772,-0.008820,0.008049,,,
1787980068960,0.02054,0.01823,0.58909,0.010612,0.003930,-0.003240,,,
1787980068960,0.03988,0.01218,0.57138,0.004433,0.023873,0.007286,,,
1787980068960,-0.01081,0.02516,0.49772,-0.006899,0.008430,-0.001123,,,
1787980068960,0.03828,0.04171,0.51952,-0.005376,-0.005100,-0.008869,,,
1787980068960,0.02648,0.00903,0.50992,0.001264,0.001877,0.003561,,,
1787980068960,0.01828,0.03672,0.56807,0.010766,0.003027,-0.013675,,,
1787980068960,0.05445,0.00942,0.64365,-0.003410,0.022745,-0.003434,,,
1787980068960,0.04252,0.02658,0.58126,-0.021691,0.048648,-0.006563,,,
1787980068960,0.11279,0.05458,0.47820,-0.012813,0.017754,0.000801,,,
1787980068960,0.07375,0.03293,0.42064,-0.021460,0.007664,0.017275,,,
1787980068960,-0.00834,0.07062,0.42990,-0.018896,-0.034801,0.001259,,,
1787980068960,-0.05913,0.03475,0.41125,-0.022832,-0.032272,-0.016313,,,
1787980068960,-0.04754,0.04379,0.39752,0.028496,0.001029,-0.034883,,,
1787980068960,-0.00720,0.02259,0.47235,0.065119,0.020971,-0.038969,,,
1787980068960,-0.01502,-0.01144,0.59773,0.035344,0.006311,-0.057103,,,
1787980068960,0.05618,-0.01581,0.60288,0.030873,0.005604,-0.058212,,,
1787980068960,0.07438,-0.03091,0.69448,0.004676,0.026208,-0.019695,,,
1787980068960,0.01463,-0.00006,0.67371,-0.045495,0.054091,-0.011950,,,
1787980068960,0.07670,0.10148,0.38161,-0.037728,0.021021,-0.010193,,,
1787980068960,0.03972,0.09676,0.32450,-0.015036,0.015048,0.000988,,,
1787980068960,0.03425,-0.00907,0.29209,-0.023372,0.052300,-0.003571,,,
1787980068960,0.08571,-0.10427,0.31924,-0.100401,0.035946,0.029554,,,
1787980068960,-0.18625,-0.05064,0.27758,-0.194244,-0.004631,-0.049612,,,
1787980068960,-0.14750,0.07107,0.31128,-0.130845,0.074149,-0.155769,,,
1787980068960,-0.15289,0.00604,0.16446,-0.056866,0.229120,-0.140653,,,
1787980068960,-0.23621,0.14692,0.17299,0.012918,0.189676,-0.170726,,,
1787980068960,-0.00686,0.18794,0.32002,0.027201,0.146516,-0.213315,,,
1787980068960,-0.00686,0.18794,0.32002,0.027201,0.146516,-0.213315,,,
1787980068960,0.28196,0.14169,0.39499,-0.013145,0.132069,-0.095719,,,
1787980068960,0.26952,0.28693,0.27473,0.013628,0.108788,-0.014508,,,
1787980068960,0.41960,0.29426,0.65765,-0.040898,-0.026501,0.059396,,,
1787980068960,0.16910,0.12940,0.78768,-0.243966,-0.095826,0.096410,,,
1787980068960,0.06415,0.13768,0.50955,-0.316643,-0.045528,0.056920,,,
1787980068960,-0.04599,0.01521,-0.03079,-0.208493,0.067176,-0.000845,,,
1787980068960,-0.06783,-0.08672,-0.01659,-0.067264,0.127476,-0.080010,,,
1787980068960,0.03240,-0.33955,0.15750,-0.075506,0.143485,-0.088334,,,
1787980068960,0.01201,-0.35208,0.02774,-0.115515,0.137187,-0.075026,,,
1787980068960,0.08379,-0.24456,-0.25410,-0.099405,0.105137,-0.049846,,,
1787980068960,0.07420,-0.14941,-0.29747,-0.060769,0.032739,-0.009987,,,
1787980068960,-0.01630,-0.12677,-0.27428,0.011374,-0.021956,-0.045316,,,
1787980068960,0.07766,-0.19354,-0.11354,0.055356,-0.029118,0.001780,,,
1787980068960,-0.04745,-0.20124,-0.00279,0.045822,-0.018935,0.008353,,,
1787980068960,0.01646,-0.20323,0.15088,0.027698,-0.209723,0.003332,,,
1787980068960,-0.28684,-0.12417,0.63717,-0.291336,-0.128453,0.039525,,,
1787980068960,-0.15732,0.06966,-0.16149,-0.141636,0.007238,0.025683,,,
1787980068960,-0.15925,0.08813,-0.86940,0.176520,0.128563,-0.006274,,,
1787980068960,-0.27623,-0.19758,-0.34407,0.154530,0.036546,-0.096605,,,
1787980068960,0.12702,-0.12633,-0.38391,0.056629,-0.140577,-0.016269,,,
1787980068960,-0.00309,-0.07405,-0.30269,0.095546,-0.150780,-0.019961,,,
1787980068960,0.06823,-0.00405,-0.19532,0.150834,-0.042672,-0.046001,,,
1787980068960,0.16798,0.04225,-0.17611,0.199541,-0.036617,-0.025983,,,
1787980068960,0.14325,-0.13150,0.37302,0.068823,-0.080477,-0.026386,,,
1787980068960,0.25244,0.11786,-0.03706,0.198316,0.008733,0.082808,,,
1787980068960,-0.06335,0.20050,0.56980,0.261730,0.221572,0.105605,,,
1787980068960,-0.07275,0.10169,0.78999,-0.032970,0.048127,0.006723,,,
1787980068960,-0.07275,0.10169,0.78999,-0.032970,0.048127,0.006723,,,
1787980068960,0.51908,1.03776,0.32431,-0.329391,-0.278594,-0.079917,,,
1787980068960,-0.13165,-0.21215,-0.71596,-0.350616,-0.203855,-0.082261,,,
1787980068960,-0.18815,-0.01020,-1.08374,0.078634,-0.138320,-0.099914,,,
1787980068960,0.06647,-0.03301,-0.48947,0.377691,-0.064518,-0.041436,,,
1787980068960,-0.11674,-0.28238,0.38138,0.282032,-0.002769,-0.018876,,,
1787980068960,0.06785,-0.22280,0.71402,0.026126,-0.086429,-0.043556,,,
1787980068960,0.06798,-0.06549,0.55176,-0.102892,-0.060114,-0.022573,,,
1787980068960,0.06899,0.10157,0.22382,-0.065062,0.057284,0.012049,,,
1787980068960,0.02005,0.22369,0.07554,0.015715,0.096637,0.001134,,,
1787980068960,0.00158,0.20021,0.07797,0.008312,0.097831,-0.018822,,,
1787980068960,0.14014,0.18883,0.00231,-0.037293,0.020736,0.007467,,,
1787980068960,0.02535,0.13388,-0.08816,-0.062182,0.010947,0.013268,,,
1787980068960,0.05463,0.11203,-0.19046,-0.048549,0.019183,0.006366,,,
1787980068960,0.08606,0.04984,-0.19246,-0.018399,-0.004362,0.009238,,,
1787980068960,0.03609,-0.08296,-0.08924,-0.009922,0.009666,0.013384,,,
1787980068960,0.03444,-0.13053,-0.04108,-0.015142,0.035285,0.000206,,,
1787980068960,0.07649,-0.22764,-0.10994,-0.038270,0.055483,0.021419,,,
1787980068960,0.00383,-0.22803,-0.21036,-0.054515,0.044088,0.020380,,,
1787980068960,-0.04446,-0.20701,-0.28732,-0.047181,0.048173,0.010054,,,
1787980068960,-0.00389,-0.21496,-0.29174,-0.034965,0.050256,0.021673,,,
1787980068960,0.01177,-0.19857,-0.35463,-0.053586,0.028365,0.048262,,,
1787980068960,-0.00023,-0.21081,-0.48186,-0.082475,-0.004183,0.022854,,,
1787980068960,0.12137,-0.36937,-0.95059,-0.098616,0.060083,0.048822,,,
1787980068960,0.21532,-0.39880,-2.28771,-0.502304,0.140177,0.214361,,,
1787980068960,-0.03411,0.38890,-3.89625,-0.296083,-0.627108,-0.090922,,,
1787980068960,0.04228,0.28460,-4.18698,0.439819,-0.585694,-0.226835,,,
1787980068960,-0.08014,0.22392,-3.39203,0.934315,0.267740,0.024710,,,
1787980068960,-0.08014,0.22392,-3.39203,0.934315,0.267740,0.024710,,,
1787980068960,-0.12958,0.61092,-2.58869,1.353912,0.986121,0.146148,,,
1787980068960,-0.14002,0.62337,-0.81316,1.627321,1.347956,0.152314,,,
1787980068960,0.00327,0.73153,1.11660,1.754152,1.049635,0.153575,,,
1787980068960,0.26746,0.60773,3.30931,1.487043,0.247181,0.158086,,,
1787980068960,0.00621,0.29477,4.76170,0.652105,-0.811670,0.057616,,,
1787980068960,-0.39359,0.17260,5.22009,-0.515731,-1.051817,-0.006795,,,
1787980068960,-0.51662,0.16410,4.56545,-1.067818,-0.807802,0.067388,,,
1787980068960,-0.53284,0.06990,4.27380,-1.098113,-0.115020,0.151510,,,
1787980068960,-0.32684,0.24795,3.16286,-1.626772,1.304994,0.511944,,,
1787980068960,0.16765,0.75391,0.26761,-1.561882,1.547410,0.522351,,,
1787980068960,0.43606,0.97912,-1.22043,-1.281796,0.913784,0.304342,,,
1787980068960,0.33829,0.78302,-2.26272,-1.204503,0.191850,0.068333,,,
1787980068960,0.42718,0.74291,-3.10143,-1.245777,-0.002793,0.036304,,,
1787980068960,0.20300,0.63766,-3.93149,-0.707894,-0.177105,0.016280,,,
1787980068960,0.05521,0.36778,-3.66029,-0.144056,0.109895,-0.083450,,,
1787980068960,0.12858,-0.18927,-3.03527,0.217545,0.102437,-0.090063,,,
1787980068960,0.21514,-0.28537,-2.42053,0.368507,-0.073845,-0.139383,,,
1787980068960,0.08000,-0.52910,-1.90275,0.435311,-0.376663,-0.125734,,,
1787980068960,0.14566,-0.36399,-1.44554,0.506037,-0.446138,-0.136165,,,
1787980068960,-0.11783,-0.18574,-0.86526,0.558660,-0.378234,-0.137878,,,
1787980068960,-0.30453,0.01904,-0.63999,0.580111,-0.230357,-0.159814,,,
1787980068960,-0.33980,0.27602,-0.35394,0.535255,-0.154793,-0.200074,,,
1787980068960,-0.26601,0.43585,-0.24883,0.432557,-0.128861,-0.211216,,,
1787980068960,-0.44374,0.41109,-0.10741,0.311395,-0.074323,-0.270173,,,
1787980068960,-0.14346,0.38303,-0.25501,0.294061,0.028756,-0.273048,,,
1787980068960,-0.05168,0.24035,-0.30795,0.382154,0.125849,-0.253686,,,
1787980068960,0.03849,0.11486,-0.09317,0.344486,0.218161,-0.217280,,,
1787980068960,0.03849,0.11486,-0.09317,0.344486,0.218161,-0.217280,,,
1787980068960,0.21659,-0.04118,-0.23095,0.244465,0.134525,-0.184771,,,
1787980068960,0.21419,-0.03520,-0.40400,0.229019,-0.048284,-0.227640,,,
1787980068960,0.25330,-0.18070,-0.39337,0.222283,-0.070783,-0.273060,,,
1787980068960,0.30100,-0.25050,-0.42382,0.223718,0.044488,-0.220215,,,
1787980068960,0.31280,-0.29273,-0.47390,0.241458,0.143633,-0.170708,,,
1787980068960,0.34013,-0.19075,-0.45590,0.237610,0.133748,-0.134549,,,
1787980068960,0.23757,-0.13870,-0.30137,0.164055,0.055248,-0.120035,,,
1787980068960,0.14229,-0.11574,-0.28379,-0.013441,-0.018546,-0.111107,,,
1787980068960,0.03430,0.04578,-0.75348,-0.025329,-0.077882,-0.129597,,,
1787980077127,0.02336,-0.02145,-0.32249,0.114531,0.061356,-0.135442,13.1250783,77.5898331,40.74
1787980077127,-0.00765,0.00962,-0.30509,0.150519,0.091673,-0.160608,,,
1787980077127,0.01506,-0.02990,-0.41223,0.106642,0.022163,-0.182784,,,
1787980077127,0.09289,-0.04657,-0.53623,0.137166,-0.069231,-0.165027,,,
1787980077127,0.06165,-0.12002,-0.39760,0.152653,-0.082382,-0.162479,,,
1787980077127,0.06601,-0.13830,-0.28211,0.135839,-0.093720,-0.184910,,,
1787980077127,0.19864,-0.19965,-0.19681,0.111883,-0.042227,-0.171546,,,
1787980077127,0.37560,-0.29803,-0.08635,0.047151,-0.050500,-0.110921,,,
1787980077127,0.41710,-0.26691,-0.19192,0.004493,-0.045996,-0.061333,,,
1787980077127,0.39304,-0.20195,-0.43895,0.060909,-0.055035,-0.027818,,,
1787980077127,0.35337,-0.24917,-0.34534,0.074875,-0.040073,0.024953,,,
1787980077127,0.28370,-0.16238,-0.18171,0.059104,-0.049074,0.069111,,,
1787980077127,0.15467,-0.08443,-0.16042,0.037026,-0.087227,0.081431,,,
1787980077127,-0.01714,-0.01551,-0.06504,0.010817,-0.081229,0.074489,,,
1787980077127,-0.09838,-0.03190,-0.05151,-0.037077,-0.075908,0.065730,,,
1787980077127,-0.13076,0.02210,-0.15139,-0.071947,-0.079537,0.047418,,,
1787980077127,-0.07975,0.06384,-0.29317,-0.037286,-0.087218,0.038983,,,
1787980077127,-0.13321,0.03552,-0.20323,-0.017038,-0.059798,0.012743,,,
1787980077127,-0.13321,0.03552,-0.20323,-0.017038,-0.059798,0.012743,,,
1787980077127,-0.11986,-0.03541,-0.17855,-0.024972,-0.044932,-0.034543,,,
1787980077127,-0.03277,-0.08026,-0.18951,-0.011059,-0.020028,-0.040606,,,
1787980077127,0.00964,-0.07040,-0.22992,0.032444,0.000875,-0.038328,,,
1787980077127,0.02212,-0.08235,-0.13607,0.055134,-0.012251,-0.039401,,,
1787980077127,0.02141,-0.06317,-0.02144,0.045405,0.005632,-0.025381,,,
1787980077127,0.05060,-0.05142,-0.02856,0.001409,0.018394,-0.002548,,,
1787980077127,0.02441,-0.02113,-0.09702,-0.022136,0.022717,-0.001980,,,
1787980077127,0.12329,-0.01351,-0.19203,-0.027754,0.008495,0.018893,,,
1787980077127,0.08855,0.02103,-0.19928,-0.023569,-0.026599,0.018469,,,
1787980077127,0.06186,0.02930,-0.18876,0.014285,-0.046483,0.000219,,,
1787980077127,-0.00482,0.00978,-0.12697,0.059067,-0.012265,-0.011386,,,
1787980077127,-0.01282,-0.04164,0.06052,0.065513,-0.010746,-0.001668,,,
1787980077127,-0.07197,-0.06062,0.10112,0.034373,-0.004265,-0.014959,,,
1787980077127,-0.04826,-0.01568,0.01781,0.032459,0.011709,-0.013454,,,
1787980077127,-0.07201,0.01923,-0.00434,0.018448,0.003272,-0.005046,,,
1787980077127,-0.09291,0.05003,-0.04201,0.010081,0.008977,-0.030913,,,
1787980077127,-0.08228,0.05699,0.09594,0.071620,0.127521,-0.021771,,,
1787980077127,0.03169,-0.02206,0.26840,0.033837,0.144195,-0.047902,,,
1787980077127,0.17513,-0.07394,0.11654,-0.055419,0.035714,-0.033621,,,
1787980077127,0.13940,-0.06757,-0.19811,-0.057291,-0.052428,-0.027927,,,
1787980077127,0.11855,-0.09720,-0.12071,-0.003167,-0.013479,-0.023239,,,
1787980077127,0.16342,-0.10233,0.06318,0.039744,0.064517,0.021514,,,
1787980077127,0.06371,-0.09448,0.20477,-0.000775,0.100388,0.004522,,,
1787980077127,0.15922,-0.12546,0.08170,-0.056207,0.086851,0.003447,,,
1787980077127,0.13933,-0.07836,-0.11694,-0.058751,0.037221,0.013424,,,
1787980077127,0.07206,-0.06976,-0.18906,-0.058346,-0.005850,0.007011,,,
1787980077127,0.07510,-0.04697,-0.20827,-0.034684,-0.002629,0.014858,,,
1787980077127,0.07510,-0.04697,-0.20827,-0.034684,-0.002629,0.014858,,,
1787980077127,0.18903,0.00167,-0.13805,-0.005182,-0.014848,0.013831,,,
1787980077127,0.27680,0.05537,-0.00655,-0.006683,-0.028093,0.018156,,,
1787980077127,0.35070,0.10173,0.13669,-0.043896,-0.043193,0.018103,,,
1787980077127,0.43463,0.12866,0.19503,-0.040177,-0.020327,0.024268,,,
1787980077127,0.43901,0.17129,0.31804,-0.046510,0.030419,0.045444,,,
1787980077127,0.39689,0.17422,0.39726,-0.079120,0.063747,0.023227,,,
1787980077127,0.47381,0.13048,0.35813,-0.120767,0.075191,0.019167,,,
1787980077127,0.42113,0.07786,0.33627,-0.164616,0.056368,0.032819,,,
1787980077127,0.18756,-0.03498,0.25304,-0.206213,0.044828,-0.014836,,,
1787980077127,0.11218,-0.18167,0.16948,-0.227006,0.036576,-0.026463,,,
1787980077127,-0.11198,-0.30135,0.05515,-0.207882,0.036535,-0.071024,,,
1787980077127,-0.15008,-0.39935,-0.07531,-0.201801,0.028385,-0.106112,,,
1787980077127,-0.16258,-0.36319,-0.26940,-0.157169,-0.027744,-0.144116,,,
1787980077127,-0.19020,-0.34842,-0.30693,-0.109579,-0.038364,-0.173748,,,
1787980077127,-0.21534,-0.22193,-0.33837,-0.029264,-0.021898,-0.200766,,,
1787980077127,-0.21714,-0.14391,-0.25537,0.018021,0.000187,-0.234914,,,
1787980077127,-0.24849,-0.05667,-0.16189,0.056735,-0.038807,-0.289489,,,
1787980077127,-0.27237,-0.07325,-0.03669,0.038306,-0.011994,-0.336835,,,
1787980077127,-0.33774,-0.04301,-0.04824,0.054471,-0.017915,-0.351696,,,
1787980077127,-0.46936,-0.04632,0.03078,0.058860,-0.022390,-0.394047,,,
1787980077127,-0.44132,-0.07137,-0.02503,0.123858,-0.060043,-0.416773,,,
1787980077127,-0.54845,-0.14898,0.16335,0.162566,-0.024468,-0.431941,,,
1787980077127,-0.55451,-0.27936,0.14478,0.164707,0.050888,-0.384531,,,
1787980077127,-0.53480,-0.25808,0.05075,0.121680,0.074348,-0.291846,,,
1787980077127,-0.53057,-0.18387,-0.02610,0.012867,0.016275,-0.232832,,,
1787980077127,-0.55285,-0.05924,-0.04211,-0.117544,-0.084262,-0.174282,,,
1787980077127,-0.85349,0.04767,0.13175,-0.184933,-0.157333,-0.202370,,,
1787980077127,-0.85349,0.04767,0.13175,-0.184933,-0.157333,-0.202370,,,
1787980077127,-1.04808,0.05764,0.37638,-0.240318,-0.060734,-0.252309,,,
1787980077127,-1.23269,0.15502,0.60308,-0.226853,-0.013448,-0.353668,,,
1787980077127,-1.47312,0.08571,0.86177,-0.213809,0.080521,-0.513973,,,
1787980077127,-1.38727,-0.01155,0.38197,-0.252981,0.231890,-0.579844,,,
1787980077127,-1.36885,0.17275,-0.64155,-0.127215,0.121332,-0.661891,,,
1787980077127,-1.38822,0.24395,-0.76908,-0.133315,0.015180,-0.795247,,,
1787980077127,-1.31639,0.09348,-0.71940,-0.213514,-0.026143,-0.829453,,,
1787980077127,-1.15848,0.08163,-0.72376,-0.141422,0.035362,-0.823568,,,
1787980077127,-1.01937,0.01351,-0.40391,-0.050761,0.142344,-0.760688,,,
1787980077127,-0.95613,-0.07225,0.13779,-0.112506,0.206863,-0.673126,,,
1787980077127,-0.93773,-0.09357,0.36465,-0.231602,0.187687,-0.602833,,,
1787980077127,-1.01917,-0.14198,0.74113,-0.333288,0.192239,-0.560803,,,
1787980077127,-0.84699,-0.13591,0.72941,-0.358824,0.299992,-0.437863,,,
1787980077127,-0.60232,0.02274,0.17029,-0.222878,0.656414,-0.267706,,,
1787980077127,-0.58272,0.10989,0.00265,-0.105922,1.094685,-0.164228,,,
1787980077127,0.12105,0.15768,-0.51908,-0.059361,1.230993,0.002252,,,
1787980077127,0.67364,0.48690,-0.61528,-0.300510,1.172655,0.245713,,,
1787980077127,1.20064,0.90236,-0.95146,-0.591178,0.772175,0.294928,,,
1787980077127,1.31811,0.86885,-0.58621,-0.555587,-0.129747,0.012858,,,
1787980077127,1.49465,0.43356,0.44909,-0.666730,-0.400403,-0.145350,,,
1787980077127,2.04683,0.25577,0.53596,-0.672459,-0.132012,-0.026570,,,
1787980077127,2.80309,0.38478,0.28894,-0.387398,0.279261,0.109984,,,
1787980077127,3.26909,0.15763,0.65288,-0.105715,0.447682,0.250637,,,
1787980077127,3.56314,-0.05318,1.72316,-0.345078,0.567626,0.601686,,,
1787980077127,3.16396,-0.00139,1.84783,-0.653315,0.530200,0.943070,,,
1787980077127,2.08029,-0.28094,1.73379,-0.904906,0.512492,0.994076,,,
1787980077127,1.71574,-0.46472,1.19341,-1.002764,0.503231,1.075836,,,
1787980077127,1.71574,-0.46472,1.19341,-1.002764,0.503231,1.075836,,,
1787980077127,1.01163,-0.50601,0.76833,-0.968168,0.583325,1.193065,,,
1787980077127,0.51542,-0.28506,0.52563,-0.900493,0.612105,1.215529,,,
1787980077127,0.01775,-0.12513,0.37093,-0.999416,0.622006,1.107010,,,
1787980077127,0.04121,-0.07347,-0.25440,-1.110726,0.520375,1.084999,,,
1787980077127,-0.38923,0.16907,-0.51425,-1.090210,0.284683,1.027888,,,
1787980077127,-0.81529,0.10976,-0.19045,-1.088659,0.237948,0.819404,,,
1787980077127,-0.64820,-0.05436,-0.30181,-1.197058,0.233125,0.714764,,,
1787980077127,-0.64516,0.08142,-0.64031,-0.969359,0.146425,0.676214,,,
1787980077127,-1.29080,-0.09977,-0.08465,-0.766528,0.355785,0.449445,,,
1787980077127,-1.66408,-0.37945,0.38909,-0.830210,0.740475,0.119748,,,
1787980077127,-1.95660,-0.58785,0.88987,-1.000898,1.105894,-0.234322,,,
1787980077127,-1.99862,-0.81827,0.70585,-1.298550,1.696448,-0.549171,,,
1787980077127,-0.72185,-0.26384,-0.77498,-1.114798,1.590567,-0.586385,,,
1787980077127,-1.37915,-0.41801,-1.27583,-0.749234,1.699442,-0.880804,,,
1787980077127,-0.80518,-0.05038,-1.07856,-0.549749,1.860528,-1.225871,,,
1787980077127,0.10988,0.05624,-1.55755,-0.460544,1.715509,-1.263551,,,
1787980077127,0.95187,0.64412,-2.18995,-0.279441,1.652197,-1.116285,,,
1787980077127,1.01454,0.53012,-3.06077,0.335938,1.403167,-0.914216,,,
1787980077127,0.86597,0.60277,-2.90258,1.046228,1.201391,-0.703103,,,
1787980077127,0.66309,0.61709,-2.29475,1.535749,1.039560,-0.550656,,,
1787980077127,0.39629,0.57628,-1.51154,1.851759,0.788971,-0.459516,,,
1787980077127,0.22653,0.55852,-0.56947,1.885541,0.525914,-0.403436,,,
1787980077127,0.03299,0.55100,0.31922,1.677252,0.345916,-0.288066,,,
1787980077127,-0.18179,0.77191,0.62476,1.384956,0.366570,-0.157933,,,
1787980077127,-0.52307,0.92034,0.45121,1.214685,0.381939,-0.062485,,,
1787980077127,-0.77760,1.10633,0.43384,1.146095,0.309602,-0.059007,,,
1787980077127,-1.14301,1.21249,0.50394,1.062489,0.237800,-0.210058,,,
1787980077127,-1.14301,1.21249,0.50394,1.062489,0.237800,-0.210058,,,
1787980077127,-1.13284,1.19554,0.53370,0.976711,0.135761,-0.456498,,,
1787980077127,-0.65435,1.10607,0.70013,0.830015,0.004585,-0.553691,,,
1787980077127,-0.37097,1.22869,0.68752,0.670394,0.065208,-0.514667,,,
1787980077127,-0.34962,1.29163,0.27141,0.704388,0.187124,-0.532596,,,
1787980077127,-0.17252,1.21416,0.21437,0.798067,0.096799,-0.579575,,,
1787980077127,-0.14730,0.94566,0.54568,0.805561,-0.051523,-0.622364,,,
1787980077127,-0.20877,0.59288,0.84033,0.752283,-0.129777,-0.641396,,,
1787980077127,-0.39362,0.15414,1.11311,0.642166,-0.058190,-0.606108,,,
1787980077127,-0.39831,-0.08229,1.12734,0.505029,0.104823,-0.550208,,,
1787980077127,-0.32713,-0.28673,1.03982,0.304972,0.175757,-0.478282,,,
1787980077127,-0.26934,-0.27983,0.83801,0.106927,0.236542,-0.464486,,,
1787980077127,-0.08810,-0.21477,0.20945,0.044849,0.343710,-0.467207,,,
1787980077127,0.18983,-0.14697,-0.07833,0.118482,0.516866,-0.451262,,,
1787980077127,0.70307,0.19923,-0.36527,0.163317,0.790650,-0.391778,,,
1787980077127,0.93514,0.25696,-0.93508,0.344855,0.889726,-0.268930,,,
1787980077127,1.07210,0.16641,-1.08473,0.544119,0.701697,-0.170739,,,
1787980077127,0.86756,-0.11088,-0.79573,0.617931,0.324071,-0.071363,,,
1787980077127,0.30008,-0.50246,-0.30840,0.499346,0.023845,-0.015543,,,
1787980077127,-0.03221,-0.82545,-0.05838,0.236901,-0.137885,0.065722,,,
1787980077127,-0.09541,-0.90189,-0.20715,-0.001822,-0.151813,0.279241,,,
1787980077127,-0.25209,-0.72569,-0.42502,-0.021255,-0.189710,0.390690,,,
1787980077127,-0.50425,-0.48211,-0.17934,-0.059632,-0.242498,0.264889,,,
1787980077127,-0.51216,-0.54396,-0.09006,-0.135691,-0.171628,0.110116,,,
1787980077127,-0.38841,-0.85935,-0.31576,-0.169969,-0.009402,0.177039,,,
1787980077127,-0.38291,-0.94537,-0.50544,-0.161001,0.036892,0.367806,,,
1787980077127,-0.23918,-0.39781,-0.10127,-0.353257,0.084992,0.380979,,,
1787980077127,-0.07178,-0.15048,-0.21365,-0.781222,0.208055,0.203786,,,
1787980077127,-0.07178,-0.15048,-0.21365,-0.781222,0.208055,0.203786,,,
1787980077127,0.40467,-0.05003,-1.68286,-0.846729,0.202725,0.174601,,,
1787980077127,0.28874,0.01181,-2.32138,-0.265474,-0.030439,0.305602,,,
1787980077127,-0.30813,0.14513,-1.59048,0.272798,0.089172,0.404689,,,
1787980077127,-0.84961,0.09287,-0.93302,0.705334,0.186502,0.375777,,,
1787980077127,-0.79726,-0.03772,0.34497,0.859089,0.257357,0.214698,,,
1787980077127,-0.38515,0.02282,1.01949,0.476931,0.184438,0.121119,,,
1787980077127,0.22820,0.34364,0.55553,-0.002761,0.047355,0.135164,,,
1787980077127,0.40744,0.67045,-0.23720,-0.066912,-0.076719,0.157276,,,
1787980077127,0.16108,0.79997,-0.66310,0.146320,-0.055021,0.162059,,,
1787980077127,-0.30939,0.62933,-0.46646,0.405171,-0.053999,0.063342,,,
1787980077127,-0.61233,0.41192,-0.03255,0.529991,-0.002945,-0.123079,,,
1787980077127,-0.43991,0.23361,-0.02554,0.643238,0.047540,-0.237138,,,
1787980077127,-0.02222,0.03292,-0.44877,0.761352,-0.123658,-0.342650,,,
1787980077127,0.47956,0.12416,-0.49001,0.802206,-0.413799,-0.468892,,,
1787980077127,0.74658,-0.38403,-0.57996,0.801688,-0.688185,-0.513359,,,
1787980083043,0.69223,-0.68790,-0.35643,0.871362,-0.745663,-0.325172,13.1250638,77.5897776,36.64
1787980083043,-0.05690,-1.04715,0.31954,0.968499,-0.498835,-0.056888,,,
1787980083043,-0.80965,-1.07501,1.04031,0.939453,-0.108475,0.062047,,,
1787980083043,-1.41063,-1.10033,1.93544,0.641710,0.323132,-0.024616,,,
1787980083043,-1.33323,-1.05674,1.84397,0.192272,0.647122,-0.168306,,,
1787980083043,-0.43523,-0.82642,0.75763,-0.122383,0.638469,-0.315718,,,
1787980083043,0.32076,-0.67582,-0.40345,-0.047889,0.400562,-0.307786,,,
1787980083043,0.55536,-0.54872,-0.70572,0.086637,0.216516,-0.218051,,,
1787980083043,0.35494,-0.82033,-0.70993,0.199782,0.088666,-0.165016,,,
1787980083043,0.13849,-1.02767,-0.47751,0.210241,0.048035,-0.109256,,,
1787980083043,0.54584,-0.42263,-0.36059,-0.089035,0.461195,-0.049894,,,
1787980083043,1.80271,0.49217,-1.47336,-0.392654,1.035425,-0.052654,,,
1787980083043,1.80271,0.49217,-1.47336,-0.392654,1.035425,-0.052654,,,
1787980083043,2.34496,1.39888,-2.11016,-0.178521,0.441521,0.211407,,,
1787980083043,0.98684,1.21307,-1.54512,0.183250,0.109625,-0.017841,,,
1787980083043,0.26476,0.00452,-1.51286,0.557239,-0.161169,-0.166419,,,
1787980083043,0.31547,-0.22740,-0.16029,0.804722,-0.471650,0.163907,,,
1787980083043,-0.12544,0.31812,0.90843,0.642020,-0.104250,0.628585,,,
1787980083043,-0.87690,0.76205,1.00983,0.378194,0.110351,0.789141,,,
1787980083043,-1.41968,1.04375,0.94229,0.201918,-0.063104,0.625569,,,
1787980083043,-1.66752,1.34256,0.91157,0.054310,-0.300845,0.242395,,,
1787980083043,-1.62862,1.15141,0.87084,0.029888,-0.350155,-0.137972,,,
1787980083043,-1.31849,0.64188,0.90463,0.029335,-0.177914,-0.253938,,,
1787980083043,-1.33497,0.27575,0.91444,-0.037357,-0.015833,-0.175497,,,
1787980083043,-1.69725,-0.15588,0.61979,-0.043527,0.120464,-0.225532,,,
1787980083043,-1.56598,-0.39216,0.57434,-0.105409,0.153892,-0.298630,,,
1787980083043,-0.98498,-0.50968,0.27477,-0.305359,0.200872,-0.255025,,,
1787980083043,-0.48006,-0.42831,-0.23946,-0.454955,0.176890,-0.111684,,,
1787980083043,0.24716,0.16304,-0.91505,-0.581366,0.129196,-0.040062,,,
1787980083903,0.55994,0.28159,-1.60858,-0.491493,-0.071754,0.034689,13.1250632,77.5897810,36.46
1787980083903,0.24536,0.23874,-1.49423,-0.205099,-0.438557,0.068666,,,
1787980083903,0.35602,0.62059,-0.41468,-0.361900,-0.299498,-0.108593,,,
1787980083903,1.55101,0.96589,-0.58007,-0.746512,0.272427,-0.165017,,,
1787980083903,1.54488,0.46299,-1.94469,-0.369385,0.095892,0.074207,,,
1787980083903,0.29825,-0.01093,-0.99154,0.537651,-0.634960,0.150381,,,
1787980083903,-0.31739,0.17747,1.49287,0.521905,-0.562490,-0.050515,,,
1787980083903,0.10230,0.13407,2.30756,-0.085241,0.056017,-0.148627,,,
1787980083903,0.37731,-0.19046,1.27516,-0.371887,0.429792,-0.122674,,,
1787980083903,0.62436,-0.49339,0.27667,-0.314919,0.087691,-0.043680,,,
1787980083903,0.07603,-0.46588,0.57452,-0.278851,-0.262604,-0.009643,,,
1787980083903,0.07603,-0.46588,0.57452,-0.278851,-0.262604,-0.009643,,,
1787980083903,-0.80352,-0.78386,0.84703,-0.455044,-0.171366,-0.150734,,,
1787980083903,-0.98977,-1.10559,0.33235,-0.661522,-0.194723,-0.226407,,,
1787980083903,-1.11339,-1.24775,-0.19923,-0.759922,-0.245919,-0.113654,,,
1787980083903,-1.49834,-1.20315,-0.78618,-0.647513,-0.165751,-0.064589,,,
1787980083903,-1.75377,-1.09690,-1.62940,-0.269990,-0.011781,-0.170116,,,
1787980083903,-1.64010,-1.06912,-1.90404,0.120715,0.153717,-0.248177,,,
1787980083903,-1.25323,-0.72666,-1.94417,0.315412,0.382565,-0.278526,,,
1787980083903,-0.76374,-0.16960,-2.15201,0.238887,0.479759,-0.437508,,,
1787980083903,1.16936,1.52323,-2.53273,-0.018222,0.770595,-0.656058,,,
1787980083903,2.48490,2.33708,-3.93017,0.154938,1.044794,-0.542711,,,
1787980084746,1.42088,1.72396,-4.79049,1.259003,0.472980,-0.317009,13.1249682,77.5899457,19.93
1787980084746,-0.32356,1.12165,-2.54478,2.146178,-0.008873,-0.303836,,,
1787980084746,-1.72160,0.81603,0.35105,1.942465,0.422626,-0.567650,,,
1787980084746,-1.30823,0.94769,-0.16616,1.666005,1.089439,-0.790062,,,
1787980084746,0.14804,1.14901,-1.17569,1.900146,1.036717,-0.739778,,,
1787980084746,0.57283,1.24331,-1.05150,2.186195,0.670685,-0.315198,,,
1787980084746,-0.22009,1.33563,0.02269,2.240460,0.458959,0.007709,,,
1787980084746,-0.97347,1.35208,0.85169,2.074130,0.301681,0.088609,,,
1787980084746,-1.55801,1.15935,1.73387,1.675206,0.000687,0.073379,,,
1787980084746,-1.92653,1.13399,2.20599,1.128490,-0.316260,0.006187,,,
1787980085074,-2.50214,1.11125,2.23082,0.619190,-0.502487,-0.140099,13.1249673,77.5899464,20.00
1787980085074,-2.50214,1.11125,2.23082,0.619190,-0.502487,-0.140099,,,
1787980085074,-2.58178,1.20377,1.88355,0.322005,-0.318749,-0.268505,,,
1787980085074,-1.88384,1.61004,1.27247,0.196138,-0.039157,-0.403089,,,
1787980085074,-0.77072,2.07777,0.90594,0.102641,0.275774,-0.571956,,,
1787980085074,0.63685,2.07612,0.24476,-0.081496,0.286875,-0.718695,,,
1787980085074,2.16973,2.39468,0.66507,-0.515879,-0.026623,-0.788268,,,
1787980085074,2.69343,2.03908,0.24136,-1.225490,-0.219262,-0.739524,,,
1787980085074,2.69343,2.03908,0.24136,-1.225490,-0.219262,-0.739524,,,
1787980085074,1.71501,0.45717,-1.22155,-0.662449,-1.119692,-0.632008,,,
1787980085074,0.64290,-0.29985,1.03276,0.225335,-1.619129,-0.561782,,,
1787980085074,0.39806,-0.59760,3.01463,0.140880,-0.537825,-0.418628,,,
1787980085074,0.80854,-0.73460,2.99915,-0.205417,0.600193,-0.136628,,,
1787980085074,1.00453,-0.58229,2.22997,-0.282849,0.885468,0.050809,,,
1787980085074,0.64224,-0.70353,2.09354,-0.500119,0.752916,0.008851,,,
1787980085074,0.64224,-0.70353,2.09354,-0.500119,0.752916,0.008851,,,
1787980085074,0.30665,-0.96796,1.79302,-0.948586,0.550106,-0.058239,,,
1787980085074,0.01042,-1.08289,0.41683,-1.119262,0.515828,0.076894,,,
1787980085074,-0.41227,-1.06376,-0.61232,-0.882579,0.687874,0.254069,,,
1787980085074,-1.01727,-1.05636,-1.52910,-0.590900,0.915438,0.268751,,,
1787980085074,-1.02782,-0.98797,-2.20649,-0.422236,0.918780,0.191949,,,
1787980085074,-0.79456,-0.91174,-3.26981,-0.319291,0.705027,0.158158,,,
1787980085074,-0.79456,-0.91174,-3.26981,-0.319291,0.705027,0.158158,,,
1787980085074,-0.75888,-0.80082,-4.00772,-0.070380,0.230987,0.197616,,,
1787980085074,-1.09600,-0.53923,-3.98501,0.283522,-0.107911,0.180063,,,
1787980085074,-0.83187,0.09941,-3.34430,0.261815,0.168414,0.022013,,,
1787980085074,1.50260,1.95935,-4.14176,-0.183348,0.743721,-0.135504,,,
1787980085074,2.48536,2.34308,-6.11866,0.445322,0.036059,-0.131888,,,
1787980085074,1.28049,1.93074,-4.69854,1.674810,-1.033336,0.026755,,,
1787980085074,1.28049,1.93074,-4.69854,1.674810,-1.033336,0.026755,,,
1787980085074,-0.74337,1.59699,-1.44037,2.236146,-1.230423,0.037651,,,
1787980085074,-2.16151,1.53296,0.74149,2.032190,-0.438327,-0.170704,,,
1787980086066,-1.95438,1.58312,0.31195,1.792369,0.349797,-0.406272,13.1249670,77.5899461,31.80
1787980086080,-0.84797,2.00015,-0.43800,1.837643,0.444113,-0.406714,13.1249670,77.5899461,31.80
1787980086080,-0.73061,2.28539,-0.10609,1.909751,0.251377,-0.365220,,,
1787980086080,-1.29296,2.04977,0.65394,1.874233,0.090590,-0.341931,,,
1787980086080,-1.29296,2.04977,0.65394,1.874233,0.090590,-0.341931,,,
1787980086080,-1.72413,1.86260,1.21855,1.790060,0.108385,-0.328072,,,
1787980086080,-1.95531,1.72910,1.96615,1.587360,0.211350,-0.328409,,,
1787980086080,-2.09132,1.62683,2.24757,1.349439,0.229147,-0.340070,,,
1787980086080,-2.03407,1.65538,2.74801,1.039748,0.320635,-0.407148,,,
1787980086080,-1.81039,1.59460,2.82515,0.560681,0.454692,-0.515096,,,
1787980086080,-0.58013,1.95427,2.35318,0.003995,0.781315,-0.637851,,,
1787980086080,-0.58013,1.95427,2.35318,0.003995,0.781315,-0.637851,,,
1787980086080,0.30039,1.70362,1.17352,-0.358834,0.841859,-0.656951,,,
1787980086080,1.36663,1.88735,0.73758,-0.517571,0.630231,-0.567486,,,
1787980086080,1.56681,1.85350,0.90042,-1.003346,0.769407,-0.530425,,,
1787980086080,1.27942,0.77819,0.04640,-1.320032,0.435777,-0.533380,,,
1787980086080,1.04596,0.14538,-0.16986,-1.215981,-0.091696,-0.433711,,,
1787980086080,0.03620,-0.20250,0.15760,-1.194480,0.002457,-0.365894,,,
1787980086080,0.03620,-0.20250,0.15760,-1.194480,0.002457,-0.365894,,,
1787980086080,-0.20300,-0.26712,-0.51864,-1.070649,0.603369,-0.366912,,,
1787980086080,0.21633,-0.58198,-2.02180,-0.533227,0.878641,-0.359812,,,
1787980086080,0.33613,-0.93948,-2.21926,-0.063443,0.767646,-0.225409,,,
1787980086080,0.17358,-0.98899,-1.82114,0.006706,0.642799,-0.033012,,,
1787980086080,-0.36440,-0.89137,-2.16946,-0.017883,0.388299,0.174330,,,
1787980086080,-1.54168,-0.66008,-2.63040,0.256260,0.245742,0.243308,,,
1787980086080,-1.54168,-0.66008,-2.63040,0.256260,0.245742,0.243308,,,
1787980086080,-2.26194,-0.67365,-2.66197,0.573749,0.333058,0.043802,,,
1787980086080,-2.03895,-0.65497,-2.86701,0.782523,0.391427,-0.173039,,,
1787980086080,-1.44920,-0.62208,-3.24289,0.850354,0.223267,-0.222056,,,
1787980086080,-0.38926,-0.06394,-3.29575,0.772701,0.004689,-0.247109,,,
1787980086080,0.34507,0.43405,-3.35528,0.536687,-0.157421,-0.315088,,,
1787980086080,1.38430,1.37911,-4.24034,0.398207,-0.258625,-0.337113,,,
1787980086080,1.38430,1.37911,-4.24034,0.398207,-0.258625,-0.337113,,,
1787980086080,1.81071,1.93156,-4.87867,0.718206,-0.441153,-0.193727,,,
1787980087079,1.52530,2.40633,-4.67572,1.387618,-0.687872,-0.087725,13.1250015,77.5899044,29.28
1787980087079,0.90192,2.42819,-3.12162,2.140255,-0.953437,-0.049576,,,
1787980087079,0.07823,2.44295,-0.60919,2.265193,-0.610054,-0.075189,,,
1787980087079,0.09581,2.48797,-0.02662,2.187124,-0.157206,-0.128028,,,
1787980087079,0.01720,2.15817,0.22190,2.344565,-0.104542,-0.110022,,,
1787980087079,0.01720,2.15817,0.22190,2.344565,-0.104542,-0.110022,,,
1787980087079,-0.53112,2.08057,1.10699,2.502637,-0.187027,-0.040981,,,
1787980087079,-1.57669,1.66562,2.28744,2.433428,-0.017464,-0.121313,,,
1787980087079,-1.82045,1.48315,2.86952,2.310703,0.059530,-0.253226,,,
1787980087079,-1.58266,0.83673,4.44865,1.974446,-0.131305,-0.172994,,,
1787980087079,-1.67978,0.47054,5.72574,1.436291,-0.266103,0.087461,,,
1787980087370,-2.19772,1.40802,6.82165,0.721426,0.315265,0.705990,13.1251161,77.5898513,29.23
1787980087398,-2.19772,1.40802,6.82165,0.721426,0.315265,0.705990,13.1251163,77.5898511,29.23
1787980087398,-2.45142,2.68930,6.53572,0.088338,1.520912,0.845574,,,
1787980087398,-3.15584,3.92370,5.31937,-0.141226,2.195600,0.447751,,,
1787980087398,-3.44653,5.06099,4.11568,-0.129212,2.657848,-0.438160,,,
1787980087398,-1.46353,6.63634,4.57056,-0.705252,2.730478,-1.492676,,,
1787980087398,-0.98575,6.75091,4.26066,-1.780679,2.005752,-2.434070,,,
1787980087398,-0.25950,6.31818,4.17509,-2.945397,0.967973,-3.541684,,,
1787980087398,-0.25950,6.31818,4.17509,-2.945397,0.967973,-3.541684,,,
1787980087675,2.25240,6.17340,3.63429,-3.568212,1.313366,-3.306925,13.1250285,77.5899078,19.66
1787980087675,4.50963,7.07198,2.15186,-3.063143,2.724030,-3.016210,,,
1787980087675,6.35324,6.60807,0.01131,-1.996362,3.499776,-2.923372,,,
1787980087675,6.40392,3.21455,-2.54303,-1.365371,2.839728,-2.132587,,,
1787980087675,4.98942,1.41395,-3.57113,-1.139990,1.541702,-1.277726,,,
1787980087675,2.94332,0.48453,-3.38523,-0.576441,0.448335,-1.153531,,,
1787980087675,2.94332,0.48453,-3.38523,-0.576441,0.448335,-1.153531,,,
1787980087675,2.37951,0.05202,-2.28467,-0.267658,0.131274,-1.207627,,,
1787980087675,2.01137,-0.81983,-1.32189,-0.429707,0.344940,-1.251315,,,
1787980087675,2.09688,-1.33556,-1.44613,-0.847471,0.576747,-1.391832,,,
1787980087675,2.60387,-2.34680,-2.98682,-1.095890,0.574993,-1.623268,,,
1787980087675,4.58975,-3.22866,-3.80212,-0.989961,0.407913,-1.430835,,,
1787980087675,6.86623,-3.50086,-4.85904,-0.966750,0.781537,-0.870050,,,
1787980087675,6.86623,-3.50086,-4.85904,-0.966750,0.781537,-0.870050,,,
1787980087675,9.99105,-2.06735,-6.15808,-0.577849,0.356468,0.095783,,,
1787980087675,9.54990,-0.05613,-6.40662,0.424419,-0.720364,1.076288,,,
1787980087675,6.93082,-0.01537,-5.15469,1.416320,-0.833494,1.516202,,,
1787980087675,4.44290,-1.58425,-3.72488,2.143122,-0.532492,2.016962,,,
1787980087675,3.93411,-0.35616,-2.24593,2.243727,0.095484,2.750020,,,
1787980087675,3.80109,1.96950,-1.30737,2.106108,0.609184,3.108072,,,
1787980087675,3.80109,1.96950,-1.30737,2.106108,0.609184,3.108072,,,
1787980087675,3.77595,3.15467,-1.04318,2.342910,0.391210,2.963145,,,
1787980087675,3.68550,3.75596,-0.20825,2.392515,0.225680,3.087161,,,
1787980087675,2.65179,4.11235,0.28555,2.244940,0.136306,3.456874,,,
1787980087675,0.94039,5.04623,0.62112,1.967538,0.103770,3.653332,,,
1787980087675,-0.41412,5.82987,0.72361,1.685573,0.052115,3.520620,,,
1787980087675,-2.02125,6.15013,0.32818,1.418024,0.234214,3.219371,,,
1787980087675,-2.02125,6.15013,0.32818,1.418024,0.234214,3.219371,,,
1787980087675,-2.93086,6.31511,-0.22589,1.175243,0.456134,2.853433,,,
1787980087675,-3.66986,6.41543,-0.83011,0.966582,0.497602,2.420506,,,
1787980087675,-4.06769,6.93749,-0.97794,0.757379,0.371286,1.873854,,,
1787980087675,-4.87988,7.07307,-1.15519,0.538056,0.199310,1.055656,,,
1787980087675,-5.13018,6.96326,-1.39498,0.263023,0.118504,0.183297,,,
1787980087675,-4.41828,6.89839,-1.52064,0.276591,0.116381,-0.557745,,,
1787980087675,-4.41828,6.89839,-1.52064,0.276591,0.116381,-0.557745,,,
1787980087675,-3.39703,7.39066,-0.51824,0.313345,-0.020189,-1.275939,,,
1787980087675,-3.85619,7.22138,-0.13269,0.209842,-0.198948,-2.547464,,,
1787980087675,-3.16616,4.79278,-0.08983,0.450370,-0.334160,-3.700045,,,
1787980087675,0.29592,3.50289,1.42699,0.540581,-0.223033,-3.433912,,,
1787980087675,1.26848,2.99982,1.99044,0.689365,0.468407,-3.123785,,,
1787980087675,3.02435,2.09554,2.22145,0.920692,1.070379,-3.139902,,,
1787980087675,3.02435,2.09554,2.22145,0.920692,1.070379,-3.139902,,,
1787980087675,5.03879,0.80582,2.16015,0.891319,1.086332,-2.498352,,,
1787980087675,5.04326,-0.49885,1.50725,0.343997,0.502374,-1.519909,,,
1787980087675,3.70258,-0.91132,0.96746,-0.100846,-0.476029,-1.082056,,,
1787980087675,2.03729,-1.39866,0.93395,-0.116595,-0.888583,-1.084192,,,
1787980087675,1.63073,-1.96596,1.00513,0.058504,-0.372221,-0.940490,,,
1787980087675,1.23208,-2.38274,0.60605,0.222795,0.206716,-0.791644,,,
1787980087675,1.23208,-2.38274,0.60605,0.222795,0.206716,-0.791644,,,
1787980087675,1.37725,-3.00441,0.35984,0.489378,0.212285,-0.713283,,,
1787980087675,1.22680,-3.60237,0.83401,0.515461,0.357718,-0.719229,,,
1787980087675,2.01315,-3.81666,1.11103,0.468707,0.873083,-0.740628,,,
1787980087675,4.78292,-3.41923,1.33221,0.523605,1.021331,-0.637135,,,
1787980087675,6.99497,-2.80423,1.44082,0.272280,1.079557,-0.052751,,,
1787980087675,6.37475,-3.85885,0.09461,-0.027146,0.539286,0.827151,,,
1787980087675,6.37475,-3.85885,0.09461,-0.027146,0.539286,0.827151,,,
1787980087675,4.74376,-2.74708,-0.49529,-0.268673,0.006435,1.660932,,,
1787980087675,2.53615,-1.16202,-0.79107,-0.230358,-0.052604,1.915391,,,
1787980087675,2.00549,0.14688,-0.83799,-0.064696,0.332612,1.877510,,,
1787980087675,2.10544,1.05660,-1.12134,0.166814,0.504285,1.938512,,,
1787980087675,1.42925,1.52674,-1.47986,0.254238,0.592110,2.133976,,,
1787980087675,0.59722,2.21586,-1.75353,0.404330,0.540182,2.120907,,,
1787980087675,0.59722,2.21586,-1.75353,0.404330,0.540182,2.120907,,,
1787980087675,0.03689,2.80333,-1.74704,0.571666,0.665777,1.930690,,,
1787980087675,0.24534,3.17189,-1.82447,0.577417,0.990415,1.689139,,,
1787980087675,0.79453,3.47383,-2.29941,0.447031,1.079296,1.590848,,,
1787980087675,0.98423,3.48663,-3.10781,0.485002,0.746216,1.628519,,,
1787980087675,0.63354,3.52028,-3.29530,0.644320,0.259519,1.877421,,,
1787980087675,-0.60881,3.89547,-2.85783,0.677430,-0.040585,1.996258,,,
1787980087675,-0.60881,3.89547,-2.85783,0.677430,-0.040585,1.996258,,,
1787980087675,-1.51190,4.25868,-2.68533,0.651177,-0.179533,1.850395,,,
1787980087675,-2.25936,4.66287,-2.51699,0.655643,-0.255631,1.563952,,,
1787980087675,-2.74456,4.92771,-2.42804,0.704685,-0.202928,1.204943,,,
1787980087675,-3.18798,4.93193,-2.36496,0.879223,-0.177234,0.738628,,,
1787980087675,-3.10710,4.92908,-1.89231,1.045946,-0.131384,0.333409,,,
1787980087675,-2.88768,5.20596,-0.85448,0.974523,0.002843,-0.121477,,,
1787980087675,-2.88768,5.20596,-0.85448,0.974523,0.002843,-0.121477,,,
1787980087675,-2.74241,5.45017,-0.19555,0.629128,-0.071583,-0.872445,,,
1787980087675,-2.87722,4.58847,-0.28116,0.229560,-0.448698,-1.796103,,,
1787980087675,-2.51708,3.60527,0.20414,0.044883,-0.779387,-2.411755,,,
1787980087675,-1.86221,2.88937,0.84449,-0.059335,-0.837606,-2.735807,,,
1787980087675,-1.20836,2.34478,1.23928,-0.166785,-0.583816,-3.003007,,,
1787980087675,0.50517,1.94165,1.11189,-0.167661,-0.133480,-3.087100,,,
1787980087675,0.50517,1.94165,1.11189,-0.167661,-0.133480,-3.087100,,,
1787980087675,1.88991,0.93679,1.00064,-0.067148,-0.056203,-2.919195,,,
1787980087675,2.98145,0.10926,1.02114,-0.216709,-0.066717,-2.575842,,,
1787980087675,3.76484,-0.35522,0.85468,-0.457418,-0.083860,-2.250431,,,
1787980087675,4.87905,-0.78363,0.61681,-0.526676,-0.319764,-2.004537,,,
1787980087675,5.58235,-1.49663,0.32573,-0.436763,-0.438836,-1.545890,,,
1787980087675,5.48583,-2.53333,0.24859,-0.183755,-0.525148,-0.981292,,,
1787980087675,5.48583,-2.53333,0.24859,-0.183755,-0.525148,-0.981292,,,
1787980087675,4.89178,-3.38849,0.46175,0.104216,-0.468191,-0.467515,,,
1787980087675,3.94883,-4.47451,0.76425,0.354279,-0.214912,-0.044548,,,
1787980087675,3.61563,-4.86451,1.00035,0.548508,0.247154,0.373838,,,
1787980087675,3.78039,-4.57744,1.20978,0.561587,0.652436,0.752300,,,
1787980087675,4.04004,-3.68575,1.09033,0.397756,0.930665,1.180853,,,
1787980087675,4.19627,-2.28603,0.57945,0.216454,1.081215,1.572693,,,
1787980087675,4.19627,-2.28603,0.57945,0.216454,1.081215,1.572693,,,
1787980087675,4.15026,-1.14595,0.16698,0.236737,1.014520,1.901078,,,
1787980087675,4.14948,0.67258,0.32559,0.152530,0.921694,2.232369,,,
1787980087675,3.04150,0.99971,-0.27808,0.081983,0.775241,2.377897,,,
1787980087675,2.25308,1.52647,-0.41522,0.053375,0.458985,2.520861,,,
1787980087675,1.27168,2.18638,-0.48201,-0.170939,0.264168,2.650646,,,
1787980087675,0.22862,3.16421,-0.93067,-0.305194,0.152311,2.592021,,,
1787980087675,0.22862,3.16421,-0.93067,-0.305194,0.152311,2.592021,,,
1787980087675,-0.58829,3.83195,-1.41293,-0.215799,0.145188,2.367595,,,
1787980087675,-1.19823,4.35949,-1.89463,-0.033235,0.290565,2.142687,,,
1787980087675,-1.69451,4.72264,-2.35542,0.236070,0.422912,1.910715,,,
1787980087675,-2.54874,4.58910,-2.85877,0.636830,0.459971,1.617561,,,
1787980087675,-3.10458,4.39378,-3.01207,0.989427,0.522539,1.304554,,,
1787980087675,-3.36761,4.25067,-3.09645,1.222900,0.610353,0.981781,,,
1787980087675,-3.36761,4.25067,-3.09645,1.222900,0.610353,0.981781,,,
1787980087675,-3.24025,4.27392,-3.17199,1.392233,0.604452,0.652216,,,
1787980087675,-2.95661,4.44802,-2.99855,1.574728,0.471787,0.277220,,,
1787980087675,-2.56557,4.56308,-2.65706,1.673155,0.249780,-0.200870,,,
1787980087675,-2.25319,4.29530,-2.26615,1.759294,-0.081554,-0.789309,,,
1787980087675,-1.76643,4.00894,-1.80027,1.961149,-0.386530,-1.382665,,,
1787980087675,-0.79806,3.29472,-0.60444,2.161948,-0.343951,-1.750823,,,
1787980087675,-0.79806,3.29472,-0.60444,2.161948,-0.343951,-1.750823,,,
1787980087675,-0.15983,2.26800,0.69311,2.322265,-0.390140,-1.716934,,,
1787980087675,0.12515,1.13752,2.36439,2.100201,-0.611670,-1.690514,,,
1787980087675,0.63400,0.69606,3.20792,1.168074,-0.389603,-1.621027,,,
1787980087675,1.27092,0.27865,2.81735,0.231010,-0.417415,-1.451453,,,
1787980087675,1.54441,0.10756,2.17478,-0.309633,-0.712142,-1.410352,,,
1787980087675,1.59695,-0.24354,1.57666,-0.593488,-1.044404,-1.346877,,,
1787980087675,1.59695,-0.24354,1.57666,-0.593488,-1.044404,-1.346877,,,
1787980087675,1.48159,-0.71667,1.28054,-0.698870,-1.097230,-1.262348,,,
1787980087675,1.73445,-1.23664,1.05618,-0.595314,-0.895496,-1.131100,,,
1787980087675,1.83172,-1.85917,0.99747,-0.336699,-0.564170,-0.930048,,,
1787980087675,2.27307,-2.11396,1.05206,-0.170093,-0.103714,-0.603673,,,
1787980087675,2.52426,-2.24418,1.01667,-0.069630,0.183351,-0.233861,,,
1787980087675,2.52697,-2.13933,0.94741,-0.063929,0.264533,0.077001,,,
1787980087675,2.52697,-2.13933,0.94741,-0.063929,0.264533,0.077001,,,
1787980087675,2.27859,-2.00237,0.84151,-0.141666,0.182816,0.285056,,,
1787980087675,1.96591,-1.79029,0.64933,-0.267660,0.124521,0.467618,,,
1787980087675,1.76280,-1.45004,0.38905,-0.352055,0.098197,0.594699,,,
1787980087675,1.67088,-1.09223,0.08061,-0.376840,0.085694,0.732308,,,
1787980087675,1.47266,-0.68472,-0.09364,-0.365684,0.078407,0.887904,,,
1787980087675,1.16967,-0.26361,-0.31410,-0.338792,0.071459,1.020776,,,
1787980087675,1.16967,-0.26361,-0.31410,-0.338792,0.071459,1.020776,,,
1787980087675,0.83415,0.13345,-0.40867,-0.310712,0.051454,1.138282,,,
1787980087675,0.33013,0.61078,-0.61536,-0.275851,0.053531,1.196485,,,
1787980087675,-0.13364,0.99284,-0.78441,-0.197518,0.034869,1.168058,,,
1787980087675,-0.70911,1.22621,-0.88474,-0.069381,0.007870,1.067373,,,
1787980087675,-1.06197,1.46616,-0.92537,0.027480,0.029558,0.931364,,,
1787980087675,-1.37579,1.64201,-0.89505,0.114442,0.060972,0.759303,,,
1787980087675,-1.37579,1.64201,-0.89505,0.114442,0.060972,0.759303,,,
1787980087675,-1.53682,1.78109,-0.89962,0.203142,0.098308,0.572118,,,
1787980087675,-1.71157,1.79199,-0.78597,0.325417,0.077290,0.355878,,,
1787980087675,-1.86752,1.64472,-0.67819,0.368686,0.069170,0.122708,,,
1787980087675,-1.76506,1.51980,-0.45902,0.360141,0.073466,-0.066613,,,
1787980087675,-1.66822,1.43880,-0.40289,0.378207,0.066508,-0.260029,,,
1787980087675,-1.46183,1.28609,-0.21417,0.408556,0.059192,-0.445877,,,
1787980087675,-1.46183,1.28609,-0.21417,0.408556,0.059192,-0.445877,,,
1787980087675,-1.13728,1.15472,0.01215,0.412393,0.090672,-0.599172,,,
1787980087675,-0.67571,0.95228,0.30254,0.368900,0.075331,-0.725758,,,
1787980087675,-0.10104,0.72795,0.55726,0.221878,0.070554,-0.778208,,,
1787980087675,0.58661,0.36372,0.86184,0.014554,0.046830,-0.644617,,,
1787980087675,0.62640,0.07573,0.87333,-0.146521,-0.059109,-0.594042,,,
1787980087675,0.78548,-0.19100,0.67962,-0.328551,-0.223627,-0.567031,,,
1787980087675,0.78548,-0.19100,0.67962,-0.328551,-0.223627,-0.567031,,,
1787980087675,0.71066,-0.43815,0.47172,-0.431062,-0.422711,-0.426436,,,
1787980087675,0.24247,-0.45760,0.37726,-0.412245,-0.445376,-0.313920,,,
1787980087675,-0.13528,-0.46052,0.32630,-0.321362,-0.279374,-0.341299,,,
1787980087675,-0.08960,-0.39147,0.22836,-0.192159,0.055383,-0.482605,,,
1787980087675,0.28241,-0.59003,-0.00059,0.003697,0.384712,-0.550097,,,
1787980087675,0.81892,-0.91516,-0.10930,0.158375,0.537641,-0.559169,,,
1787980087675,0.81892,-0.91516,-0.10930,0.158375,0.537641,-0.559169,,,
1787980087675,1.25321,-1.31618,-0.21294,0.228310,0.565315,-0.486920,,,
1787980087675,1.77047,-1.55852,-0.20268,0.235260,0.542114,-0.297772,,,
1787980087675,2.01286,-1.72580,-0.26292,0.172827,0.501599,0.003126,,,
1787980087675,1.96249,-1.58430,-0.35307,0.040306,0.375127,0.299374,,,
1787980087675,1.72366,-1.31344,-0.53743,-0.103542,0.169924,0.521384,,,
1787980087675,1.41994,-0.80128,-0.72622,-0.176442,-0.040305,0.685767,,,
1787980087675,1.41994,-0.80128,-0.72622,-0.176442,-0.040305,0.685767,,,
1787980087675,1.02962,-0.45817,-0.76375,-0.119955,-0.139036,0.812599,,,
1787980087675,0.57506,-0.09437,-0.77132,-0.002907,-0.060163,0.924323,,,
1787980087675,0.21458,0.23922,-0.75713,0.161944,0.075072,0.987117,,,
1787980087675,-0.08735,0.40480,-0.60080,0.348732,0.194033,1.024191,,,
1787980087675,-0.17254,0.59412,-0.27715,0.469251,0.273738,1.019593,,,
1787980087675,0.20519,0.59850,0.19693,0.408908,0.349233,1.191393,,,
1787980087675,0.20519,0.59850,0.19693,0.408908,0.349233,1.191393,,,
1787980087675,0.09643,0.61224,0.41454,0.284125,0.263063,1.434407,,,
1787980087675,-0.75262,0.86656,0.57537,0.006927,0.119553,1.272817,,,
1787980087675,-0.80154,0.68732,0.82608,-0.424787,-0.377255,0.623045,,,
1787980087675,1.15125,0.03835,1.28455,-1.028167,-1.050279,0.384003,,,
1787980087675,2.06421,-0.07302,0.92047,-1.478101,-1.353896,0.767235,,,
1787980087675,1.89652,0.13887,0.02615,-1.511074,-1.434542,1.086368,,,
1787980087675,1.89652,0.13887,0.02615,-1.511074,-1.434542,1.086368,,,
1787980087675,1.58877,0.42512,-0.51959,-1.292954,-1.477333,1.147930,,,
1787980093382,2.14958,0.09071,-0.99716,-0.970846,-1.985990,1.209525,13.1250401,77.5898923,17.64
1787980093382,2.23995,0.19750,-1.09321,-0.752654,-2.817394,1.309893,,,
1787980093382,1.50608,0.43631,-1.40431,-0.627795,-2.995957,1.386731,,,
1787980093382,1.17031,0.93229,-1.94302,-0.245693,-2.964441,1.514595,,,
1787980093382,0.47212,1.38576,-2.37457,0.385208,-2.977287,1.437520,,,
1787980093382,0.47212,1.38576,-2.37457,0.385208,-2.977287,1.437520,,,
1787980093382,0.04003,1.78825,-1.71426,0.736619,-3.148177,1.183130,,,
1787980093382,-0.44228,1.70258,-0.94130,0.859754,-3.173708,0.835082,,,
1787980093382,-0.02142,1.50054,-0.03523,0.980105,-3.419841,0.652297,,,
1787980093683,-0.21720,1.02520,0.81605,0.883080,-3.437255,0.496052,13.1250404,77.5898927,17.64
1787980093683,0.23947,0.87965,1.39539,0.548158,-3.400625,0.323316,,,
1787980093683,0.44999,-0.00698,1.26264,0.365323,-3.243783,0.228930,,,
1787980093683,0.44999,-0.00698,1.26264,0.365323,-3.243783,0.228930,,,
1787980093683,1.32517,0.07915,0.78157,0.401055,-2.966909,0.140402,,,
1787980093683,1.24983,-0.27084,0.34683,0.448414,-2.984012,-0.024426,,,
1787980093683,1.52173,0.07158,0.56261,0.505269,-2.673356,-0.053067,,,
1787980093683,0.96995,0.10776,0.99652,0.730466,-2.152262,-0.094719,,,
1787980093683,1.47300,0.15696,1.48011,0.760824,-1.948804,-0.172993,,,
1787980093683,1.75111,0.01174,1.77874,0.602311,-1.643221,0.204237,,,
1787980093683,1.75111,0.01174,1.77874,0.602311,-1.643221,0.204237,,,
1787980093683,1.33756,0.80799,2.62538,-0.250262,-1.688855,0.488806,,,
1787980093683,0.14649,1.53704,0.55573,0.050026,-1.389295,0.698476,,,
1787980093683,0.07063,1.91814,0.15068,0.626528,-1.025935,0.415701,,,
1787980093683,0.35894,1.80965,0.45761,1.000129,-0.744412,0.047881,,,
1787980093683,0.19229,1.29115,0.56586,1.014487,-0.525375,-0.307320,,,
1787980093683,-0.26750,1.25386,0.77124,1.017159,-0.262727,-0.640780,,,
1787980093683,-0.26750,1.25386,0.77124,1.017159,-0.262727,-0.640780,,,
1787980093683,-0.58409,0.85424,1.16980,0.918288,-0.029801,-1.057135,,,
1787980093683,0.35234,0.19490,1.34446,0.750971,-0.059552,-1.168372,,,
1787980093683,1.02622,-0.15177,1.22062,0.463260,-0.028041,-0.820989,,,
1787980093683,1.73231,-0.39696,1.09048,0.249321,-0.051912,-0.125811,,,
1787980093683,0.30720,0.02551,0.74470,0.111947,-0.115811,0.076271,,,
1787980093683,-0.03554,0.28560,0.41921,-0.069372,-0.091300,0.084172,,,
1787980093683,-0.03554,0.28560,0.41921,-0.069372,-0.091300,0.084172,,,
1787980093683,-0.04588,0.12911,0.11292,-0.099600,-0.057006,0.098079,,,
1787980093683,-0.19804,0.09108,0.06077,-0.067538,-0.102657,0.003350,,,
1787980093683,0.07028,0.14533,0.04702,0.008073,0.067141,0.082297,,,
1787980093683,-0.19478,0.09977,0.22873,-0.001435,0.133793,0.089311,,,
1787980093683,-0.09582,0.09950,0.49970,-0.134610,0.172834,0.061042,,,
1787980093683,0.05666,0.07060,0.34738,-0.232126,0.258660,0.078856,,,
1787980093683,0.05666,0.07060,0.34738,-0.232126,0.258660,0.078856,,,
1787980093683,0.00910,-0.00081,0.25175,-0.350220,0.434633,0.055233,,,
1787980093683,-0.10312,-0.21817,0.29097,-0.442521,0.457878,0.025078,,,
1787980093683,-0.46719,-0.30597,-0.19320,-0.178510,0.239032,-0.028265,,,
1787980093683,-0.28282,-0.19804,-0.07286,0.160395,0.021986,-0.042962,,,
1787980093683,-0.15785,-0.19880,0.01451,0.185466,-0.065910,-0.149920,,,
1787980093683,-0.00187,-0.23651,0.15634,-0.022484,-0.022273,-0.155740,,,
1787980093683,-0.00187,-0.23651,0.15634,-0.022484,-0.022273,-0.155740,,,
1787980093683,-0.07544,-0.06422,0.07662,-0.108406,0.020355,-0.119809,,,
1787980093683,0.08171,-0.07464,-0.24640,0.020431,-0.040233,-0.111859,,,
1787980093683,-0.08020,0.00434,-0.01142,0.137357,0.130672,0.013044,,,
1787980093683,-0.17392,0.02818,-0.03695,0.264059,0.177532,0.110679,,,
1787980093683,-0.06196,0.02739,0.10154,0.212782,0.303250,0.080164,,,
1787980093683,-0.19154,-0.02419,0.31904,-0.048726,0.599814,0.148247,,,
1787980093683,-0.19154,-0.02419,0.31904,-0.048726,0.599814,0.148247,,,
1787980093683,-0.12928,-0.07997,-0.35860,0.182256,0.533942,0.101788,,,
1787980093683,-0.06006,-0.05470,0.16309,0.076147,0.521873,0.063916,,,
1787980093683,0.30318,0.09075,-0.15124,0.278143,0.042492,-0.028883,,,
1787980093683,0.20475,-0.05456,0.40543,-0.180395,-0.014062,-0.085278,,,
